#
# There is insufficient memory for the Java Runtime Environment to continue.
# Native memory allocation (mmap) failed to map 65536 bytes. Error detail: Failed to commit metaspace.
# Possible reasons:
#   The system is out of physical RAM or swap space
#   This process is running with CompressedOops enabled, and the Java Heap may be blocking the growth of the native heap
# Possible solutions:
#   Reduce memory load on the system
#   Increase physical memory or swap space
#   Check if swap backing store is full
#   Decrease Java heap size (-Xmx/-Xms)
#   Decrease number of Java threads
#   Decrease Java thread stack sizes (-Xss)
#   Set larger code cache with -XX:ReservedCodeCacheSize=
#   JVM is running with Unscaled Compressed Oops mode in which the Java heap is
#     placed in the first 4GB address space. The Java Heap base address is the
#     maximum limit for the native heap growth. Please use -XX:HeapBaseMinAddress
#     to set the Java Heap base and to place the Java Heap above 4GB virtual address.
# This output file may be truncated or incomplete.
#
#  Out of Memory Error (virtualSpaceNode.cpp:113), pid=34028, tid=32424
#
# JRE version: OpenJDK Runtime Environment Temurin-21.0.11+10 (21.0.11+10) (build 21.0.11+10-LTS)
# Java VM: OpenJDK 64-Bit Server VM Temurin-21.0.11+10 (21.0.11+10-LTS, mixed mode, sharing, tiered, compressed oops, compressed class ptrs, g1 gc, windows-amd64)
# No core dump will be written. Minidumps are not enabled by default on client versions of Windows
#

---------------  S U M M A R Y ------------

Command Line: --add-opens=java.base/java.util=ALL-UNNAMED --add-opens=java.base/java.lang=ALL-UNNAMED --add-opens=java.base/java.lang.invoke=ALL-UNNAMED --add-opens=java.prefs/java.util.prefs=ALL-UNNAMED --add-exports=jdk.compiler/com.sun.tools.javac.api=ALL-UNNAMED --add-exports=jdk.compiler/com.sun.tools.javac.util=ALL-UNNAMED --add-opens=java.base/java.nio.charset=ALL-UNNAMED --add-opens=java.base/java.net=ALL-UNNAMED --add-opens=java.base/java.util.concurrent.atomic=ALL-UNNAMED -XX:MaxMetaspaceSize=384m -XX:+HeapDumpOnOutOfMemoryError -Xms256m -Xmx512m -Dfile.encoding=utf8 -Duser.country=ZW -Duser.language=en -Duser.variant -javaagent:C:\Users\USER\.gradle\wrapper\dists\gradle-8.9-bin\90cnw93cvbtalezasaz0blq0a\gradle-8.9\lib\agents\gradle-instrumentation-agent-8.9.jar org.gradle.launcher.daemon.bootstrap.GradleDaemon 8.9

Host: 13th Gen Intel(R) Core(TM) i3-1315U, 8 cores, 7G,  Windows 11 , 64 bit Build 26100 (10.0.26100.8521)
Time: Tue Jul 14 12:34:36 2026 South Africa Standard Time elapsed time: 38.045602 seconds (0d 0h 0m 38s)

---------------  T H R E A D  ---------------

Current thread (0x0000016ba8f3ac90):  JavaThread "Daemon worker"        [_thread_in_vm, id=32424, stack(0x0000003b71900000,0x0000003b71a00000) (1024K)]

Stack: [0x0000003b71900000,0x0000003b71a00000]
Native frames: (J=compiled Java code, j=interpreted, Vv=VM code, C=native code)
V  [jvm.dll+0x6d7e19]
V  [jvm.dll+0x8b5096]
V  [jvm.dll+0x8b764e]
V  [jvm.dll+0x8b7d33]
V  [jvm.dll+0x284596]
V  [jvm.dll+0x8b0dde]
V  [jvm.dll+0x6795e4]
V  [jvm.dll+0x1e849b]
V  [jvm.dll+0x1e825e]
V  [jvm.dll+0x67bee2]
V  [jvm.dll+0x67bd12]
V  [jvm.dll+0x679fbe]
V  [jvm.dll+0x3c7603]
V  [jvm.dll+0x2118db]
V  [jvm.dll+0x5b65b9]
V  [jvm.dll+0x82f046]
V  [jvm.dll+0x478ec8]
V  [jvm.dll+0x47ecf8]
C  [java.dll+0x17ec]

Java frames: (J=compiled Java code, j=interpreted, Vv=VM code)
J 811  java.lang.ClassLoader.defineClass1(Ljava/lang/ClassLoader;Ljava/lang/String;[BIILjava/security/ProtectionDomain;Ljava/lang/String;)Ljava/lang/Class; java.base@21.0.11 (0 bytes) @ 0x0000016b87b32891 [0x0000016b87b327c0+0x00000000000000d1]
J 1290 c1 java.lang.ClassLoader.defineClass(Ljava/lang/String;[BIILjava/security/ProtectionDomain;)Ljava/lang/Class; java.base@21.0.11 (43 bytes) @ 0x0000016b80245cf4 [0x0000016b802459a0+0x0000000000000354]
J 1047 c1 java.security.SecureClassLoader.defineClass(Ljava/lang/String;[BIILjava/security/CodeSource;)Ljava/lang/Class; java.base@21.0.11 (16 bytes) @ 0x0000016b801bc01c [0x0000016b801bbf40+0x00000000000000dc]
J 1287 c1 java.net.URLClassLoader.defineClass(Ljava/lang/String;Ljdk/internal/loader/Resource;)Ljava/lang/Class; java.base@21.0.11 (224 bytes) @ 0x0000016b8023f644 [0x0000016b8023df00+0x0000000000001744]
J 874 c1 java.net.URLClassLoader$1.run()Ljava/lang/Class; java.base@21.0.11 (81 bytes) @ 0x0000016b8016c0fc [0x0000016b8016b4c0+0x0000000000000c3c]
J 873 c1 java.net.URLClassLoader$1.run()Ljava/lang/Object; java.base@21.0.11 (5 bytes) @ 0x0000016b8016af54 [0x0000016b8016aec0+0x0000000000000094]
J 730 c1 java.security.AccessController.doPrivileged(Ljava/security/PrivilegedExceptionAction;Ljava/security/AccessControlContext;)Ljava/lang/Object; java.base@21.0.11 (26 bytes) @ 0x0000016b8012280c [0x0000016b80122620+0x00000000000001ec]
J 872 c1 java.net.URLClassLoader.findClass(Ljava/lang/String;)Ljava/lang/Class; java.base@21.0.11 (47 bytes) @ 0x0000016b8016a644 [0x0000016b8016a4a0+0x00000000000001a4]
J 812 c1 java.lang.ClassLoader.loadClass(Ljava/lang/String;Z)Ljava/lang/Class; java.base@21.0.11 (121 bytes) @ 0x0000016b80148e24 [0x0000016b80148860+0x00000000000005c4]
J 830 c1 java.lang.ClassLoader.loadClass(Ljava/lang/String;)Ljava/lang/Class; java.base@21.0.11 (7 bytes) @ 0x0000016b80156754 [0x0000016b80156640+0x0000000000000114]
v  ~StubRoutines::call_stub 0x0000016b8753100d
J 811  java.lang.ClassLoader.defineClass1(Ljava/lang/ClassLoader;Ljava/lang/String;[BIILjava/security/ProtectionDomain;Ljava/lang/String;)Ljava/lang/Class; java.base@21.0.11 (0 bytes) @ 0x0000016b87b32891 [0x0000016b87b327c0+0x00000000000000d1]
J 1290 c1 java.lang.ClassLoader.defineClass(Ljava/lang/String;[BIILjava/security/ProtectionDomain;)Ljava/lang/Class; java.base@21.0.11 (43 bytes) @ 0x0000016b80245cf4 [0x0000016b802459a0+0x0000000000000354]
J 1047 c1 java.security.SecureClassLoader.defineClass(Ljava/lang/String;[BIILjava/security/CodeSource;)Ljava/lang/Class; java.base@21.0.11 (16 bytes) @ 0x0000016b801bc01c [0x0000016b801bbf40+0x00000000000000dc]
J 1287 c1 java.net.URLClassLoader.defineClass(Ljava/lang/String;Ljdk/internal/loader/Resource;)Ljava/lang/Class; java.base@21.0.11 (224 bytes) @ 0x0000016b8023f644 [0x0000016b8023df00+0x0000000000001744]
J 874 c1 java.net.URLClassLoader$1.run()Ljava/lang/Class; java.base@21.0.11 (81 bytes) @ 0x0000016b8016c0fc [0x0000016b8016b4c0+0x0000000000000c3c]
J 873 c1 java.net.URLClassLoader$1.run()Ljava/lang/Object; java.base@21.0.11 (5 bytes) @ 0x0000016b8016af54 [0x0000016b8016aec0+0x0000000000000094]
J 730 c1 java.security.AccessController.doPrivileged(Ljava/security/PrivilegedExceptionAction;Ljava/security/AccessControlContext;)Ljava/lang/Object; java.base@21.0.11 (26 bytes) @ 0x0000016b8012280c [0x0000016b80122620+0x00000000000001ec]
J 872 c1 java.net.URLClassLoader.findClass(Ljava/lang/String;)Ljava/lang/Class; java.base@21.0.11 (47 bytes) @ 0x0000016b8016a644 [0x0000016b8016a4a0+0x00000000000001a4]
J 812 c1 java.lang.ClassLoader.loadClass(Ljava/lang/String;Z)Ljava/lang/Class; java.base@21.0.11 (121 bytes) @ 0x0000016b80148e24 [0x0000016b80148860+0x00000000000005c4]
J 830 c1 java.lang.ClassLoader.loadClass(Ljava/lang/String;)Ljava/lang/Class; java.base@21.0.11 (7 bytes) @ 0x0000016b80156754 [0x0000016b80156640+0x0000000000000114]
v  ~StubRoutines::call_stub 0x0000016b8753100d
j  com.google.common.collect.ImmutableListMultimap.builder()Lcom/google/common/collect/ImmutableListMultimap$Builder;+0
j  org.gradle.internal.instantiation.generator.AbstractClassGenerator.<init>(Ljava/util/Collection;Ljava/util/Collection;Lorg/gradle/internal/instantiation/PropertyRoleAnnotationHandler;Lorg/gradle/cache/internal/CrossBuildInMemoryCache;)V+33
j  org.gradle.internal.instantiation.generator.AsmBackedClassGenerator.<init>(ZLjava/lang/String;Ljava/util/Collection;Ljava/util/Collection;Lorg/gradle/internal/instantiation/PropertyRoleAnnotationHandler;Lorg/gradle/cache/internal/CrossBuildInMemoryCache;I)V+8
j  org.gradle.internal.instantiation.generator.AsmBackedClassGenerator.injectOnly(Ljava/util/Collection;Lorg/gradle/internal/instantiation/PropertyRoleAnnotationHandler;Ljava/util/Collection;Lorg/gradle/cache/internal/CrossBuildInMemoryCacheFactory;I)Lorg/gradle/internal/instantiation/generator/ClassGenerator;+25
j  org.gradle.internal.instantiation.generator.DefaultInstantiatorFactory.<init>(Lorg/gradle/cache/internal/CrossBuildInMemoryCacheFactory;Ljava/util/List;Lorg/gradle/internal/instantiation/PropertyRoleAnnotationHandler;)V+36
j  org.gradle.internal.service.scopes.GlobalScopeServices.createInstantiatorFactory(Lorg/gradle/cache/internal/CrossBuildInMemoryCacheFactory;Ljava/util/List;Ljava/util/List;)Lorg/gradle/internal/instantiation/InstantiatorFactory;+14
j  java.lang.invoke.LambdaForm$DMH+0x0000016b900f1c00.invokeVirtual(Ljava/lang/Object;Ljava/lang/Object;Ljava/lang/Object;Ljava/lang/Object;Ljava/lang/Object;)Ljava/lang/Object;+16 java.base@21.0.11
j  java.lang.invoke.LambdaForm$MH+0x0000016b901a5400.invoke(Ljava/lang/Object;Ljava/lang/Object;Ljava/lang/Object;Ljava/lang/Object;Ljava/lang/Object;)Ljava/lang/Object;+87 java.base@21.0.11
j  java.lang.invoke.LambdaForm$MH+0x0000016b900f3000.invokeExact_MT(Ljava/lang/Object;Ljava/lang/Object;Ljava/lang/Object;Ljava/lang/Object;Ljava/lang/Object;Ljava/lang/Object;)Ljava/lang/Object;+24 java.base@21.0.11
j  jdk.internal.reflect.DirectMethodHandleAccessor.invokeImpl(Ljava/lang/Object;[Ljava/lang/Object;)Ljava/lang/Object;+92 java.base@21.0.11
j  jdk.internal.reflect.DirectMethodHandleAccessor.invoke(Ljava/lang/Object;[Ljava/lang/Object;)Ljava/lang/Object;+23 java.base@21.0.11
j  java.lang.reflect.Method.invoke(Ljava/lang/Object;[Ljava/lang/Object;)Ljava/lang/Object;+102 java.base@21.0.11
j  org.gradle.internal.reflect.JavaMethod.invoke(Ljava/lang/Object;[Ljava/lang/Object;)Ljava/lang/Object;+6
j  org.gradle.internal.service.ReflectionBasedServiceMethod.invoke(Ljava/lang/Object;[Ljava/lang/Object;)Ljava/lang/Object;+6
j  org.gradle.internal.service.DefaultServiceRegistry$FactoryMethodService.invokeMethod([Ljava/lang/Object;)Ljava/lang/Object;+9
j  org.gradle.internal.service.DefaultServiceRegistry$FactoryService.createServiceInstance()Ljava/lang/Object;+7
j  org.gradle.internal.service.DefaultServiceRegistry$ManagedObjectServiceProvider.getInstance()Ljava/lang/Object;+24
j  org.gradle.internal.service.DefaultServiceRegistry$SingletonService.get()Ljava/lang/Object;+1
j  org.gradle.internal.service.DefaultServiceRegistry$FactoryService.assembleParameters()[Ljava/lang/Object;+44
j  org.gradle.internal.service.DefaultServiceRegistry$FactoryService.createServiceInstance()Ljava/lang/Object;+1
j  org.gradle.internal.service.DefaultServiceRegistry$ManagedObjectServiceProvider.getInstance()Ljava/lang/Object;+24
j  org.gradle.internal.service.DefaultServiceRegistry$SingletonService.get()Ljava/lang/Object;+1
j  org.gradle.internal.service.DefaultServiceRegistry$FactoryService.assembleParameters()[Ljava/lang/Object;+44
j  org.gradle.internal.service.DefaultServiceRegistry$FactoryService.createServiceInstance()Ljava/lang/Object;+1
j  org.gradle.internal.service.DefaultServiceRegistry$ManagedObjectServiceProvider.getInstance()Ljava/lang/Object;+24
j  org.gradle.internal.service.DefaultServiceRegistry$SingletonService.get()Ljava/lang/Object;+1
j  org.gradle.internal.service.DefaultServiceRegistry.applyConfigureMethod(Lorg/gradle/internal/service/ServiceMethod;Ljava/lang/Object;)V+125
j  org.gradle.internal.service.DefaultServiceRegistry.findProviderMethods(Lorg/gradle/internal/service/ServiceRegistrationProvider;)V+196
j  org.gradle.internal.service.DefaultServiceRegistry.addProvider(Lorg/gradle/internal/service/ServiceRegistrationProvider;)Lorg/gradle/internal/service/DefaultServiceRegistry;+6
j  org.gradle.internal.service.DefaultServiceRegistry$1.addProvider(Lorg/gradle/internal/service/ServiceRegistrationProvider;)V+5
j  org.gradle.internal.service.scopes.GradleUserHomeScopeServices.configure(Lorg/gradle/internal/service/ServiceRegistration;)V+13
j  java.lang.invoke.DirectMethodHandle$Holder.invokeVirtual(Ljava/lang/Object;Ljava/lang/Object;Ljava/lang/Object;)V+11 java.base@21.0.11
j  java.lang.invoke.LambdaForm$MH+0x0000016b9002a400.invoke(Ljava/lang/Object;Ljava/lang/Object;)Ljava/lang/Object;+39 java.base@21.0.11
j  java.lang.invoke.LambdaForm$MH+0x0000016b90029c00.invoke(Ljava/lang/Object;Ljava/lang/Object;Ljava/lang/Object;)Ljava/lang/Object;+45 java.base@21.0.11
J 2369 c1 java.lang.invoke.Invokers$Holder.invokeExact_MT(Ljava/lang/Object;Ljava/lang/Object;Ljava/lang/Object;Ljava/lang/Object;)Ljava/lang/Object; java.base@21.0.11 (24 bytes) @ 0x0000016b80497b44 [0x0000016b804974a0+0x00000000000006a4]
j  java.lang.invoke.MethodHandle.invokeWithArguments([Ljava/lang/Object;)Ljava/lang/Object;+28 java.base@21.0.11
j  org.gradle.internal.service.MethodHandleBasedServiceMethod.invoke(Ljava/lang/Object;[Ljava/lang/Object;)Ljava/lang/Object;+9
j  org.gradle.internal.service.DefaultServiceRegistry.applyConfigureMethod(Lorg/gradle/internal/service/ServiceMethod;Ljava/lang/Object;)V+140
j  org.gradle.internal.service.DefaultServiceRegistry.findProviderMethods(Lorg/gradle/internal/service/ServiceRegistrationProvider;)V+196
j  org.gradle.internal.service.DefaultServiceRegistry.addProvider(Lorg/gradle/internal/service/ServiceRegistrationProvider;)Lorg/gradle/internal/service/DefaultServiceRegistry;+6
j  org.gradle.internal.service.ServiceRegistryBuilder.build()Lorg/gradle/internal/service/ServiceRegistry;+93
j  org.gradle.internal.service.scopes.DefaultGradleUserHomeScopeServiceRegistry.getServicesFor(Ljava/io/File;)Lorg/gradle/internal/service/ServiceRegistry;+152
j  org.gradle.internal.session.BuildSessionState.<init>(Lorg/gradle/internal/service/scopes/GradleUserHomeScopeServiceRegistry;Lorg/gradle/internal/session/CrossBuildSessionState;Lorg/gradle/api/internal/StartParameterInternal;Lorg/gradle/initialization/BuildRequestMetaData;Lorg/gradle/internal/classpath/ClassPath;Lorg/gradle/initialization/BuildCancellationToken;Lorg/gradle/initialization/BuildClientMetaData;Lorg/gradle/initialization/BuildEventConsumer;)V+15
j  org.gradle.internal.buildprocess.execution.BuildSessionLifecycleBuildActionExecutor.execute(Lorg/gradle/internal/invocation/BuildAction;Lorg/gradle/launcher/exec/BuildActionParameters;Lorg/gradle/initialization/BuildRequestContext;)Lorg/gradle/launcher/exec/BuildActionResult;+86
j  org.gradle.internal.buildprocess.execution.BuildSessionLifecycleBuildActionExecutor.execute(Lorg/gradle/internal/invocation/BuildAction;Ljava/lang/Object;Ljava/lang/Object;)Lorg/gradle/launcher/exec/BuildActionResult;+10
j  org.gradle.internal.buildprocess.execution.StartParamsValidatingActionExecutor.execute(Lorg/gradle/internal/invocation/BuildAction;Lorg/gradle/launcher/exec/BuildActionParameters;Lorg/gradle/initialization/BuildRequestContext;)Lorg/gradle/launcher/exec/BuildActionResult;+203
j  org.gradle.internal.buildprocess.execution.StartParamsValidatingActionExecutor.execute(Lorg/gradle/internal/invocation/BuildAction;Ljava/lang/Object;Ljava/lang/Object;)Lorg/gradle/launcher/exec/BuildActionResult;+10
j  org.gradle.internal.buildprocess.execution.SessionFailureReportingActionExecutor.execute(Lorg/gradle/internal/invocation/BuildAction;Lorg/gradle/launcher/exec/BuildActionParameters;Lorg/gradle/initialization/BuildRequestContext;)Lorg/gradle/launcher/exec/BuildActionResult;+7
j  org.gradle.internal.buildprocess.execution.SessionFailureReportingActionExecutor.execute(Lorg/gradle/internal/invocation/BuildAction;Ljava/lang/Object;Ljava/lang/Object;)Lorg/gradle/launcher/exec/BuildActionResult;+10
j  org.gradle.internal.buildprocess.execution.SetupLoggingActionExecutor.execute(Lorg/gradle/internal/invocation/BuildAction;Lorg/gradle/launcher/exec/BuildActionParameters;Lorg/gradle/initialization/BuildRequestContext;)Lorg/gradle/launcher/exec/BuildActionResult;+50
j  org.gradle.internal.buildprocess.execution.SetupLoggingActionExecutor.execute(Lorg/gradle/internal/invocation/BuildAction;Ljava/lang/Object;Ljava/lang/Object;)Lorg/gradle/launcher/exec/BuildActionResult;+10
j  org.gradle.launcher.daemon.server.exec.ExecuteBuild.doBuild(Lorg/gradle/launcher/daemon/server/api/DaemonCommandExecution;Lorg/gradle/launcher/daemon/protocol/Build;)V+147
j  org.gradle.launcher.daemon.server.exec.BuildCommandOnly.execute(Lorg/gradle/launcher/daemon/server/api/DaemonCommandExecution;)V+49
j  org.gradle.launcher.daemon.server.api.DaemonCommandExecution.proceed()Z+23
j  org.gradle.launcher.daemon.server.exec.WatchForDisconnection.execute(Lorg/gradle/launcher/daemon/server/api/DaemonCommandExecution;)V+19
j  org.gradle.launcher.daemon.server.api.DaemonCommandExecution.proceed()Z+23
j  org.gradle.launcher.daemon.server.exec.ResetDeprecationLogger.execute(Lorg/gradle/launcher/daemon/server/api/DaemonCommandExecution;)V+7
j  org.gradle.launcher.daemon.server.api.DaemonCommandExecution.proceed()Z+23
j  org.gradle.launcher.daemon.server.exec.RequestStopIfSingleUsedDaemon.execute(Lorg/gradle/launcher/daemon/server/api/DaemonCommandExecution;)V+33
j  org.gradle.launcher.daemon.server.api.DaemonCommandExecution.proceed()Z+23
j  org.gradle.launcher.daemon.server.exec.ForwardClientInput.lambda$execute$0(Lorg/gradle/launcher/daemon/server/api/DaemonCommandExecution;Lorg/gradle/internal/daemon/clientinput/StdinHandler;)Ljava/lang/Object;+11
j  org.gradle.launcher.daemon.server.exec.ForwardClientInput$$Lambda+0x0000016b9018e230.apply(Ljava/lang/Object;)Ljava/lang/Object;+8
j  org.gradle.internal.daemon.clientinput.ClientInputForwarder.forwardInput(Ljava/util/function/Function;)Ljava/lang/Object;+46
j  org.gradle.launcher.daemon.server.exec.ForwardClientInput.execute(Lorg/gradle/launcher/daemon/server/api/DaemonCommandExecution;)V+10
j  org.gradle.launcher.daemon.server.api.DaemonCommandExecution.proceed()Z+23
j  org.gradle.launcher.daemon.server.exec.LogAndCheckHealth.execute(Lorg/gradle/launcher/daemon/server/api/DaemonCommandExecution;)V+51
j  org.gradle.launcher.daemon.server.api.DaemonCommandExecution.proceed()Z+23
j  org.gradle.launcher.daemon.server.exec.LogToClient.doBuild(Lorg/gradle/launcher/daemon/server/api/DaemonCommandExecution;Lorg/gradle/launcher/daemon/protocol/Build;)V+87
j  org.gradle.launcher.daemon.server.exec.BuildCommandOnly.execute(Lorg/gradle/launcher/daemon/server/api/DaemonCommandExecution;)V+49
j  org.gradle.launcher.daemon.server.api.DaemonCommandExecution.proceed()Z+23
j  org.gradle.launcher.daemon.server.exec.EstablishBuildEnvironment.doBuild(Lorg/gradle/launcher/daemon/server/api/DaemonCommandExecution;Lorg/gradle/launcher/daemon/protocol/Build;)V+356
j  org.gradle.launcher.daemon.server.exec.BuildCommandOnly.execute(Lorg/gradle/launcher/daemon/server/api/DaemonCommandExecution;)V+49
j  org.gradle.launcher.daemon.server.api.DaemonCommandExecution.proceed()Z+23
j  org.gradle.launcher.daemon.server.exec.StartBuildOrRespondWithBusy$1.run()V+44
j  org.gradle.launcher.daemon.server.DaemonStateCoordinator.lambda$runCommand$0(Ljava/lang/Runnable;)V+1
j  org.gradle.launcher.daemon.server.DaemonStateCoordinator$$Lambda+0x0000016b9018aba8.run()V+8
j  org.gradle.internal.concurrent.ExecutorPolicy$CatchAndRecordFailures.onExecute(Ljava/lang/Runnable;)V+1
j  org.gradle.internal.concurrent.AbstractManagedExecutor$1.run()V+25
j  java.util.concurrent.ThreadPoolExecutor.runWorker(Ljava/util/concurrent/ThreadPoolExecutor$Worker;)V+92 java.base@21.0.11
j  java.util.concurrent.ThreadPoolExecutor$Worker.run()V+5 java.base@21.0.11
j  java.lang.Thread.runWith(Ljava/lang/Object;Ljava/lang/Runnable;)V+5 java.base@21.0.11
j  java.lang.Thread.run()V+19 java.base@21.0.11
v  ~StubRoutines::call_stub 0x0000016b8753100d

Compiled method (n/a) 38442  811     n 0       java.lang.ClassLoader::defineClass1 (native)
 total in heap  [0x0000016b87b32610,0x0000016b87b32ba8] = 1432
 relocation     [0x0000016b87b32770,0x0000016b87b327a8] = 56
 main code      [0x0000016b87b327c0,0x0000016b87b32ba1] = 993
 stub code      [0x0000016b87b32ba1,0x0000016b87b32ba8] = 7

[Constant Pool (empty)]

[MachCode]
[Entry Point]
  # {method} {0x0000016b8f434a48} 'defineClass1' '(Ljava/lang/ClassLoader;Ljava/lang/String;[BIILjava/security/ProtectionDomain;Ljava/lang/String;)Ljava/lang/Class;' in 'java/lang/ClassLoader'
  # parm0:    rdx:rdx   = 'java/lang/ClassLoader'
  # parm1:    r8:r8     = 'java/lang/String'
  # parm2:    r9:r9     = '[B'
  # parm3:    rdi       = int
  # parm4:    rsi       = int
  # parm5:    rcx:rcx   = 'java/security/ProtectionDomain'
  # parm6:    [sp+0xa0]   = 'java/lang/String'  (sp of caller)
  0x0000016b87b327c0: 448b 5208 | 49bb 0000 | 008f 6b01 | 0000 4d03 | d349 3bc2 | 0f84 0600 

  0x0000016b87b327d8: ;   {runtime_call ic_miss_stub}
  0x0000016b87b327d8: 0000 e9a1 | bfa4 ff90 
[Verified Entry Point]
  0x0000016b87b327e0: 8984 2400 | 80ff ff55 | 488b ec48 | 81ec 9000 | 0000 6690 | 4181 7f20 | 0100 0000 

  0x0000016b87b327fc: ;   {runtime_call StubRoutines (final stubs)}
  0x0000016b87b327fc: 7405 e89d | 3ca3 ff48 | 837d 1000 | 488d 4510 | 480f 4445 | 1048 8944 | 2440 4889 | 4c24 7048 
  0x0000016b87b3281c: 83f9 0048 | 8d44 2470 | 480f 4444 | 2470 4889 | 4424 3848 | 8974 2430 | 4889 7c24 | 284c 894c 
  0x0000016b87b3283c: 2458 4983 | f900 488d | 4424 5848 | 0f44 4424 | 5848 8944 | 2420 4c89 | 4424 5049 | 83f8 004c 
  0x0000016b87b3285c: 8d4c 2450 | 4c0f 444c | 2450 4889 | 5424 4848 | 83fa 004c | 8d44 2448 | 4c0f 4444 

  0x0000016b87b32878: ;   {oop(a 'java/lang/Class'{0x00000000e07f6a58} = 'java/lang/ClassLoader')}
  0x0000016b87b32878: 2448 49be | 586a 7fe0 | 0000 0000 | 4c89 7424 | 784c 8d74 | 2478 498b | d6c5 f877 

  0x0000016b87b32894: ;   {internal_word}
  0x0000016b87b32894: 49ba 9128 | b387 6b01 | 0000 4d89 | 97a8 0300 | 0049 89a7 | a003 0000 

  0x0000016b87b328ac: ;   {external_word}
  0x0000016b87b328ac: 49ba c66c | 8f5a f97f | 0000 4180 | 3a00 0f84 | 4e00 0000 | 5241 5041 

  0x0000016b87b328c4: ;   {metadata({method} {0x0000016b8f434a48} 'defineClass1' '(Ljava/lang/ClassLoader;Ljava/lang/String;[BIILjava/security/ProtectionDomain;Ljava/lang/String;)Ljava/lang/Class;' in 'java/lang/ClassLoader')}
  0x0000016b87b328c4: 5148 ba40 | 4a43 8f6b | 0100 0049 | 8bcf 4883 | ec20 40f6 | c40f 0f84 | 1900 0000 | 4883 ec08 
  0x0000016b87b328e4: ;   {runtime_call}
  0x0000016b87b328e4: 48b8 20e5 | 385a f97f | 0000 ffd0 | 4883 c408 | e90c 0000 

  0x0000016b87b328f8: ;   {runtime_call}
  0x0000016b87b328f8: 0048 b820 | e538 5af9 | 7f00 00ff | d048 83c4 | 2041 5941 | 585a 498d | 8fc0 0300 | 0041 c787 
  0x0000016b87b32918: 4c04 0000 | 0400 0000 

  0x0000016b87b32920: ;   {runtime_call}
  0x0000016b87b32920: 48b8 ac16 | 5449 fa7f | 0000 ffd0 | c5f8 7741 | c787 4c04 | 0000 0500 | 0000 f083 | 4424 c000 
  0x0000016b87b32940: 493b af50 | 0400 000f | 870e 0000 | 0041 83bf | 4804 0000 | 000f 842b | 0000 00c5 | f877 4889 
  0x0000016b87b32960: 45f8 498b | cf4c 8be4 | 4883 ec20 | 4883 e4f0 

  0x0000016b87b32970: ;   {runtime_call}
  0x0000016b87b32970: 48b8 e053 | 045a f97f | 0000 ffd0 | 498b e44d | 33e4 488b | 45f8 41c7 | 874c 0400 | 0008 0000 
  0x0000016b87b32990: 0041 83bf | c804 0000 | 020f 84d5 

  0x0000016b87b3299c: ;   {external_word}
  0x0000016b87b3299c: 0100 0049 | bac6 6c8f | 5af9 7f00 | 0041 803a | 000f 844c | 0000 0048 

  0x0000016b87b329b4: ;   {metadata({method} {0x0000016b8f434a48} 'defineClass1' '(Ljava/lang/ClassLoader;Ljava/lang/String;[BIILjava/security/ProtectionDomain;Ljava/lang/String;)Ljava/lang/Class;' in 'java/lang/ClassLoader')}
  0x0000016b87b329b4: 8945 f848 | ba40 4a43 | 8f6b 0100 | 0049 8bcf | 4883 ec20 | 40f6 c40f | 0f84 1900 | 0000 4883 
  0x0000016b87b329d4: ;   {runtime_call}
  0x0000016b87b329d4: ec08 48b8 | 20e5 385a | f97f 0000 | ffd0 4883 | c408 e90c 

  0x0000016b87b329e8: ;   {runtime_call}
  0x0000016b87b329e8: 0000 0048 | b820 e538 | 5af9 7f00 | 00ff d048 | 83c4 2048 | 8b45 f849 | c787 a003 | 0000 0000 
  0x0000016b87b32a08: 0000 49c7 | 87a8 0300 | 0000 0000 | 00c5 f877 | 4885 c00f | 8430 0100 | 00a8 030f | 8508 0000 
  0x0000016b87b32a28: 0048 8b00 | e920 0100 | 00a8 010f | 8509 0000 | 0048 8b40 | fee9 0f01 | 0000 488b | 40ff 4180 
  0x0000016b87b32a48: 7f40 000f | 8400 0100 | 0048 83f8 | 000f 84f6 | 0000 0049 | 8b4f 2848 | 83f9 000f | 8414 0000 
  0x0000016b87b32a68: 0048 83e9 | 0849 894f | 2849 034f | 3848 8901 | e9d4 0000 | 0048 83ec | 7048 8904 | 2448 894c 
  0x0000016b87b32a88: 2408 4889 | 5424 104c | 8944 2418 | 4c89 4c24 | 204c 8954 | 2428 4c89 | 5c24 30c5 | fb11 4424 
  0x0000016b87b32aa8: 40c5 fb11 | 4c24 48c5 | fb11 5424 | 50c5 fb11 | 5c24 58c5 | fb11 6424 | 60c5 fb11 | 6c24 6849 
  0x0000016b87b32ac8: 8bd7 488b | c848 83ec | 2040 f6c4 | 0f0f 8419 | 0000 0048 

  0x0000016b87b32adc: ;   {runtime_call}
  0x0000016b87b32adc: 83ec 0848 | b860 a3f7 | 59f9 7f00 | 00ff d048 | 83c4 08e9 | 0c00 0000 

  0x0000016b87b32af4: ;   {runtime_call}
  0x0000016b87b32af4: 48b8 60a3 | f759 f97f | 0000 ffd0 | 4883 c420 | c5fb 106c | 2468 c5fb | 1064 2460 | c5fb 105c 
  0x0000016b87b32b14: 2458 c5fb | 1054 2450 | c5fb 104c | 2448 c5fb | 1044 2440 | 4c8b 5c24 | 304c 8b54 | 2428 4c8b 
  0x0000016b87b32b34: 4c24 204c | 8b44 2418 | 488b 5424 | 1048 8b4c | 2408 488b | 0424 4883 | c470 c5f8 | 7749 8b8f 
  0x0000016b87b32b54: 3004 0000 | c781 0001 | 0000 0000 | 0000 c949 | 837f 0800 | 0f85 0100 

  0x0000016b87b32b6c: ;   {runtime_call StubRoutines (initial stubs)}
  0x0000016b87b32b6c: 0000 c3e9 | 8ce3 9fff | c5f8 7748 | 8945 f84c | 8be4 4883 | ec20 4883 

  0x0000016b87b32b84: ;   {runtime_call}
  0x0000016b87b32b84: e4f0 48b8 | 701c 395a | f97f 0000 | ffd0 498b | e44d 33e4 | 488b 45f8 | e9fe fdff | fff4 f4f4 
  0x0000016b87b32ba4: f4f4 f4f4 
[/MachCode]


Compiled method (c1) 38600 1290       3       java.lang.ClassLoader::defineClass (43 bytes)
 total in heap  [0x0000016b80245790,0x0000016b802460e0] = 2384
 relocation     [0x0000016b802458f0,0x0000016b80245990] = 160
 main code      [0x0000016b802459a0,0x0000016b80245e38] = 1176
 stub code      [0x0000016b80245e38,0x0000016b80245eb0] = 120
 metadata       [0x0000016b80245eb0,0x0000016b80245ee0] = 48
 scopes data    [0x0000016b80245ee0,0x0000016b80245fd0] = 240
 scopes pcs     [0x0000016b80245fd0,0x0000016b802460b0] = 224
 dependencies   [0x0000016b802460b0,0x0000016b802460b8] = 8
 nul chk table  [0x0000016b802460b8,0x0000016b802460e0] = 40

[Constant Pool (empty)]

[MachCode]
[Entry Point]
  # {method} {0x0000016b8f434dc8} 'defineClass' '(Ljava/lang/String;[BIILjava/security/ProtectionDomain;)Ljava/lang/Class;' in 'java/lang/ClassLoader'
  # this:     rdx:rdx   = 'java/lang/ClassLoader'
  # parm0:    r8:r8     = 'java/lang/String'
  # parm1:    r9:r9     = '[B'
  # parm2:    rdi       = int
  # parm3:    rsi       = int
  # parm4:    rcx:rcx   = 'java/security/ProtectionDomain'
  #           [sp+0xc0]  (sp of caller)
  0x0000016b802459a0: 448b 5208 | 49bb 0000 | 008f 6b01 | 0000 4d03 | d34c 3bd0 

  0x0000016b802459b4: ;   {runtime_call ic_miss_stub}
  0x0000016b802459b4: 0f85 c68d | 3307 660f | 1f44 0000 
[Verified Entry Point]
  0x0000016b802459c0: 8984 2400 | 80ff ff55 | 4881 ecb0 | 0000 0090 | 4181 7f20 | 0100 0000 

  0x0000016b802459d8: ;   {runtime_call StubRoutines (final stubs)}
  0x0000016b802459d8: 7405 e8c1 | 0a32 0748 | 8954 2478 

  0x0000016b802459e4: ;   {metadata(method data for {method} {0x0000016b8f434dc8} 'defineClass' '(Ljava/lang/String;[BIILjava/security/ProtectionDomain;)Ljava/lang/Class;' in 'java/lang/ClassLoader')}
  0x0000016b802459e4: 48bb 90d1 | 17a4 6b01 | 0000 8b83 | cc00 0000 | 83c0 0289 | 83cc 0000 | 0025 fe07 | 0000 85c0 
  0x0000016b80245a04: 0f84 5003 | 0000 89b4 | 2494 0000 | 0089 bc24 | 9000 0000 | 4c89 8c24 | 8800 0000 

  0x0000016b80245a20: ;   {metadata(method data for {method} {0x0000016b8f434dc8} 'defineClass' '(Ljava/lang/String;[BIILjava/security/ProtectionDomain;)Ljava/lang/Class;' in 'java/lang/ClassLoader')}
  0x0000016b80245a20: 488b da48 | b890 d117 | a46b 0100 | 0048 8380 | 1001 0000 | 0149 8bd8 | 4c8b c34c | 8bc9 488b 
  0x0000016b80245a40: ca48 8bd1 | 4889 9c24 | 8000 0000 

  0x0000016b80245a4c: ;   {optimized virtual_call}
  0x0000016b80245a4c: 6666 90e8 

  0x0000016b80245a50: ; ImmutableOopMap {[120]=Oop [128]=Oop [136]=Oop }
                      ;*invokevirtual preDefineClass {reexecute=0 rethrow=0 return_oop=0}
                      ; - java.lang.ClassLoader::defineClass@4
  0x0000016b80245a50: 4ccc feff 

  0x0000016b80245a54: ;   {other}
  0x0000016b80245a54: 0f1f 8400 | c402 0000 | 4889 8424 | 9800 0000 | 488b 5424 

  0x0000016b80245a68: ;   {metadata(method data for {method} {0x0000016b8f434dc8} 'defineClass' '(Ljava/lang/String;[BIILjava/security/ProtectionDomain;)Ljava/lang/Class;' in 'java/lang/ClassLoader')}
  0x0000016b80245a68: 7849 b890 | d117 a46b | 0100 0049 | 8380 4801 

  0x0000016b80245a78: ;   {metadata(method data for {method} {0x0000016b8f434ab0} 'defineClassSourceLocation' '(Ljava/security/ProtectionDomain;)Ljava/lang/String;' in 'java/lang/ClassLoader')}
  0x0000016b80245a78: 0000 0149 | b8d0 8a1b | a46b 0100 | 0041 8b90 | cc00 0000 | 83c2 0241 | 8990 cc00 | 0000 81e2 
  0x0000016b80245a98: feff 1f00 | 85d2 0f84 | d702 0000 

  0x0000016b80245aa4: ; implicit exception: dispatches to 0x0000016b80245d9c
  0x0000016b80245aa4: 483b 004c 

  0x0000016b80245aa8: ;   {metadata(method data for {method} {0x0000016b8f434ab0} 'defineClassSourceLocation' '(Ljava/security/ProtectionDomain;)Ljava/lang/String;' in 'java/lang/ClassLoader')}
  0x0000016b80245aa8: 8bc0 48ba | d08a 1ba4 | 6b01 0000 | 4883 8210 | 0100 0001 | 448b 4010 

  0x0000016b80245ac0: ;   {metadata(method data for {method} {0x0000016b8f434ab0} 'defineClassSourceLocation' '(Ljava/security/ProtectionDomain;)Ljava/lang/String;' in 'java/lang/ClassLoader')}
  0x0000016b80245ac0: 4d85 c048 | bad0 8a1b | a46b 0100 | 0048 c7c6 | 5801 0000 | 7507 48c7 | c648 0100 | 0048 8b3c 
  0x0000016b80245ae0: 3248 8d7f | 0148 893c | 320f 850f 

  0x0000016b80245aec: ;   {oop(nullptr)}
  0x0000016b80245aec: 0000 0048 | bb00 0000 | 0000 0000 | 00e9 a101 | 0000 493b | 0049 8bd0 

  0x0000016b80245b04: ;   {metadata(method data for {method} {0x0000016b8f434ab0} 'defineClassSourceLocation' '(Ljava/security/ProtectionDomain;)Ljava/lang/String;' in 'java/lang/ClassLoader')}
  0x0000016b80245b04: 48be d08a | 1ba4 6b01 | 0000 4883 | 8668 0100 | 0001 418b | 500c 4885 

  0x0000016b80245b1c: ;   {metadata(method data for {method} {0x0000016b8f434ab0} 'defineClassSourceLocation' '(Ljava/security/ProtectionDomain;)Ljava/lang/String;' in 'java/lang/ClassLoader')}
  0x0000016b80245b1c: d248 bed0 | 8a1b a46b | 0100 0048 | c7c7 b001 | 0000 7507 | 48c7 c7a0 | 0100 0048 | 8b1c 3e48 
  0x0000016b80245b3c: 8d5b 0148 | 891c 3e0f | 850f 0000 

  0x0000016b80245b48: ;   {oop(nullptr)}
  0x0000016b80245b48: 0048 bb00 | 0000 0000 | 0000 00e9 | 4701 0000 

  0x0000016b80245b58: ;   {metadata(method data for {method} {0x0000016b8f434ab0} 'defineClassSourceLocation' '(Ljava/security/ProtectionDomain;)Ljava/lang/String;' in 'java/lang/ClassLoader')}
  0x0000016b80245b58: 48be d08a | 1ba4 6b01 | 0000 4883 | 86c0 0100 | 0001 483b | 024c 8bc2 

  0x0000016b80245b70: ;   {metadata(method data for {method} {0x0000016b8f434ab0} 'defineClassSourceLocation' '(Ljava/security/ProtectionDomain;)Ljava/lang/String;' in 'java/lang/ClassLoader')}
  0x0000016b80245b70: 48be d08a | 1ba4 6b01 | 0000 4883 | 86f8 0100 

  0x0000016b80245b80: ;   {metadata(method data for {method} {0x0000016b8f01abf0} 'toString' '()Ljava/lang/String;' in 'java/net/URL')}
  0x0000016b80245b80: 0001 49b8 | 4014 0ea4 | 6b01 0000 | 418b b0cc | 0000 0083 | c602 4189 | b0cc 0000 | 0081 e6fe 
  0x0000016b80245ba0: ff1f 0085 | f60f 8400 | 0200 004c 

  0x0000016b80245bac: ;   {metadata(method data for {method} {0x0000016b8f01abf0} 'toString' '()Ljava/lang/String;' in 'java/net/URL')}
  0x0000016b80245bac: 8bc2 48be | 4014 0ea4 | 6b01 0000 | 4883 8610 | 0100 0001 

  0x0000016b80245bc0: ;   {metadata(method data for {method} {0x0000016b8f428650} 'toExternalForm' '()Ljava/lang/String;' in 'java/net/URL')}
  0x0000016b80245bc0: 49b8 c815 | 0ea4 6b01 | 0000 418b | b0cc 0000 | 0083 c602 | 4189 b0cc | 0000 0081 | e6fe ff1f 
  0x0000016b80245be0: 0085 f60f | 84e3 0100 | 008b 7238 

  0x0000016b80245bec: ; implicit exception: dispatches to 0x0000016b80245ded
  0x0000016b80245bec: 483b 064c 

  0x0000016b80245bf0: ;   {metadata(method data for {method} {0x0000016b8f428650} 'toExternalForm' '()Ljava/lang/String;' in 'java/net/URL')}
  0x0000016b80245bf0: 8bc6 48bf | c815 0ea4 | 6b01 0000 | 458b 4008 | 49ba 0000 | 008f 6b01 | 0000 4d03 | c24c 3b87 
  0x0000016b80245c10: 2001 0000 | 750d 4883 | 8728 0100 | 0001 e960 | 0000 004c | 3b87 3001 | 0000 750d | 4883 8738 
  0x0000016b80245c30: 0100 0001 | e94a 0000 | 0048 83bf | 2001 0000 | 0075 174c | 8987 2001 | 0000 48c7 | 8728 0100 
  0x0000016b80245c50: 0001 0000 | 00e9 2900 | 0000 4883 | bf30 0100 | 0000 7517 | 4c89 8730 | 0100 0048 | c787 3801 
  0x0000016b80245c70: 0000 0100 | 0000 e908 | 0000 0048 | 8387 1001 | 0000 014c | 8bc2 488b | d666 0f1f 

  0x0000016b80245c8c: ;   {optimized virtual_call}
  0x0000016b80245c8c: 4400 00e8 

  0x0000016b80245c90: ; ImmutableOopMap {[120]=Oop [128]=Oop [136]=Oop [152]=Oop }
                      ;*invokevirtual toExternalForm {reexecute=0 rethrow=0 return_oop=0}
                      ; - java.net.URL::toExternalForm@5
                      ; - java.net.URL::toString@1
                      ; - java.lang.ClassLoader::defineClassSourceLocation@22
                      ; - java.lang.ClassLoader::defineClass@12
  0x0000016b80245c90: 8c54 f3ff 

  0x0000016b80245c94: ;   {other}
  0x0000016b80245c94: 0f1f 8400 | 0405 0001 | 488b d848 | 8b84 2498 | 0000 008b | b424 9400 | 0000 8bbc | 2490 0000 
  0x0000016b80245cb4: 004c 8b8c | 2488 0000 | 004c 8b84 | 2480 0000 | 0048 8b54 

  0x0000016b80245cc8: ;   {metadata(method data for {method} {0x0000016b8f434dc8} 'defineClass' '(Ljava/lang/String;[BIILjava/security/ProtectionDomain;)Ljava/lang/Class;' in 'java/lang/ClassLoader')}
  0x0000016b80245cc8: 2478 48b9 | 90d1 17a4 | 6b01 0000 | 4883 8180 | 0100 0001 | 4c8b da49 | 8bd3 488b | c848 891c 
  0x0000016b80245ce8: 2466 0f1f 

  0x0000016b80245cec: ;   {static_call}
  0x0000016b80245cec: 4400 00e8 

  0x0000016b80245cf0: ; ImmutableOopMap {[120]=Oop [152]=Oop }
                      ;*invokestatic defineClass1 {reexecute=0 rethrow=0 return_oop=0}
                      ; - java.lang.ClassLoader::defineClass@27
  0x0000016b80245cf0: ecca 8e07 

  0x0000016b80245cf4: ;   {other}
  0x0000016b80245cf4: 0f1f 8400 | 6405 0002 | 488b 5424 

  0x0000016b80245d00: ;   {metadata(method data for {method} {0x0000016b8f434dc8} 'defineClass' '(Ljava/lang/String;[BIILjava/security/ProtectionDomain;)Ljava/lang/Class;' in 'java/lang/ClassLoader')}
  0x0000016b80245d00: 7849 b890 | d117 a46b | 0100 0049 | 8380 9001 | 0000 014c | 8bc0 4c8b | 8c24 9800 | 0000 488b 
  0x0000016b80245d20: 5424 7848 | 8984 24a0 | 0000 000f 

  0x0000016b80245d2c: ;   {optimized virtual_call}
  0x0000016b80245d2c: 1f40 00e8 

  0x0000016b80245d30: ; ImmutableOopMap {[160]=Oop }
                      ;*invokevirtual postDefineClass {reexecute=0 rethrow=0 return_oop=0}
                      ; - java.lang.ClassLoader::defineClass@37
  0x0000016b80245d30: 6cf2 f4ff 

  0x0000016b80245d34: ;   {other}
  0x0000016b80245d34: 0f1f 8400 | a405 0003 | 488b 8424 | a000 0000 | 4881 c4b0 | 0000 005d 

  0x0000016b80245d4c: ;   {poll_return}
  0x0000016b80245d4c: 493b a750 | 0400 000f | 8799 0000 

  0x0000016b80245d58: ;   {metadata({method} {0x0000016b8f434dc8} 'defineClass' '(Ljava/lang/String;[BIILjava/security/ProtectionDomain;)Ljava/lang/Class;' in 'java/lang/ClassLoader')}
  0x0000016b80245d58: 00c3 49ba | c04d 438f | 6b01 0000 | 4c89 5424 | 0848 c704 | 24ff ffff 

  0x0000016b80245d70: ;   {runtime_call counter_overflow Runtime1 stub}
  0x0000016b80245d70: ffe8 0a12 

  0x0000016b80245d74: ; ImmutableOopMap {rdx=Oop r8=Oop r9=Oop rcx=Oop [120]=Oop }
                      ;*synchronization entry
                      ; - java.lang.ClassLoader::defineClass@-1
  0x0000016b80245d74: 4007 e98f 

  0x0000016b80245d78: ;   {metadata({method} {0x0000016b8f434ab0} 'defineClassSourceLocation' '(Ljava/security/ProtectionDomain;)Ljava/lang/String;' in 'java/lang/ClassLoader')}
  0x0000016b80245d78: fcff ff49 | baa8 4a43 | 8f6b 0100 | 004c 8954 | 2408 48c7 | 0424 ffff 

  0x0000016b80245d90: ;   {runtime_call counter_overflow Runtime1 stub}
  0x0000016b80245d90: ffff e8e9 

  0x0000016b80245d94: ; ImmutableOopMap {rax=Oop [120]=Oop [128]=Oop [136]=Oop [152]=Oop }
                      ;*synchronization entry
                      ; - java.lang.ClassLoader::defineClassSourceLocation@-1
                      ; - java.lang.ClassLoader::defineClass@12
  0x0000016b80245d94: 1140 07e9 | 08fd ffff 

  0x0000016b80245d9c: ;   {runtime_call throw_null_pointer_exception Runtime1 stub}
  0x0000016b80245d9c: e85f c736 

  0x0000016b80245da0: ; ImmutableOopMap {rax=Oop [120]=Oop [128]=Oop [136]=Oop [152]=Oop }
                      ;*invokevirtual getCodeSource {reexecute=0 rethrow=0 return_oop=0}
                      ; - java.lang.ClassLoader::defineClassSourceLocation@1
                      ; - java.lang.ClassLoader::defineClass@12
                      ;   {runtime_call throw_null_pointer_exception Runtime1 stub}
  0x0000016b80245da0: 07e8 5ac7 

  0x0000016b80245da4: ; ImmutableOopMap {rax=Oop r8=Oop [120]=Oop [128]=Oop [136]=Oop [152]=Oop }
                      ;*invokevirtual getLocation {reexecute=0 rethrow=0 return_oop=0}
                      ; - java.lang.ClassLoader::defineClassSourceLocation@12
                      ; - java.lang.ClassLoader::defineClass@12
                      ;   {runtime_call throw_null_pointer_exception Runtime1 stub}
  0x0000016b80245da4: 3607 e855 

  0x0000016b80245da8: ; ImmutableOopMap {rdx=Oop [120]=Oop [128]=Oop [136]=Oop [152]=Oop }
                      ;*invokevirtual toString {reexecute=0 rethrow=0 return_oop=0}
                      ; - java.lang.ClassLoader::defineClassSourceLocation@22
                      ; - java.lang.ClassLoader::defineClass@12
                      ;   {metadata({method} {0x0000016b8f01abf0} 'toString' '()Ljava/lang/String;' in 'java/net/URL')}
  0x0000016b80245da8: c736 0749 | bae8 ab01 | 8f6b 0100 | 004c 8954 | 2408 48c7 | 0424 ffff 

  0x0000016b80245dc0: ;   {runtime_call counter_overflow Runtime1 stub}
  0x0000016b80245dc0: ffff e8b9 

  0x0000016b80245dc4: ; ImmutableOopMap {rdx=Oop [120]=Oop [128]=Oop [136]=Oop [152]=Oop }
                      ;*synchronization entry
                      ; - java.net.URL::toString@-1
                      ; - java.lang.ClassLoader::defineClassSourceLocation@22
                      ; - java.lang.ClassLoader::defineClass@12
  0x0000016b80245dc4: 1140 07e9 | dffd ffff 

  0x0000016b80245dcc: ;   {metadata({method} {0x0000016b8f428650} 'toExternalForm' '()Ljava/lang/String;' in 'java/net/URL')}
  0x0000016b80245dcc: 49ba 4886 | 428f 6b01 | 0000 4c89 | 5424 0848 | c704 24ff 

  0x0000016b80245de0: ;   {runtime_call counter_overflow Runtime1 stub}
  0x0000016b80245de0: ffff ffe8 

  0x0000016b80245de4: ; ImmutableOopMap {rdx=Oop [120]=Oop [128]=Oop [136]=Oop [152]=Oop }
                      ;*synchronization entry
                      ; - java.net.URL::toExternalForm@-1
                      ; - java.net.URL::toString@1
                      ; - java.lang.ClassLoader::defineClassSourceLocation@22
                      ; - java.lang.ClassLoader::defineClass@12
  0x0000016b80245de4: 9811 4007 | e9fc fdff 

  0x0000016b80245dec: ;   {runtime_call throw_null_pointer_exception Runtime1 stub}
  0x0000016b80245dec: ffe8 0ec7 

  0x0000016b80245df0: ; ImmutableOopMap {rdx=Oop rsi=Oop [120]=Oop [128]=Oop [136]=Oop [152]=Oop }
                      ;*invokevirtual toExternalForm {reexecute=0 rethrow=0 return_oop=0}
                      ; - java.net.URL::toExternalForm@5
                      ; - java.net.URL::toString@1
                      ; - java.lang.ClassLoader::defineClassSourceLocation@22
                      ; - java.lang.ClassLoader::defineClass@12
                      ;   {internal_word}
  0x0000016b80245df0: 3607 49ba | 4c5d 2480 | 6b01 0000 | 4d89 9768 

  0x0000016b80245e00: ;   {runtime_call SafepointBlob}
  0x0000016b80245e00: 0400 00e9 | 78f6 3307 | 498b 8700 | 0500 0049 | c787 0005 | 0000 0000 | 0000 49c7 | 8708 0500 
  0x0000016b80245e20: 0000 0000 | 0048 81c4 | b000 0000 

  0x0000016b80245e2c: ;   {runtime_call unwind_exception Runtime1 stub}
  0x0000016b80245e2c: 5de9 ced5 | 3607 f4f4 | f4f4 f4f4 
[Stub Code]
  0x0000016b80245e38: ;   {no_reloc}
  0x0000016b80245e38: 0f1f 4400 

  0x0000016b80245e3c: ;   {static_stub}
  0x0000016b80245e3c: 0048 bb00 | 0000 0000 

  0x0000016b80245e44: ;   {runtime_call nmethod}
  0x0000016b80245e44: 0000 00e9 | fbff ffff 

  0x0000016b80245e4c: ;   {static_stub}
  0x0000016b80245e4c: 48bb 0000 | 0000 0000 

  0x0000016b80245e54: ;   {runtime_call nmethod}
  0x0000016b80245e54: 0000 e9fb 

  0x0000016b80245e58: ;   {static_stub}
  0x0000016b80245e58: ffff ff48 | bb00 0000 | 0000 0000 

  0x0000016b80245e64: ;   {runtime_call nmethod}
  0x0000016b80245e64: 00e9 fbff 

  0x0000016b80245e68: ;   {static_stub}
  0x0000016b80245e68: ffff 48bb | 0000 0000 | 0000 0000 

  0x0000016b80245e74: ;   {runtime_call nmethod}
  0x0000016b80245e74: e9fb ffff 

  0x0000016b80245e78: ;   {runtime_call handle_exception_from_callee Runtime1 stub}
  0x0000016b80245e78: ffe8 02de 

  0x0000016b80245e7c: ;   {external_word}
  0x0000016b80245e7c: 3f07 48b9 | 4063 655a | f97f 0000 | 4883 e4f0 

  0x0000016b80245e8c: ;   {runtime_call}
  0x0000016b80245e8c: 48b8 d0c4 | 275a f97f | 0000 ffd0 

  0x0000016b80245e98: ;   {section_word}
  0x0000016b80245e98: f449 ba99 | 5e24 806b | 0100 0041 

  0x0000016b80245ea4: ;   {runtime_call DeoptimizationBlob}
  0x0000016b80245ea4: 52e9 76e8 | 3307 f4f4 | f4f4 f4f4 
[/MachCode]


Compiled method (c1) 38642 1047       3       java.security.SecureClassLoader::defineClass (16 bytes)
 total in heap  [0x0000016b801bbd90,0x0000016b801bc190] = 1024
 relocation     [0x0000016b801bbef0,0x0000016b801bbf40] = 80
 main code      [0x0000016b801bbf40,0x0000016b801bc098] = 344
 stub code      [0x0000016b801bc098,0x0000016b801bc0e8] = 80
 metadata       [0x0000016b801bc0e8,0x0000016b801bc0f0] = 8
 scopes data    [0x0000016b801bc0f0,0x0000016b801bc138] = 72
 scopes pcs     [0x0000016b801bc138,0x0000016b801bc188] = 80
 dependencies   [0x0000016b801bc188,0x0000016b801bc190] = 8

[Constant Pool (empty)]

[MachCode]
[Entry Point]
  # {method} {0x0000016b8f04e0e8} 'defineClass' '(Ljava/lang/String;[BIILjava/security/CodeSource;)Ljava/lang/Class;' in 'java/security/SecureClassLoader'
  # this:     rdx:rdx   = 'java/security/SecureClassLoader'
  # parm0:    r8:r8     = 'java/lang/String'
  # parm1:    r9:r9     = '[B'
  # parm2:    rdi       = int
  # parm3:    rsi       = int
  # parm4:    rcx:rcx   = 'java/security/CodeSource'
  #           [sp+0x80]  (sp of caller)
  0x0000016b801bbf40: 448b 5208 | 49bb 0000 | 008f 6b01 | 0000 4d03 | d34c 3bd0 

  0x0000016b801bbf54: ;   {runtime_call ic_miss_stub}
  0x0000016b801bbf54: 0f85 2628 | 3c07 660f | 1f44 0000 
[Verified Entry Point]
  0x0000016b801bbf60: 8984 2400 | 80ff ff55 | 4883 ec70 | 4181 7f20 | 0100 0000 

  0x0000016b801bbf74: ;   {runtime_call StubRoutines (final stubs)}
  0x0000016b801bbf74: 7405 e825 

  0x0000016b801bbf78: ;   {metadata(method data for {method} {0x0000016b8f04e0e8} 'defineClass' '(Ljava/lang/String;[BIILjava/security/CodeSource;)Ljava/lang/Class;' in 'java/security/SecureClassLoader')}
  0x0000016b801bbf78: a53a 0748 | bb28 9e16 | a46b 0100 | 008b 83cc | 0000 0083 | c002 8983 | cc00 0000 | 25fe 0700 
  0x0000016b801bbf98: 0085 c00f | 8496 0000 | 0089 7424 | 5c89 7c24 | 584c 894c | 2450 4c89 | 4424 4848 

  0x0000016b801bbfb4: ;   {metadata(method data for {method} {0x0000016b8f04e0e8} 'defineClass' '(Ljava/lang/String;[BIILjava/security/CodeSource;)Ljava/lang/Class;' in 'java/security/SecureClassLoader')}
  0x0000016b801bbfb4: 8bda 48b8 | 289e 16a4 | 6b01 0000 | 4883 8010 | 0100 0001 | 4c8b c148 | 8bc2 488b | d048 8944 
  0x0000016b801bbfd4: ;   {optimized virtual_call}
  0x0000016b801bbfd4: 2440 90e8 

  0x0000016b801bbfd8: ; ImmutableOopMap {[64]=Oop [72]=Oop [80]=Oop }
                      ;*invokevirtual getProtectionDomain {reexecute=0 rethrow=0 return_oop=0}
                      ; - java.security.SecureClassLoader::defineClass@9
  0x0000016b801bbfd8: 448f 0800 

  0x0000016b801bbfdc: ;   {other}
  0x0000016b801bbfdc: 0f1f 8400 | 4c02 0000 | 488b 5424 

  0x0000016b801bbfe8: ;   {metadata(method data for {method} {0x0000016b8f04e0e8} 'defineClass' '(Ljava/lang/String;[BIILjava/security/CodeSource;)Ljava/lang/Class;' in 'java/security/SecureClassLoader')}
  0x0000016b801bbfe8: 4049 b828 | 9e16 a46b | 0100 0049 | 8380 4801 | 0000 014c | 8b44 2448 | 4c8b 4c24 | 508b 7c24 
  0x0000016b801bc008: 588b 7424 | 5c48 8bc8 | 488b 5424 

  0x0000016b801bc014: ;   {optimized virtual_call}
  0x0000016b801bc014: 4066 90e8 

  0x0000016b801bc018: ; ImmutableOopMap {}
                      ;*invokevirtual defineClass {reexecute=0 rethrow=0 return_oop=0}
                      ; - java.security.SecureClassLoader::defineClass@12
  0x0000016b801bc018: a499 0800 

  0x0000016b801bc01c: ;   {other}
  0x0000016b801bc01c: 0f1f 8400 | 8c02 0001 | 4883 c470 

  0x0000016b801bc028: ;   {poll_return}
  0x0000016b801bc028: 5d49 3ba7 | 5004 0000 | 0f87 2200 

  0x0000016b801bc034: ;   {metadata({method} {0x0000016b8f04e0e8} 'defineClass' '(Ljava/lang/String;[BIILjava/security/CodeSource;)Ljava/lang/Class;' in 'java/security/SecureClassLoader')}
  0x0000016b801bc034: 0000 c349 | bae0 e004 | 8f6b 0100 | 004c 8954 | 2408 48c7 | 0424 ffff 

  0x0000016b801bc04c: ;   {runtime_call counter_overflow Runtime1 stub}
  0x0000016b801bc04c: ffff e82d 

  0x0000016b801bc050: ; ImmutableOopMap {rdx=Oop r8=Oop r9=Oop rcx=Oop }
                      ;*synchronization entry
                      ; - java.security.SecureClassLoader::defineClass@-1
  0x0000016b801bc050: af48 07e9 | 49ff ffff 

  0x0000016b801bc058: ;   {internal_word}
  0x0000016b801bc058: 49ba 29c0 | 1b80 6b01 | 0000 4d89 | 9768 0400 

  0x0000016b801bc068: ;   {runtime_call SafepointBlob}
  0x0000016b801bc068: 00e9 1294 | 3c07 498b | 8700 0500 | 0049 c787 | 0005 0000 | 0000 0000 | 49c7 8708 | 0500 0000 
  0x0000016b801bc088: 0000 0048 | 83c4 705d 

  0x0000016b801bc090: ;   {runtime_call unwind_exception Runtime1 stub}
  0x0000016b801bc090: e96b 733f | 07f4 f4f4 
[Stub Code]
  0x0000016b801bc098: ;   {no_reloc}
  0x0000016b801bc098: 48bb 30e0 | 048f 6b01 

  0x0000016b801bc0a0: ;   {runtime_call I2C/C2I adapters}
  0x0000016b801bc0a0: 0000 e940 

  0x0000016b801bc0a4: ;   {static_stub}
  0x0000016b801bc0a4: 7f3c 0748 | bbc0 4d43 | 8f6b 0100 

  0x0000016b801bc0b0: ;   {runtime_call I2C/C2I adapters}
  0x0000016b801bc0b0: 00e9 3f65 

  0x0000016b801bc0b4: ;   {runtime_call handle_exception_from_callee Runtime1 stub}
  0x0000016b801bc0b4: 3b07 e8c5 

  0x0000016b801bc0b8: ;   {external_word}
  0x0000016b801bc0b8: 7b48 0748 | b940 6365 | 5af9 7f00 | 0048 83e4 

  0x0000016b801bc0c8: ;   {runtime_call}
  0x0000016b801bc0c8: f048 b8d0 | c427 5af9 | 7f00 00ff 

  0x0000016b801bc0d4: ;   {section_word}
  0x0000016b801bc0d4: d0f4 49ba | d6c0 1b80 | 6b01 0000 

  0x0000016b801bc0e0: ;   {runtime_call DeoptimizationBlob}
  0x0000016b801bc0e0: 4152 e939 | 863c 07f4 
[/MachCode]


---------------  P R O C E S S  ---------------

Threads class SMR info:
_java_thread_list=0x0000016ba8f1a440, length=21, elements={
0x0000016bf7f5b410, 0x0000016bfe8ee680, 0x0000016bfe8f32b0, 0x0000016bfe8f7ed0,
0x0000016bfe8f8930, 0x0000016bfe8f9390, 0x0000016bfe8f9df0, 0x0000016bfe8fab80,
0x0000016bfe90f6b0, 0x0000016bfeafdef0, 0x0000016bfeb864d0, 0x0000016ba8ceb1e0,
0x0000016ba8f22350, 0x0000016ba8251cb0, 0x0000016ba81fcf90, 0x0000016ba81fd600,
0x0000016ba83dde40, 0x0000016ba8f3ac90, 0x0000016bfec6aa20, 0x0000016bfec6b0b0,
0x0000016bfec6b740
}

Java Threads: ( => current thread )
  0x0000016bf7f5b410 JavaThread "main"                              [_thread_blocked, id=32924, stack(0x0000003b6fc00000,0x0000003b6fd00000) (1024K)]
  0x0000016bfe8ee680 JavaThread "Reference Handler"          daemon [_thread_blocked, id=20392, stack(0x0000003b70400000,0x0000003b70500000) (1024K)]
  0x0000016bfe8f32b0 JavaThread "Finalizer"                  daemon [_thread_blocked, id=30484, stack(0x0000003b70500000,0x0000003b70600000) (1024K)]
  0x0000016bfe8f7ed0 JavaThread "Signal Dispatcher"          daemon [_thread_blocked, id=10112, stack(0x0000003b70600000,0x0000003b70700000) (1024K)]
  0x0000016bfe8f8930 JavaThread "Attach Listener"            daemon [_thread_blocked, id=24744, stack(0x0000003b70700000,0x0000003b70800000) (1024K)]
  0x0000016bfe8f9390 JavaThread "Service Thread"             daemon [_thread_blocked, id=26464, stack(0x0000003b70800000,0x0000003b70900000) (1024K)]
  0x0000016bfe8f9df0 JavaThread "Monitor Deflation Thread"   daemon [_thread_blocked, id=34444, stack(0x0000003b70900000,0x0000003b70a00000) (1024K)]
  0x0000016bfe8fab80 JavaThread "C2 CompilerThread0"         daemon [_thread_blocked, id=17208, stack(0x0000003b70a00000,0x0000003b70b00000) (1024K)]
  0x0000016bfe90f6b0 JavaThread "C1 CompilerThread0"         daemon [_thread_blocked, id=34068, stack(0x0000003b70b00000,0x0000003b70c00000) (1024K)]
  0x0000016bfeafdef0 JavaThread "Common-Cleaner"             daemon [_thread_blocked, id=35264, stack(0x0000003b70c00000,0x0000003b70d00000) (1024K)]
  0x0000016bfeb864d0 JavaThread "Notification Thread"        daemon [_thread_blocked, id=26340, stack(0x0000003b70d00000,0x0000003b70e00000) (1024K)]
  0x0000016ba8ceb1e0 JavaThread "Daemon health stats"               [_thread_blocked, id=33520, stack(0x0000003b71300000,0x0000003b71400000) (1024K)]
  0x0000016ba8f22350 JavaThread "Incoming local TCP Connector on port 53719"        [_thread_in_native, id=16496, stack(0x0000003b71400000,0x0000003b71500000) (1024K)]
  0x0000016ba8251cb0 JavaThread "Daemon periodic checks"            [_thread_blocked, id=31612, stack(0x0000003b71500000,0x0000003b71600000) (1024K)]
  0x0000016ba81fcf90 JavaThread "Daemon"                            [_thread_blocked, id=24616, stack(0x0000003b71600000,0x0000003b71700000) (1024K)]
  0x0000016ba81fd600 JavaThread "Handler for socket connection from /127.0.0.1:53719 to /127.0.0.1:53723"        [_thread_in_native, id=28956, stack(0x0000003b71700000,0x0000003b71800000) (1024K)]
  0x0000016ba83dde40 JavaThread "Cancel handler"                    [_thread_blocked, id=21876, stack(0x0000003b71800000,0x0000003b71900000) (1024K)]
=>0x0000016ba8f3ac90 JavaThread "Daemon worker"                     [_thread_in_vm, id=32424, stack(0x0000003b71900000,0x0000003b71a00000) (1024K)]
  0x0000016bfec6aa20 JavaThread "Asynchronous log dispatcher for DefaultDaemonConnection: socket connection from /127.0.0.1:53719 to /127.0.0.1:53723"        [_thread_blocked, id=33136, stack(0x0000003b71a00000,0x0000003b71b00000) (1024K)]
  0x0000016bfec6b0b0 JavaThread "Stdin handler"                     [_thread_blocked, id=26992, stack(0x0000003b71b00000,0x0000003b71c00000) (1024K)]
  0x0000016bfec6b740 JavaThread "Daemon client event forwarder"        [_thread_blocked, id=11184, stack(0x0000003b71c00000,0x0000003b71d00000) (1024K)]
Total: 21

Other Threads:
  0x0000016bfe8d1be0 VMThread "VM Thread"                           [id=30276, stack(0x0000003b70300000,0x0000003b70400000) (1024K)] _threads_hazard_ptr=0x0000016ba8f1a440
  0x0000016bfe8c3710 WatcherThread "VM Periodic Task Thread"        [id=8220, stack(0x0000003b70200000,0x0000003b70300000) (1024K)]
  0x0000016bf7f7e710 WorkerThread "GC Thread#0"                     [id=4340, stack(0x0000003b6fd00000,0x0000003b6fe00000) (1024K)]
  0x0000016bfebcc570 WorkerThread "GC Thread#1"                     [id=30412, stack(0x0000003b70e00000,0x0000003b70f00000) (1024K)]
  0x0000016ba819f7f0 WorkerThread "GC Thread#2"                     [id=33196, stack(0x0000003b70f00000,0x0000003b71000000) (1024K)]
  0x0000016ba819fba0 WorkerThread "GC Thread#3"                     [id=25804, stack(0x0000003b71000000,0x0000003b71100000) (1024K)]
  0x0000016ba81e9ff0 WorkerThread "GC Thread#4"                     [id=27416, stack(0x0000003b71100000,0x0000003b71200000) (1024K)]
  0x0000016ba81ea3a0 WorkerThread "GC Thread#5"                     [id=30836, stack(0x0000003b71200000,0x0000003b71300000) (1024K)]
  0x0000016bf7f84620 ConcurrentGCThread "G1 Main Marker"            [id=23108, stack(0x0000003b6fe00000,0x0000003b6ff00000) (1024K)]
  0x0000016bf7f866d0 WorkerThread "G1 Conc#0"                       [id=3720, stack(0x0000003b6ff00000,0x0000003b70000000) (1024K)]
  0x0000016bfe7986b0 ConcurrentGCThread "G1 Refine#0"               [id=356, stack(0x0000003b70000000,0x0000003b70100000) (1024K)]
  0x0000016bfe798ee0 ConcurrentGCThread "G1 Service"                [id=22556, stack(0x0000003b70100000,0x0000003b70200000) (1024K)]
Total: 12

Threads with active compile tasks:
Total: 0

VM state: synchronizing (normal execution)

VM Mutex/Monitor currently owned by a thread:  ([mutex/lock_event])
[0x00007ff95a90d4f0] Metaspace_lock - owner thread: 0x0000016ba8f3ac90
[0x00007ff95a90f570] Threads_lock - owner thread: 0x0000016bfe8d1be0

Heap address: 0x00000000e0000000, size: 512 MB, Compressed Oops mode: 32-bit

CDS archive(s) mapped at: [0x0000016b8f000000-0x0000016b8fba0000-0x0000016b8fba0000), size 12189696, SharedBaseAddress: 0x0000016b8f000000, ArchiveRelocationMode: 1.
Compressed class space mapped at: 0x0000016b90000000-0x0000016ba4000000, reserved size: 335544320
Narrow klass base: 0x0000016b8f000000, Narrow klass shift: 0, Narrow klass range: 0x100000000

GC Precious Log:
 CardTable entry size: 512
 Card Set container configuration: InlinePtr #cards 5 size 8 Array Of Cards #cards 12 size 40 Howl #buckets 4 coarsen threshold 1843 Howl Bitmap #cards 512 size 80 coarsen threshold 460 Card regions per heap region 1 cards per card region 2048
 CPUs: 8 total, 8 available
 Memory: 7835M
 Large Page Support: Disabled
 NUMA Support: Disabled
 Compressed Oops: Enabled (32-bit)
 Heap Region Size: 1M
 Heap Min Capacity: 256M
 Heap Initial Capacity: 256M
 Heap Max Capacity: 512M
 Pre-touch: Disabled
 Parallel Workers: 8
 Concurrent Workers: 2
 Concurrent Refinement Workers: 8
 Periodic GC: Disabled

Heap:
 garbage-first heap   total 262144K, used 80644K [0x00000000e0000000, 0x0000000100000000)
  region size 1024K, 69 young (70656K), 2 survivors (2048K)
 Metaspace       used 11537K, committed 11840K, reserved 393216K
  class space    used 1564K, committed 1728K, reserved 327680K

Heap Regions: E=young(eden), S=young(survivor), O=old, HS=humongous(starts), HC=humongous(continues), CS=collection set, F=free, TAMS=top-at-mark-start, PB=parsable bottom
|   0|0x00000000e0000000, 0x00000000e0100000, 0x00000000e0100000|100%|HS|  |TAMS 0x00000000e0000000| PB 0x00000000e0000000| Complete 
|   1|0x00000000e0100000, 0x00000000e0200000, 0x00000000e0200000|100%|HC|  |TAMS 0x00000000e0100000| PB 0x00000000e0100000| Complete 
|   2|0x00000000e0200000, 0x00000000e0300000, 0x00000000e0300000|100%|HC|  |TAMS 0x00000000e0200000| PB 0x00000000e0200000| Complete 
|   3|0x00000000e0300000, 0x00000000e0400000, 0x00000000e0400000|100%|HC|  |TAMS 0x00000000e0300000| PB 0x00000000e0300000| Complete 
|   4|0x00000000e0400000, 0x00000000e0500000, 0x00000000e0500000|100%| O|  |TAMS 0x00000000e0400000| PB 0x00000000e0400000| Untracked 
|   5|0x00000000e0500000, 0x00000000e0600000, 0x00000000e0600000|100%| O|  |TAMS 0x00000000e0500000| PB 0x00000000e0500000| Untracked 
|   6|0x00000000e0600000, 0x00000000e0700000, 0x00000000e0700000|100%| O|  |TAMS 0x00000000e0600000| PB 0x00000000e0600000| Untracked 
|   7|0x00000000e0700000, 0x00000000e0800000, 0x00000000e0800000|100%| O|  |TAMS 0x00000000e0700000| PB 0x00000000e0700000| Untracked 
|   8|0x00000000e0800000, 0x00000000e0900000, 0x00000000e0900000|100%| O|  |TAMS 0x00000000e0800000| PB 0x00000000e0800000| Untracked 
|   9|0x00000000e0900000, 0x00000000e0a00000, 0x00000000e0a00000|100%| O|  |TAMS 0x00000000e0900000| PB 0x00000000e0900000| Untracked 
|  10|0x00000000e0a00000, 0x00000000e0a3dd90, 0x00000000e0b00000| 24%| O|  |TAMS 0x00000000e0a00000| PB 0x00000000e0a00000| Untracked 
|  11|0x00000000e0b00000, 0x00000000e0c00000, 0x00000000e0c00000|100%|HS|  |TAMS 0x00000000e0b00000| PB 0x00000000e0b00000| Complete 
|  12|0x00000000e0c00000, 0x00000000e0d00000, 0x00000000e0d00000|100%|HS|  |TAMS 0x00000000e0c00000| PB 0x00000000e0c00000| Complete 
|  13|0x00000000e0d00000, 0x00000000e0d00000, 0x00000000e0e00000|  0%| F|  |TAMS 0x00000000e0d00000| PB 0x00000000e0d00000| Untracked 
|  14|0x00000000e0e00000, 0x00000000e0e00000, 0x00000000e0f00000|  0%| F|  |TAMS 0x00000000e0e00000| PB 0x00000000e0e00000| Untracked 
|  15|0x00000000e0f00000, 0x00000000e0f00000, 0x00000000e1000000|  0%| F|  |TAMS 0x00000000e0f00000| PB 0x00000000e0f00000| Untracked 
|  16|0x00000000e1000000, 0x00000000e1000000, 0x00000000e1100000|  0%| F|  |TAMS 0x00000000e1000000| PB 0x00000000e1000000| Untracked 
|  17|0x00000000e1100000, 0x00000000e1100000, 0x00000000e1200000|  0%| F|  |TAMS 0x00000000e1100000| PB 0x00000000e1100000| Untracked 
|  18|0x00000000e1200000, 0x00000000e1200000, 0x00000000e1300000|  0%| F|  |TAMS 0x00000000e1200000| PB 0x00000000e1200000| Untracked 
|  19|0x00000000e1300000, 0x00000000e1300000, 0x00000000e1400000|  0%| F|  |TAMS 0x00000000e1300000| PB 0x00000000e1300000| Untracked 
|  20|0x00000000e1400000, 0x00000000e1400000, 0x00000000e1500000|  0%| F|  |TAMS 0x00000000e1400000| PB 0x00000000e1400000| Untracked 
|  21|0x00000000e1500000, 0x00000000e1500000, 0x00000000e1600000|  0%| F|  |TAMS 0x00000000e1500000| PB 0x00000000e1500000| Untracked 
|  22|0x00000000e1600000, 0x00000000e1600000, 0x00000000e1700000|  0%| F|  |TAMS 0x00000000e1600000| PB 0x00000000e1600000| Untracked 
|  23|0x00000000e1700000, 0x00000000e1700000, 0x00000000e1800000|  0%| F|  |TAMS 0x00000000e1700000| PB 0x00000000e1700000| Untracked 
|  24|0x00000000e1800000, 0x00000000e1800000, 0x00000000e1900000|  0%| F|  |TAMS 0x00000000e1800000| PB 0x00000000e1800000| Untracked 
|  25|0x00000000e1900000, 0x00000000e1900000, 0x00000000e1a00000|  0%| F|  |TAMS 0x00000000e1900000| PB 0x00000000e1900000| Untracked 
|  26|0x00000000e1a00000, 0x00000000e1a00000, 0x00000000e1b00000|  0%| F|  |TAMS 0x00000000e1a00000| PB 0x00000000e1a00000| Untracked 
|  27|0x00000000e1b00000, 0x00000000e1b00000, 0x00000000e1c00000|  0%| F|  |TAMS 0x00000000e1b00000| PB 0x00000000e1b00000| Untracked 
|  28|0x00000000e1c00000, 0x00000000e1c00000, 0x00000000e1d00000|  0%| F|  |TAMS 0x00000000e1c00000| PB 0x00000000e1c00000| Untracked 
|  29|0x00000000e1d00000, 0x00000000e1d00000, 0x00000000e1e00000|  0%| F|  |TAMS 0x00000000e1d00000| PB 0x00000000e1d00000| Untracked 
|  30|0x00000000e1e00000, 0x00000000e1e00000, 0x00000000e1f00000|  0%| F|  |TAMS 0x00000000e1e00000| PB 0x00000000e1e00000| Untracked 
|  31|0x00000000e1f00000, 0x00000000e1f00000, 0x00000000e2000000|  0%| F|  |TAMS 0x00000000e1f00000| PB 0x00000000e1f00000| Untracked 
|  32|0x00000000e2000000, 0x00000000e2000000, 0x00000000e2100000|  0%| F|  |TAMS 0x00000000e2000000| PB 0x00000000e2000000| Untracked 
|  33|0x00000000e2100000, 0x00000000e2100000, 0x00000000e2200000|  0%| F|  |TAMS 0x00000000e2100000| PB 0x00000000e2100000| Untracked 
|  34|0x00000000e2200000, 0x00000000e2200000, 0x00000000e2300000|  0%| F|  |TAMS 0x00000000e2200000| PB 0x00000000e2200000| Untracked 
|  35|0x00000000e2300000, 0x00000000e2300000, 0x00000000e2400000|  0%| F|  |TAMS 0x00000000e2300000| PB 0x00000000e2300000| Untracked 
|  36|0x00000000e2400000, 0x00000000e2400000, 0x00000000e2500000|  0%| F|  |TAMS 0x00000000e2400000| PB 0x00000000e2400000| Untracked 
|  37|0x00000000e2500000, 0x00000000e2500000, 0x00000000e2600000|  0%| F|  |TAMS 0x00000000e2500000| PB 0x00000000e2500000| Untracked 
|  38|0x00000000e2600000, 0x00000000e2600000, 0x00000000e2700000|  0%| F|  |TAMS 0x00000000e2600000| PB 0x00000000e2600000| Untracked 
|  39|0x00000000e2700000, 0x00000000e2700000, 0x00000000e2800000|  0%| F|  |TAMS 0x00000000e2700000| PB 0x00000000e2700000| Untracked 
|  40|0x00000000e2800000, 0x00000000e2800000, 0x00000000e2900000|  0%| F|  |TAMS 0x00000000e2800000| PB 0x00000000e2800000| Untracked 
|  41|0x00000000e2900000, 0x00000000e2900000, 0x00000000e2a00000|  0%| F|  |TAMS 0x00000000e2900000| PB 0x00000000e2900000| Untracked 
|  42|0x00000000e2a00000, 0x00000000e2a00000, 0x00000000e2b00000|  0%| F|  |TAMS 0x00000000e2a00000| PB 0x00000000e2a00000| Untracked 
|  43|0x00000000e2b00000, 0x00000000e2b00000, 0x00000000e2c00000|  0%| F|  |TAMS 0x00000000e2b00000| PB 0x00000000e2b00000| Untracked 
|  44|0x00000000e2c00000, 0x00000000e2c00000, 0x00000000e2d00000|  0%| F|  |TAMS 0x00000000e2c00000| PB 0x00000000e2c00000| Untracked 
|  45|0x00000000e2d00000, 0x00000000e2d00000, 0x00000000e2e00000|  0%| F|  |TAMS 0x00000000e2d00000| PB 0x00000000e2d00000| Untracked 
|  46|0x00000000e2e00000, 0x00000000e2e00000, 0x00000000e2f00000|  0%| F|  |TAMS 0x00000000e2e00000| PB 0x00000000e2e00000| Untracked 
|  47|0x00000000e2f00000, 0x00000000e2f00000, 0x00000000e3000000|  0%| F|  |TAMS 0x00000000e2f00000| PB 0x00000000e2f00000| Untracked 
|  48|0x00000000e3000000, 0x00000000e3000000, 0x00000000e3100000|  0%| F|  |TAMS 0x00000000e3000000| PB 0x00000000e3000000| Untracked 
|  49|0x00000000e3100000, 0x00000000e3100000, 0x00000000e3200000|  0%| F|  |TAMS 0x00000000e3100000| PB 0x00000000e3100000| Untracked 
|  50|0x00000000e3200000, 0x00000000e3200000, 0x00000000e3300000|  0%| F|  |TAMS 0x00000000e3200000| PB 0x00000000e3200000| Untracked 
|  51|0x00000000e3300000, 0x00000000e3300000, 0x00000000e3400000|  0%| F|  |TAMS 0x00000000e3300000| PB 0x00000000e3300000| Untracked 
|  52|0x00000000e3400000, 0x00000000e3400000, 0x00000000e3500000|  0%| F|  |TAMS 0x00000000e3400000| PB 0x00000000e3400000| Untracked 
|  53|0x00000000e3500000, 0x00000000e3500000, 0x00000000e3600000|  0%| F|  |TAMS 0x00000000e3500000| PB 0x00000000e3500000| Untracked 
|  54|0x00000000e3600000, 0x00000000e3600000, 0x00000000e3700000|  0%| F|  |TAMS 0x00000000e3600000| PB 0x00000000e3600000| Untracked 
|  55|0x00000000e3700000, 0x00000000e3700000, 0x00000000e3800000|  0%| F|  |TAMS 0x00000000e3700000| PB 0x00000000e3700000| Untracked 
|  56|0x00000000e3800000, 0x00000000e3800000, 0x00000000e3900000|  0%| F|  |TAMS 0x00000000e3800000| PB 0x00000000e3800000| Untracked 
|  57|0x00000000e3900000, 0x00000000e3900000, 0x00000000e3a00000|  0%| F|  |TAMS 0x00000000e3900000| PB 0x00000000e3900000| Untracked 
|  58|0x00000000e3a00000, 0x00000000e3a00000, 0x00000000e3b00000|  0%| F|  |TAMS 0x00000000e3a00000| PB 0x00000000e3a00000| Untracked 
|  59|0x00000000e3b00000, 0x00000000e3b00000, 0x00000000e3c00000|  0%| F|  |TAMS 0x00000000e3b00000| PB 0x00000000e3b00000| Untracked 
|  60|0x00000000e3c00000, 0x00000000e3c00000, 0x00000000e3d00000|  0%| F|  |TAMS 0x00000000e3c00000| PB 0x00000000e3c00000| Untracked 
|  61|0x00000000e3d00000, 0x00000000e3d00000, 0x00000000e3e00000|  0%| F|  |TAMS 0x00000000e3d00000| PB 0x00000000e3d00000| Untracked 
|  62|0x00000000e3e00000, 0x00000000e3e00000, 0x00000000e3f00000|  0%| F|  |TAMS 0x00000000e3e00000| PB 0x00000000e3e00000| Untracked 
|  63|0x00000000e3f00000, 0x00000000e3f00000, 0x00000000e4000000|  0%| F|  |TAMS 0x00000000e3f00000| PB 0x00000000e3f00000| Untracked 
|  64|0x00000000e4000000, 0x00000000e4000000, 0x00000000e4100000|  0%| F|  |TAMS 0x00000000e4000000| PB 0x00000000e4000000| Untracked 
|  65|0x00000000e4100000, 0x00000000e4100000, 0x00000000e4200000|  0%| F|  |TAMS 0x00000000e4100000| PB 0x00000000e4100000| Untracked 
|  66|0x00000000e4200000, 0x00000000e4200000, 0x00000000e4300000|  0%| F|  |TAMS 0x00000000e4200000| PB 0x00000000e4200000| Untracked 
|  67|0x00000000e4300000, 0x00000000e4300000, 0x00000000e4400000|  0%| F|  |TAMS 0x00000000e4300000| PB 0x00000000e4300000| Untracked 
|  68|0x00000000e4400000, 0x00000000e4400000, 0x00000000e4500000|  0%| F|  |TAMS 0x00000000e4400000| PB 0x00000000e4400000| Untracked 
|  69|0x00000000e4500000, 0x00000000e4500000, 0x00000000e4600000|  0%| F|  |TAMS 0x00000000e4500000| PB 0x00000000e4500000| Untracked 
|  70|0x00000000e4600000, 0x00000000e4600000, 0x00000000e4700000|  0%| F|  |TAMS 0x00000000e4600000| PB 0x00000000e4600000| Untracked 
|  71|0x00000000e4700000, 0x00000000e4700000, 0x00000000e4800000|  0%| F|  |TAMS 0x00000000e4700000| PB 0x00000000e4700000| Untracked 
|  72|0x00000000e4800000, 0x00000000e4800000, 0x00000000e4900000|  0%| F|  |TAMS 0x00000000e4800000| PB 0x00000000e4800000| Untracked 
|  73|0x00000000e4900000, 0x00000000e4900000, 0x00000000e4a00000|  0%| F|  |TAMS 0x00000000e4900000| PB 0x00000000e4900000| Untracked 
|  74|0x00000000e4a00000, 0x00000000e4a00000, 0x00000000e4b00000|  0%| F|  |TAMS 0x00000000e4a00000| PB 0x00000000e4a00000| Untracked 
|  75|0x00000000e4b00000, 0x00000000e4b00000, 0x00000000e4c00000|  0%| F|  |TAMS 0x00000000e4b00000| PB 0x00000000e4b00000| Untracked 
|  76|0x00000000e4c00000, 0x00000000e4c00000, 0x00000000e4d00000|  0%| F|  |TAMS 0x00000000e4c00000| PB 0x00000000e4c00000| Untracked 
|  77|0x00000000e4d00000, 0x00000000e4d00000, 0x00000000e4e00000|  0%| F|  |TAMS 0x00000000e4d00000| PB 0x00000000e4d00000| Untracked 
|  78|0x00000000e4e00000, 0x00000000e4e00000, 0x00000000e4f00000|  0%| F|  |TAMS 0x00000000e4e00000| PB 0x00000000e4e00000| Untracked 
|  79|0x00000000e4f00000, 0x00000000e4f00000, 0x00000000e5000000|  0%| F|  |TAMS 0x00000000e4f00000| PB 0x00000000e4f00000| Untracked 
|  80|0x00000000e5000000, 0x00000000e5000000, 0x00000000e5100000|  0%| F|  |TAMS 0x00000000e5000000| PB 0x00000000e5000000| Untracked 
|  81|0x00000000e5100000, 0x00000000e5100000, 0x00000000e5200000|  0%| F|  |TAMS 0x00000000e5100000| PB 0x00000000e5100000| Untracked 
|  82|0x00000000e5200000, 0x00000000e5200000, 0x00000000e5300000|  0%| F|  |TAMS 0x00000000e5200000| PB 0x00000000e5200000| Untracked 
|  83|0x00000000e5300000, 0x00000000e5300000, 0x00000000e5400000|  0%| F|  |TAMS 0x00000000e5300000| PB 0x00000000e5300000| Untracked 
|  84|0x00000000e5400000, 0x00000000e5400000, 0x00000000e5500000|  0%| F|  |TAMS 0x00000000e5400000| PB 0x00000000e5400000| Untracked 
|  85|0x00000000e5500000, 0x00000000e5500000, 0x00000000e5600000|  0%| F|  |TAMS 0x00000000e5500000| PB 0x00000000e5500000| Untracked 
|  86|0x00000000e5600000, 0x00000000e5600000, 0x00000000e5700000|  0%| F|  |TAMS 0x00000000e5600000| PB 0x00000000e5600000| Untracked 
|  87|0x00000000e5700000, 0x00000000e5700000, 0x00000000e5800000|  0%| F|  |TAMS 0x00000000e5700000| PB 0x00000000e5700000| Untracked 
|  88|0x00000000e5800000, 0x00000000e5800000, 0x00000000e5900000|  0%| F|  |TAMS 0x00000000e5800000| PB 0x00000000e5800000| Untracked 
|  89|0x00000000e5900000, 0x00000000e5900000, 0x00000000e5a00000|  0%| F|  |TAMS 0x00000000e5900000| PB 0x00000000e5900000| Untracked 
|  90|0x00000000e5a00000, 0x00000000e5a00000, 0x00000000e5b00000|  0%| F|  |TAMS 0x00000000e5a00000| PB 0x00000000e5a00000| Untracked 
|  91|0x00000000e5b00000, 0x00000000e5b00000, 0x00000000e5c00000|  0%| F|  |TAMS 0x00000000e5b00000| PB 0x00000000e5b00000| Untracked 
|  92|0x00000000e5c00000, 0x00000000e5c00000, 0x00000000e5d00000|  0%| F|  |TAMS 0x00000000e5c00000| PB 0x00000000e5c00000| Untracked 
|  93|0x00000000e5d00000, 0x00000000e5d00000, 0x00000000e5e00000|  0%| F|  |TAMS 0x00000000e5d00000| PB 0x00000000e5d00000| Untracked 
|  94|0x00000000e5e00000, 0x00000000e5e00000, 0x00000000e5f00000|  0%| F|  |TAMS 0x00000000e5e00000| PB 0x00000000e5e00000| Untracked 
|  95|0x00000000e5f00000, 0x00000000e5f00000, 0x00000000e6000000|  0%| F|  |TAMS 0x00000000e5f00000| PB 0x00000000e5f00000| Untracked 
|  96|0x00000000e6000000, 0x00000000e6000000, 0x00000000e6100000|  0%| F|  |TAMS 0x00000000e6000000| PB 0x00000000e6000000| Untracked 
|  97|0x00000000e6100000, 0x00000000e6100000, 0x00000000e6200000|  0%| F|  |TAMS 0x00000000e6100000| PB 0x00000000e6100000| Untracked 
|  98|0x00000000e6200000, 0x00000000e6200000, 0x00000000e6300000|  0%| F|  |TAMS 0x00000000e6200000| PB 0x00000000e6200000| Untracked 
|  99|0x00000000e6300000, 0x00000000e6300000, 0x00000000e6400000|  0%| F|  |TAMS 0x00000000e6300000| PB 0x00000000e6300000| Untracked 
| 100|0x00000000e6400000, 0x00000000e6400000, 0x00000000e6500000|  0%| F|  |TAMS 0x00000000e6400000| PB 0x00000000e6400000| Untracked 
| 101|0x00000000e6500000, 0x00000000e6500000, 0x00000000e6600000|  0%| F|  |TAMS 0x00000000e6500000| PB 0x00000000e6500000| Untracked 
| 102|0x00000000e6600000, 0x00000000e6600000, 0x00000000e6700000|  0%| F|  |TAMS 0x00000000e6600000| PB 0x00000000e6600000| Untracked 
| 103|0x00000000e6700000, 0x00000000e6700000, 0x00000000e6800000|  0%| F|  |TAMS 0x00000000e6700000| PB 0x00000000e6700000| Untracked 
| 104|0x00000000e6800000, 0x00000000e6800000, 0x00000000e6900000|  0%| F|  |TAMS 0x00000000e6800000| PB 0x00000000e6800000| Untracked 
| 105|0x00000000e6900000, 0x00000000e6900000, 0x00000000e6a00000|  0%| F|  |TAMS 0x00000000e6900000| PB 0x00000000e6900000| Untracked 
| 106|0x00000000e6a00000, 0x00000000e6a00000, 0x00000000e6b00000|  0%| F|  |TAMS 0x00000000e6a00000| PB 0x00000000e6a00000| Untracked 
| 107|0x00000000e6b00000, 0x00000000e6b00000, 0x00000000e6c00000|  0%| F|  |TAMS 0x00000000e6b00000| PB 0x00000000e6b00000| Untracked 
| 108|0x00000000e6c00000, 0x00000000e6c00000, 0x00000000e6d00000|  0%| F|  |TAMS 0x00000000e6c00000| PB 0x00000000e6c00000| Untracked 
| 109|0x00000000e6d00000, 0x00000000e6d00000, 0x00000000e6e00000|  0%| F|  |TAMS 0x00000000e6d00000| PB 0x00000000e6d00000| Untracked 
| 110|0x00000000e6e00000, 0x00000000e6e00000, 0x00000000e6f00000|  0%| F|  |TAMS 0x00000000e6e00000| PB 0x00000000e6e00000| Untracked 
| 111|0x00000000e6f00000, 0x00000000e6f00000, 0x00000000e7000000|  0%| F|  |TAMS 0x00000000e6f00000| PB 0x00000000e6f00000| Untracked 
| 112|0x00000000e7000000, 0x00000000e7000000, 0x00000000e7100000|  0%| F|  |TAMS 0x00000000e7000000| PB 0x00000000e7000000| Untracked 
| 113|0x00000000e7100000, 0x00000000e7100000, 0x00000000e7200000|  0%| F|  |TAMS 0x00000000e7100000| PB 0x00000000e7100000| Untracked 
| 114|0x00000000e7200000, 0x00000000e7200000, 0x00000000e7300000|  0%| F|  |TAMS 0x00000000e7200000| PB 0x00000000e7200000| Untracked 
| 115|0x00000000e7300000, 0x00000000e7300000, 0x00000000e7400000|  0%| F|  |TAMS 0x00000000e7300000| PB 0x00000000e7300000| Untracked 
| 116|0x00000000e7400000, 0x00000000e7400000, 0x00000000e7500000|  0%| F|  |TAMS 0x00000000e7400000| PB 0x00000000e7400000| Untracked 
| 117|0x00000000e7500000, 0x00000000e7500000, 0x00000000e7600000|  0%| F|  |TAMS 0x00000000e7500000| PB 0x00000000e7500000| Untracked 
| 118|0x00000000e7600000, 0x00000000e7600000, 0x00000000e7700000|  0%| F|  |TAMS 0x00000000e7600000| PB 0x00000000e7600000| Untracked 
| 119|0x00000000e7700000, 0x00000000e7700000, 0x00000000e7800000|  0%| F|  |TAMS 0x00000000e7700000| PB 0x00000000e7700000| Untracked 
| 120|0x00000000e7800000, 0x00000000e7800000, 0x00000000e7900000|  0%| F|  |TAMS 0x00000000e7800000| PB 0x00000000e7800000| Untracked 
| 121|0x00000000e7900000, 0x00000000e7900000, 0x00000000e7a00000|  0%| F|  |TAMS 0x00000000e7900000| PB 0x00000000e7900000| Untracked 
| 122|0x00000000e7a00000, 0x00000000e7a00000, 0x00000000e7b00000|  0%| F|  |TAMS 0x00000000e7a00000| PB 0x00000000e7a00000| Untracked 
| 123|0x00000000e7b00000, 0x00000000e7b00000, 0x00000000e7c00000|  0%| F|  |TAMS 0x00000000e7b00000| PB 0x00000000e7b00000| Untracked 
| 124|0x00000000e7c00000, 0x00000000e7c00000, 0x00000000e7d00000|  0%| F|  |TAMS 0x00000000e7c00000| PB 0x00000000e7c00000| Untracked 
| 125|0x00000000e7d00000, 0x00000000e7d00000, 0x00000000e7e00000|  0%| F|  |TAMS 0x00000000e7d00000| PB 0x00000000e7d00000| Untracked 
| 126|0x00000000e7e00000, 0x00000000e7e00000, 0x00000000e7f00000|  0%| F|  |TAMS 0x00000000e7e00000| PB 0x00000000e7e00000| Untracked 
| 127|0x00000000e7f00000, 0x00000000e7f00000, 0x00000000e8000000|  0%| F|  |TAMS 0x00000000e7f00000| PB 0x00000000e7f00000| Untracked 
| 128|0x00000000e8000000, 0x00000000e8000000, 0x00000000e8100000|  0%| F|  |TAMS 0x00000000e8000000| PB 0x00000000e8000000| Untracked 
| 129|0x00000000e8100000, 0x00000000e8100000, 0x00000000e8200000|  0%| F|  |TAMS 0x00000000e8100000| PB 0x00000000e8100000| Untracked 
| 130|0x00000000e8200000, 0x00000000e8200000, 0x00000000e8300000|  0%| F|  |TAMS 0x00000000e8200000| PB 0x00000000e8200000| Untracked 
| 131|0x00000000e8300000, 0x00000000e8300000, 0x00000000e8400000|  0%| F|  |TAMS 0x00000000e8300000| PB 0x00000000e8300000| Untracked 
| 132|0x00000000e8400000, 0x00000000e8400000, 0x00000000e8500000|  0%| F|  |TAMS 0x00000000e8400000| PB 0x00000000e8400000| Untracked 
| 133|0x00000000e8500000, 0x00000000e8500000, 0x00000000e8600000|  0%| F|  |TAMS 0x00000000e8500000| PB 0x00000000e8500000| Untracked 
| 134|0x00000000e8600000, 0x00000000e8600000, 0x00000000e8700000|  0%| F|  |TAMS 0x00000000e8600000| PB 0x00000000e8600000| Untracked 
| 135|0x00000000e8700000, 0x00000000e8700000, 0x00000000e8800000|  0%| F|  |TAMS 0x00000000e8700000| PB 0x00000000e8700000| Untracked 
| 136|0x00000000e8800000, 0x00000000e8800000, 0x00000000e8900000|  0%| F|  |TAMS 0x00000000e8800000| PB 0x00000000e8800000| Untracked 
| 137|0x00000000e8900000, 0x00000000e8900000, 0x00000000e8a00000|  0%| F|  |TAMS 0x00000000e8900000| PB 0x00000000e8900000| Untracked 
| 138|0x00000000e8a00000, 0x00000000e8a00000, 0x00000000e8b00000|  0%| F|  |TAMS 0x00000000e8a00000| PB 0x00000000e8a00000| Untracked 
| 139|0x00000000e8b00000, 0x00000000e8b00000, 0x00000000e8c00000|  0%| F|  |TAMS 0x00000000e8b00000| PB 0x00000000e8b00000| Untracked 
| 140|0x00000000e8c00000, 0x00000000e8c00000, 0x00000000e8d00000|  0%| F|  |TAMS 0x00000000e8c00000| PB 0x00000000e8c00000| Untracked 
| 141|0x00000000e8d00000, 0x00000000e8d00000, 0x00000000e8e00000|  0%| F|  |TAMS 0x00000000e8d00000| PB 0x00000000e8d00000| Untracked 
| 142|0x00000000e8e00000, 0x00000000e8e00000, 0x00000000e8f00000|  0%| F|  |TAMS 0x00000000e8e00000| PB 0x00000000e8e00000| Untracked 
| 143|0x00000000e8f00000, 0x00000000e8f00000, 0x00000000e9000000|  0%| F|  |TAMS 0x00000000e8f00000| PB 0x00000000e8f00000| Untracked 
| 144|0x00000000e9000000, 0x00000000e9000000, 0x00000000e9100000|  0%| F|  |TAMS 0x00000000e9000000| PB 0x00000000e9000000| Untracked 
| 145|0x00000000e9100000, 0x00000000e9100000, 0x00000000e9200000|  0%| F|  |TAMS 0x00000000e9100000| PB 0x00000000e9100000| Untracked 
| 146|0x00000000e9200000, 0x00000000e9200000, 0x00000000e9300000|  0%| F|  |TAMS 0x00000000e9200000| PB 0x00000000e9200000| Untracked 
| 147|0x00000000e9300000, 0x00000000e9300000, 0x00000000e9400000|  0%| F|  |TAMS 0x00000000e9300000| PB 0x00000000e9300000| Untracked 
| 148|0x00000000e9400000, 0x00000000e9400000, 0x00000000e9500000|  0%| F|  |TAMS 0x00000000e9400000| PB 0x00000000e9400000| Untracked 
| 149|0x00000000e9500000, 0x00000000e9500000, 0x00000000e9600000|  0%| F|  |TAMS 0x00000000e9500000| PB 0x00000000e9500000| Untracked 
| 150|0x00000000e9600000, 0x00000000e9600000, 0x00000000e9700000|  0%| F|  |TAMS 0x00000000e9600000| PB 0x00000000e9600000| Untracked 
| 151|0x00000000e9700000, 0x00000000e9700000, 0x00000000e9800000|  0%| F|  |TAMS 0x00000000e9700000| PB 0x00000000e9700000| Untracked 
| 152|0x00000000e9800000, 0x00000000e9800000, 0x00000000e9900000|  0%| F|  |TAMS 0x00000000e9800000| PB 0x00000000e9800000| Untracked 
| 153|0x00000000e9900000, 0x00000000e9900000, 0x00000000e9a00000|  0%| F|  |TAMS 0x00000000e9900000| PB 0x00000000e9900000| Untracked 
| 154|0x00000000e9a00000, 0x00000000e9a00000, 0x00000000e9b00000|  0%| F|  |TAMS 0x00000000e9a00000| PB 0x00000000e9a00000| Untracked 
| 155|0x00000000e9b00000, 0x00000000e9b00000, 0x00000000e9c00000|  0%| F|  |TAMS 0x00000000e9b00000| PB 0x00000000e9b00000| Untracked 
| 156|0x00000000e9c00000, 0x00000000e9c00000, 0x00000000e9d00000|  0%| F|  |TAMS 0x00000000e9c00000| PB 0x00000000e9c00000| Untracked 
| 157|0x00000000e9d00000, 0x00000000e9d00000, 0x00000000e9e00000|  0%| F|  |TAMS 0x00000000e9d00000| PB 0x00000000e9d00000| Untracked 
| 158|0x00000000e9e00000, 0x00000000e9e00000, 0x00000000e9f00000|  0%| F|  |TAMS 0x00000000e9e00000| PB 0x00000000e9e00000| Untracked 
| 159|0x00000000e9f00000, 0x00000000e9f00000, 0x00000000ea000000|  0%| F|  |TAMS 0x00000000e9f00000| PB 0x00000000e9f00000| Untracked 
| 160|0x00000000ea000000, 0x00000000ea000000, 0x00000000ea100000|  0%| F|  |TAMS 0x00000000ea000000| PB 0x00000000ea000000| Untracked 
| 161|0x00000000ea100000, 0x00000000ea100000, 0x00000000ea200000|  0%| F|  |TAMS 0x00000000ea100000| PB 0x00000000ea100000| Untracked 
| 162|0x00000000ea200000, 0x00000000ea200000, 0x00000000ea300000|  0%| F|  |TAMS 0x00000000ea200000| PB 0x00000000ea200000| Untracked 
| 163|0x00000000ea300000, 0x00000000ea300000, 0x00000000ea400000|  0%| F|  |TAMS 0x00000000ea300000| PB 0x00000000ea300000| Untracked 
| 164|0x00000000ea400000, 0x00000000ea400000, 0x00000000ea500000|  0%| F|  |TAMS 0x00000000ea400000| PB 0x00000000ea400000| Untracked 
| 165|0x00000000ea500000, 0x00000000ea500000, 0x00000000ea600000|  0%| F|  |TAMS 0x00000000ea500000| PB 0x00000000ea500000| Untracked 
| 166|0x00000000ea600000, 0x00000000ea600000, 0x00000000ea700000|  0%| F|  |TAMS 0x00000000ea600000| PB 0x00000000ea600000| Untracked 
| 167|0x00000000ea700000, 0x00000000ea700000, 0x00000000ea800000|  0%| F|  |TAMS 0x00000000ea700000| PB 0x00000000ea700000| Untracked 
| 168|0x00000000ea800000, 0x00000000ea800000, 0x00000000ea900000|  0%| F|  |TAMS 0x00000000ea800000| PB 0x00000000ea800000| Untracked 
| 169|0x00000000ea900000, 0x00000000ea900000, 0x00000000eaa00000|  0%| F|  |TAMS 0x00000000ea900000| PB 0x00000000ea900000| Untracked 
| 170|0x00000000eaa00000, 0x00000000eaa00000, 0x00000000eab00000|  0%| F|  |TAMS 0x00000000eaa00000| PB 0x00000000eaa00000| Untracked 
| 171|0x00000000eab00000, 0x00000000eab00000, 0x00000000eac00000|  0%| F|  |TAMS 0x00000000eab00000| PB 0x00000000eab00000| Untracked 
| 172|0x00000000eac00000, 0x00000000eac00000, 0x00000000ead00000|  0%| F|  |TAMS 0x00000000eac00000| PB 0x00000000eac00000| Untracked 
| 173|0x00000000ead00000, 0x00000000ead00000, 0x00000000eae00000|  0%| F|  |TAMS 0x00000000ead00000| PB 0x00000000ead00000| Untracked 
| 174|0x00000000eae00000, 0x00000000eae00000, 0x00000000eaf00000|  0%| F|  |TAMS 0x00000000eae00000| PB 0x00000000eae00000| Untracked 
| 175|0x00000000eaf00000, 0x00000000eaf00000, 0x00000000eb000000|  0%| F|  |TAMS 0x00000000eaf00000| PB 0x00000000eaf00000| Untracked 
| 176|0x00000000eb000000, 0x00000000eb000000, 0x00000000eb100000|  0%| F|  |TAMS 0x00000000eb000000| PB 0x00000000eb000000| Untracked 
| 177|0x00000000eb100000, 0x00000000eb100000, 0x00000000eb200000|  0%| F|  |TAMS 0x00000000eb100000| PB 0x00000000eb100000| Untracked 
| 178|0x00000000eb200000, 0x00000000eb200000, 0x00000000eb300000|  0%| F|  |TAMS 0x00000000eb200000| PB 0x00000000eb200000| Untracked 
| 179|0x00000000eb300000, 0x00000000eb300000, 0x00000000eb400000|  0%| F|  |TAMS 0x00000000eb300000| PB 0x00000000eb300000| Untracked 
| 180|0x00000000eb400000, 0x00000000eb400000, 0x00000000eb500000|  0%| F|  |TAMS 0x00000000eb400000| PB 0x00000000eb400000| Untracked 
| 181|0x00000000eb500000, 0x00000000eb500000, 0x00000000eb600000|  0%| F|  |TAMS 0x00000000eb500000| PB 0x00000000eb500000| Untracked 
| 182|0x00000000eb600000, 0x00000000eb600000, 0x00000000eb700000|  0%| F|  |TAMS 0x00000000eb600000| PB 0x00000000eb600000| Untracked 
| 183|0x00000000eb700000, 0x00000000eb700000, 0x00000000eb800000|  0%| F|  |TAMS 0x00000000eb700000| PB 0x00000000eb700000| Untracked 
| 184|0x00000000eb800000, 0x00000000eb800000, 0x00000000eb900000|  0%| F|  |TAMS 0x00000000eb800000| PB 0x00000000eb800000| Untracked 
| 185|0x00000000eb900000, 0x00000000eb900000, 0x00000000eba00000|  0%| F|  |TAMS 0x00000000eb900000| PB 0x00000000eb900000| Untracked 
| 186|0x00000000eba00000, 0x00000000eba00000, 0x00000000ebb00000|  0%| F|  |TAMS 0x00000000eba00000| PB 0x00000000eba00000| Untracked 
| 187|0x00000000ebb00000, 0x00000000ebb80000, 0x00000000ebc00000| 50%| E|  |TAMS 0x00000000ebb00000| PB 0x00000000ebb00000| Complete 
| 188|0x00000000ebc00000, 0x00000000ebd00000, 0x00000000ebd00000|100%| E|CS|TAMS 0x00000000ebc00000| PB 0x00000000ebc00000| Complete 
| 189|0x00000000ebd00000, 0x00000000ebe00000, 0x00000000ebe00000|100%| E|CS|TAMS 0x00000000ebd00000| PB 0x00000000ebd00000| Complete 
| 190|0x00000000ebe00000, 0x00000000ebf00000, 0x00000000ebf00000|100%| E|CS|TAMS 0x00000000ebe00000| PB 0x00000000ebe00000| Complete 
| 191|0x00000000ebf00000, 0x00000000ec000000, 0x00000000ec000000|100%| E|CS|TAMS 0x00000000ebf00000| PB 0x00000000ebf00000| Complete 
| 192|0x00000000ec000000, 0x00000000ec100000, 0x00000000ec100000|100%| E|CS|TAMS 0x00000000ec000000| PB 0x00000000ec000000| Complete 
| 193|0x00000000ec100000, 0x00000000ec200000, 0x00000000ec200000|100%| E|CS|TAMS 0x00000000ec100000| PB 0x00000000ec100000| Complete 
| 194|0x00000000ec200000, 0x00000000ec300000, 0x00000000ec300000|100%| E|CS|TAMS 0x00000000ec200000| PB 0x00000000ec200000| Complete 
| 195|0x00000000ec300000, 0x00000000ec400000, 0x00000000ec400000|100%| E|CS|TAMS 0x00000000ec300000| PB 0x00000000ec300000| Complete 
| 196|0x00000000ec400000, 0x00000000ec500000, 0x00000000ec500000|100%| E|CS|TAMS 0x00000000ec400000| PB 0x00000000ec400000| Complete 
| 197|0x00000000ec500000, 0x00000000ec600000, 0x00000000ec600000|100%| E|CS|TAMS 0x00000000ec500000| PB 0x00000000ec500000| Complete 
| 198|0x00000000ec600000, 0x00000000ec700000, 0x00000000ec700000|100%| E|CS|TAMS 0x00000000ec600000| PB 0x00000000ec600000| Complete 
| 199|0x00000000ec700000, 0x00000000ec800000, 0x00000000ec800000|100%| E|CS|TAMS 0x00000000ec700000| PB 0x00000000ec700000| Complete 
| 200|0x00000000ec800000, 0x00000000ec900000, 0x00000000ec900000|100%| E|CS|TAMS 0x00000000ec800000| PB 0x00000000ec800000| Complete 
| 201|0x00000000ec900000, 0x00000000eca00000, 0x00000000eca00000|100%| E|CS|TAMS 0x00000000ec900000| PB 0x00000000ec900000| Complete 
| 202|0x00000000eca00000, 0x00000000ecb00000, 0x00000000ecb00000|100%| E|CS|TAMS 0x00000000eca00000| PB 0x00000000eca00000| Complete 
| 203|0x00000000ecb00000, 0x00000000ecc00000, 0x00000000ecc00000|100%| E|CS|TAMS 0x00000000ecb00000| PB 0x00000000ecb00000| Complete 
| 204|0x00000000ecc00000, 0x00000000ecd00000, 0x00000000ecd00000|100%| E|CS|TAMS 0x00000000ecc00000| PB 0x00000000ecc00000| Complete 
| 205|0x00000000ecd00000, 0x00000000ece00000, 0x00000000ece00000|100%| E|CS|TAMS 0x00000000ecd00000| PB 0x00000000ecd00000| Complete 
| 206|0x00000000ece00000, 0x00000000ecf00000, 0x00000000ecf00000|100%| E|CS|TAMS 0x00000000ece00000| PB 0x00000000ece00000| Complete 
| 207|0x00000000ecf00000, 0x00000000ed000000, 0x00000000ed000000|100%| E|CS|TAMS 0x00000000ecf00000| PB 0x00000000ecf00000| Complete 
| 208|0x00000000ed000000, 0x00000000ed100000, 0x00000000ed100000|100%| E|CS|TAMS 0x00000000ed000000| PB 0x00000000ed000000| Complete 
| 209|0x00000000ed100000, 0x00000000ed200000, 0x00000000ed200000|100%| E|CS|TAMS 0x00000000ed100000| PB 0x00000000ed100000| Complete 
| 210|0x00000000ed200000, 0x00000000ed300000, 0x00000000ed300000|100%| E|CS|TAMS 0x00000000ed200000| PB 0x00000000ed200000| Complete 
| 211|0x00000000ed300000, 0x00000000ed400000, 0x00000000ed400000|100%| E|CS|TAMS 0x00000000ed300000| PB 0x00000000ed300000| Complete 
| 212|0x00000000ed400000, 0x00000000ed500000, 0x00000000ed500000|100%| E|CS|TAMS 0x00000000ed400000| PB 0x00000000ed400000| Complete 
| 213|0x00000000ed500000, 0x00000000ed600000, 0x00000000ed600000|100%| E|CS|TAMS 0x00000000ed500000| PB 0x00000000ed500000| Complete 
| 214|0x00000000ed600000, 0x00000000ed700000, 0x00000000ed700000|100%| E|CS|TAMS 0x00000000ed600000| PB 0x00000000ed600000| Complete 
| 215|0x00000000ed700000, 0x00000000ed800000, 0x00000000ed800000|100%| E|CS|TAMS 0x00000000ed700000| PB 0x00000000ed700000| Complete 
| 216|0x00000000ed800000, 0x00000000ed900000, 0x00000000ed900000|100%| E|CS|TAMS 0x00000000ed800000| PB 0x00000000ed800000| Complete 
| 217|0x00000000ed900000, 0x00000000eda00000, 0x00000000eda00000|100%| E|CS|TAMS 0x00000000ed900000| PB 0x00000000ed900000| Complete 
| 218|0x00000000eda00000, 0x00000000edb00000, 0x00000000edb00000|100%| E|CS|TAMS 0x00000000eda00000| PB 0x00000000eda00000| Complete 
| 219|0x00000000edb00000, 0x00000000edc00000, 0x00000000edc00000|100%| E|CS|TAMS 0x00000000edb00000| PB 0x00000000edb00000| Complete 
| 220|0x00000000edc00000, 0x00000000edd00000, 0x00000000edd00000|100%| E|CS|TAMS 0x00000000edc00000| PB 0x00000000edc00000| Complete 
| 221|0x00000000edd00000, 0x00000000edd83650, 0x00000000ede00000| 51%| S|CS|TAMS 0x00000000edd00000| PB 0x00000000edd00000| Complete 
| 222|0x00000000ede00000, 0x00000000edf00000, 0x00000000edf00000|100%| S|CS|TAMS 0x00000000ede00000| PB 0x00000000ede00000| Complete 
| 223|0x00000000edf00000, 0x00000000ee000000, 0x00000000ee000000|100%| E|CS|TAMS 0x00000000edf00000| PB 0x00000000edf00000| Complete 
| 224|0x00000000ee000000, 0x00000000ee100000, 0x00000000ee100000|100%| E|CS|TAMS 0x00000000ee000000| PB 0x00000000ee000000| Complete 
| 225|0x00000000ee100000, 0x00000000ee200000, 0x00000000ee200000|100%| E|CS|TAMS 0x00000000ee100000| PB 0x00000000ee100000| Complete 
| 226|0x00000000ee200000, 0x00000000ee300000, 0x00000000ee300000|100%| E|CS|TAMS 0x00000000ee200000| PB 0x00000000ee200000| Complete 
| 227|0x00000000ee300000, 0x00000000ee400000, 0x00000000ee400000|100%| E|CS|TAMS 0x00000000ee300000| PB 0x00000000ee300000| Complete 
| 228|0x00000000ee400000, 0x00000000ee500000, 0x00000000ee500000|100%| E|CS|TAMS 0x00000000ee400000| PB 0x00000000ee400000| Complete 
| 229|0x00000000ee500000, 0x00000000ee600000, 0x00000000ee600000|100%| E|CS|TAMS 0x00000000ee500000| PB 0x00000000ee500000| Complete 
| 230|0x00000000ee600000, 0x00000000ee700000, 0x00000000ee700000|100%| E|CS|TAMS 0x00000000ee600000| PB 0x00000000ee600000| Complete 
| 231|0x00000000ee700000, 0x00000000ee800000, 0x00000000ee800000|100%| E|CS|TAMS 0x00000000ee700000| PB 0x00000000ee700000| Complete 
| 232|0x00000000ee800000, 0x00000000ee900000, 0x00000000ee900000|100%| E|CS|TAMS 0x00000000ee800000| PB 0x00000000ee800000| Complete 
| 233|0x00000000ee900000, 0x00000000eea00000, 0x00000000eea00000|100%| E|  |TAMS 0x00000000ee900000| PB 0x00000000ee900000| Complete 
| 234|0x00000000eea00000, 0x00000000eeb00000, 0x00000000eeb00000|100%| E|CS|TAMS 0x00000000eea00000| PB 0x00000000eea00000| Complete 
| 235|0x00000000eeb00000, 0x00000000eec00000, 0x00000000eec00000|100%| E|CS|TAMS 0x00000000eeb00000| PB 0x00000000eeb00000| Complete 
| 236|0x00000000eec00000, 0x00000000eed00000, 0x00000000eed00000|100%| E|CS|TAMS 0x00000000eec00000| PB 0x00000000eec00000| Complete 
| 237|0x00000000eed00000, 0x00000000eee00000, 0x00000000eee00000|100%| E|CS|TAMS 0x00000000eed00000| PB 0x00000000eed00000| Complete 
| 238|0x00000000eee00000, 0x00000000eef00000, 0x00000000eef00000|100%| E|CS|TAMS 0x00000000eee00000| PB 0x00000000eee00000| Complete 
| 239|0x00000000eef00000, 0x00000000ef000000, 0x00000000ef000000|100%| E|CS|TAMS 0x00000000eef00000| PB 0x00000000eef00000| Complete 
| 240|0x00000000ef000000, 0x00000000ef100000, 0x00000000ef100000|100%| E|CS|TAMS 0x00000000ef000000| PB 0x00000000ef000000| Complete 
| 241|0x00000000ef100000, 0x00000000ef200000, 0x00000000ef200000|100%| E|CS|TAMS 0x00000000ef100000| PB 0x00000000ef100000| Complete 
| 242|0x00000000ef200000, 0x00000000ef300000, 0x00000000ef300000|100%| E|CS|TAMS 0x00000000ef200000| PB 0x00000000ef200000| Complete 
| 243|0x00000000ef300000, 0x00000000ef400000, 0x00000000ef400000|100%| E|CS|TAMS 0x00000000ef300000| PB 0x00000000ef300000| Complete 
| 244|0x00000000ef400000, 0x00000000ef500000, 0x00000000ef500000|100%| E|CS|TAMS 0x00000000ef400000| PB 0x00000000ef400000| Complete 
| 245|0x00000000ef500000, 0x00000000ef600000, 0x00000000ef600000|100%| E|CS|TAMS 0x00000000ef500000| PB 0x00000000ef500000| Complete 
| 246|0x00000000ef600000, 0x00000000ef700000, 0x00000000ef700000|100%| E|CS|TAMS 0x00000000ef600000| PB 0x00000000ef600000| Complete 
| 247|0x00000000ef700000, 0x00000000ef800000, 0x00000000ef800000|100%| E|CS|TAMS 0x00000000ef700000| PB 0x00000000ef700000| Complete 
| 248|0x00000000ef800000, 0x00000000ef900000, 0x00000000ef900000|100%| E|CS|TAMS 0x00000000ef800000| PB 0x00000000ef800000| Complete 
| 249|0x00000000ef900000, 0x00000000efa00000, 0x00000000efa00000|100%| E|CS|TAMS 0x00000000ef900000| PB 0x00000000ef900000| Complete 
| 250|0x00000000efa00000, 0x00000000efb00000, 0x00000000efb00000|100%| E|CS|TAMS 0x00000000efa00000| PB 0x00000000efa00000| Complete 
| 251|0x00000000efb00000, 0x00000000efc00000, 0x00000000efc00000|100%| E|CS|TAMS 0x00000000efb00000| PB 0x00000000efb00000| Complete 
| 252|0x00000000efc00000, 0x00000000efd00000, 0x00000000efd00000|100%| E|CS|TAMS 0x00000000efc00000| PB 0x00000000efc00000| Complete 
| 253|0x00000000efd00000, 0x00000000efe00000, 0x00000000efe00000|100%| E|CS|TAMS 0x00000000efd00000| PB 0x00000000efd00000| Complete 
| 254|0x00000000efe00000, 0x00000000eff00000, 0x00000000eff00000|100%| E|CS|TAMS 0x00000000efe00000| PB 0x00000000efe00000| Complete 
| 255|0x00000000eff00000, 0x00000000f0000000, 0x00000000f0000000|100%| E|CS|TAMS 0x00000000eff00000| PB 0x00000000eff00000| Complete 

Card table byte_map: [0x0000016bfb560000,0x0000016bfb660000] _byte_map_base: 0x0000016bfae60000

Marking Bits: (CMBitMap*) 0x0000016bf7f7ed30
 Bits: [0x0000016bfb660000, 0x0000016bfbe60000)

Polling page: 0x0000016bf5db0000

Metaspace:

Usage:
  Non-class:      9.74 MB used.
      Class:      1.53 MB used.
       Both:     11.27 MB used.

Virtual space:
  Non-class space:       64.00 MB reserved,       9.88 MB ( 15%) committed,  1 nodes.
      Class space:      320.00 MB reserved,       1.69 MB ( <1%) committed,  1 nodes.
             Both:      384.00 MB reserved,      11.56 MB (  3%) committed. 

Chunk freelists:
   Non-Class:  5.69 MB
       Class:  14.30 MB
        Both:  19.98 MB

MaxMetaspaceSize: 384.00 MB
CompressedClassSpaceSize: 320.00 MB
Initial GC threshold: 21.00 MB
Current GC threshold: 21.00 MB
CDS: on
 - commit_granule_bytes: 65536.
 - commit_granule_words: 8192.
 - virtual_space_node_default_size: 8388608.
 - enlarge_chunks_in_place: 1.
 - use_allocation_guard: 0.


Internal statistics:

num_allocs_failed_limit: 0.
num_arena_births: 340.
num_arena_deaths: 0.
num_vsnodes_births: 2.
num_vsnodes_deaths: 0.
num_space_committed: 185.
num_space_uncommitted: 0.
num_chunks_returned_to_freelist: 0.
num_chunks_taken_from_freelist: 694.
num_chunk_merges: 0.
num_chunk_splits: 446.
num_chunks_enlarged: 311.
num_inconsistent_stats: 0.

CodeHeap 'non-profiled nmethods': size=120000Kb used=1171Kb max_used=1171Kb free=118828Kb
 bounds [0x0000016b87ad0000, 0x0000016b87d40000, 0x0000016b8f000000]
CodeHeap 'profiled nmethods': size=120000Kb used=4966Kb max_used=4966Kb free=115034Kb
 bounds [0x0000016b80000000, 0x0000016b804e0000, 0x0000016b87530000]
CodeHeap 'non-nmethods': size=5760Kb used=1373Kb max_used=1388Kb free=4386Kb
 bounds [0x0000016b87530000, 0x0000016b877a0000, 0x0000016b87ad0000]
CodeCache: size=245760Kb, used=7510Kb, max_used=7525Kb, free=238248Kb
 total_blobs=3050, nmethods=2516, adapters=438, full_count=0
Compilation: enabled, stopped_count=0, restarted_count=0

Compilation events (20 events):
Event: 34.836 Thread 0x0000016bfe90f6b0 2506       3       sun.nio.fs.WindowsPath::elementAsString (62 bytes)
Event: 34.837 Thread 0x0000016bfe90f6b0 nmethod 2506 0x0000016b804d6e10 code [0x0000016b804d7020, 0x0000016b804d74b8]
Event: 35.863 Thread 0x0000016bfe90f6b0 2507       3       java.util.stream.ReduceOps$3ReducingSink::accept (15 bytes)
Event: 35.864 Thread 0x0000016bfe90f6b0 nmethod 2507 0x0000016b804d7790 code [0x0000016b804d7940, 0x0000016b804d7b28]
Event: 35.872 Thread 0x0000016bfe8fab80 2508       4       java.util.ArrayDeque::pollFirst (36 bytes)
Event: 35.875 Thread 0x0000016bfe8fab80 nmethod 2508 0x0000016b87bf3c10 code [0x0000016b87bf3da0, 0x0000016b87bf3ee0]
Event: 35.875 Thread 0x0000016bfe8fab80 2509       4       java.lang.String::startsWith (123 bytes)
Event: 35.883 Thread 0x0000016bfe8fab80 nmethod 2509 0x0000016b87bf4010 code [0x0000016b87bf41c0, 0x0000016b87bf44b8]
Event: 36.394 Thread 0x0000016bfe90f6b0 2510       3       java.util.Collections$UnmodifiableCollection::contains (11 bytes)
Event: 36.394 Thread 0x0000016bfe90f6b0 nmethod 2510 0x0000016b804d7c10 code [0x0000016b804d7dc0, 0x0000016b804d7f98]
Event: 36.394 Thread 0x0000016bfe90f6b0 2511       3       java.util.stream.Sink$ChainedReference::cancellationRequested (10 bytes)
Event: 36.394 Thread 0x0000016bfe90f6b0 nmethod 2511 0x0000016b804d8090 code [0x0000016b804d8240, 0x0000016b804d8418]
Event: 36.635 Thread 0x0000016bfe90f6b0 2513       3       java.util.concurrent.locks.AbstractQueuedSynchronizer$ConditionObject::canReacquire (38 bytes)
Event: 36.636 Thread 0x0000016bfe90f6b0 nmethod 2513 0x0000016b804d8510 code [0x0000016b804d86e0, 0x0000016b804d8a28]
Event: 36.666 Thread 0x0000016bfe90f6b0 2515       3       jdk.internal.misc.Unsafe::putReferenceOpaque (9 bytes)
Event: 36.666 Thread 0x0000016bfe90f6b0 nmethod 2515 0x0000016b804d8b90 code [0x0000016b804d8d20, 0x0000016b804d8e80]
Event: 36.697 Thread 0x0000016bfe90f6b0 2516       3       java.util.concurrent.TimeUnit::toNanos (45 bytes)
Event: 36.698 Thread 0x0000016bfe90f6b0 nmethod 2516 0x0000016b804d8f10 code [0x0000016b804d90c0, 0x0000016b804d9310]
Event: 36.712 Thread 0x0000016bfe90f6b0 2517       3       java.util.concurrent.locks.LockSupport::setBlocker (12 bytes)
Event: 36.712 Thread 0x0000016bfe90f6b0 nmethod 2517 0x0000016b804d9390 code [0x0000016b804d9540, 0x0000016b804d9748]

GC Heap History (4 events):
Event: 9.038 GC heap before
{Heap before GC invocations=0 (full 0):
 garbage-first heap   total 262144K, used 26624K [0x00000000e0000000, 0x0000000100000000)
  region size 1024K, 23 young (23552K), 0 survivors (0K)
 Metaspace       used 1135K, committed 1280K, reserved 393216K
  class space    used 83K, committed 128K, reserved 327680K
}
Event: 9.570 GC heap after
{Heap after GC invocations=1 (full 0):
 garbage-first heap   total 262144K, used 10410K [0x00000000e0000000, 0x0000000100000000)
  region size 1024K, 3 young (3072K), 3 survivors (3072K)
 Metaspace       used 1135K, committed 1280K, reserved 393216K
  class space    used 83K, committed 128K, reserved 327680K
}
Event: 18.951 GC heap before
{Heap before GC invocations=1 (full 0):
 garbage-first heap   total 262144K, used 41130K [0x00000000e0000000, 0x0000000100000000)
  region size 1024K, 33 young (33792K), 3 survivors (3072K)
 Metaspace       used 4298K, committed 4480K, reserved 393216K
  class space    used 545K, committed 640K, reserved 327680K
}
Event: 18.955 GC heap after
{Heap after GC invocations=2 (full 0):
 garbage-first heap   total 262144K, used 12036K [0x00000000e0000000, 0x0000000100000000)
  region size 1024K, 2 young (2048K), 2 survivors (2048K)
 Metaspace       used 4298K, committed 4480K, reserved 393216K
  class space    used 545K, committed 640K, reserved 327680K
}

Dll operation events (14 events):
Event: 2.899 Loaded shared library C:\Users\USER\.vscode\extensions\redhat.java-1.55.0-win32-x64\jre\21.0.11-win32-x86_64\bin\java.dll
Event: 4.639 Loaded shared library C:\Users\USER\.vscode\extensions\redhat.java-1.55.0-win32-x64\jre\21.0.11-win32-x86_64\bin\zip.dll
Event: 4.937 Loaded shared library C:\Users\USER\.vscode\extensions\redhat.java-1.55.0-win32-x64\jre\21.0.11-win32-x86_64\bin\instrument.dll
Event: 5.001 Loaded shared library C:\Users\USER\.vscode\extensions\redhat.java-1.55.0-win32-x64\jre\21.0.11-win32-x86_64\bin\net.dll
Event: 5.043 Loaded shared library C:\Users\USER\.vscode\extensions\redhat.java-1.55.0-win32-x64\jre\21.0.11-win32-x86_64\bin\nio.dll
Event: 5.074 Loaded shared library C:\Users\USER\.vscode\extensions\redhat.java-1.55.0-win32-x64\jre\21.0.11-win32-x86_64\bin\zip.dll
Event: 7.436 Loaded shared library C:\Users\USER\.vscode\extensions\redhat.java-1.55.0-win32-x64\jre\21.0.11-win32-x86_64\bin\jimage.dll
Event: 9.675 Loaded shared library C:\Users\USER\.vscode\extensions\redhat.java-1.55.0-win32-x64\jre\21.0.11-win32-x86_64\bin\verify.dll
Event: 14.437 Loaded shared library C:\Users\USER\.gradle\native\c067742578af261105cb4f569cf0c3c89f3d7b1fecec35dd04571415982c5e48\windows-amd64\native-platform.dll
Event: 14.464 Loaded shared library C:\Users\USER\.gradle\native\100fb08df4bc3b14c8652ba06237920a3bd2aa13389f12d3474272988ae205f9\windows-amd64\native-platform-file-events.dll
Event: 24.290 Loaded shared library C:\Users\USER\.vscode\extensions\redhat.java-1.55.0-win32-x64\jre\21.0.11-win32-x86_64\bin\management.dll
Event: 24.297 Loaded shared library C:\Users\USER\.vscode\extensions\redhat.java-1.55.0-win32-x64\jre\21.0.11-win32-x86_64\bin\management_ext.dll
Event: 25.284 Loaded shared library C:\Users\USER\.vscode\extensions\redhat.java-1.55.0-win32-x64\jre\21.0.11-win32-x86_64\bin\extnet.dll
Event: 31.682 Loaded shared library C:\Users\USER\.vscode\extensions\redhat.java-1.55.0-win32-x64\jre\21.0.11-win32-x86_64\bin\sunmscapi.dll

Deoptimization events (20 events):
Event: 32.454 Thread 0x0000016ba81fd600 DEOPT PACKING pc=0x0000016b87b9aee4 sp=0x0000003b717fd8c0
Event: 32.454 Thread 0x0000016ba81fd600 DEOPT UNPACKING pc=0x0000016b87584422 sp=0x0000003b717fd858 mode 2
Event: 32.847 Thread 0x0000016ba81fd600 Uncommon trap: trap_request=0xffffff45 fr.pc=0x0000016b87bd4564 relative=0x0000000000000044
Event: 32.847 Thread 0x0000016ba81fd600 Uncommon trap: reason=unstable_if action=reinterpret pc=0x0000016b87bd4564 method=java.util.concurrent.locks.AbstractQueuedSynchronizer.signalNext(Ljava/util/concurrent/locks/AbstractQueuedSynchronizer$Node;)V @ 10 c2
Event: 32.847 Thread 0x0000016ba81fd600 DEOPT PACKING pc=0x0000016b87bd4564 sp=0x0000003b717fefc0
Event: 32.847 Thread 0x0000016ba81fd600 DEOPT UNPACKING pc=0x0000016b87584422 sp=0x0000003b717fef40 mode 2
Event: 33.249 Thread 0x0000016ba81fcf90 DEOPT PACKING pc=0x0000016b804a16bc sp=0x0000003b716fdfe0
Event: 33.249 Thread 0x0000016ba81fcf90 DEOPT UNPACKING pc=0x0000016b87584bc2 sp=0x0000003b716fd538 mode 0
Event: 33.250 Thread 0x0000016ba81fcf90 DEOPT PACKING pc=0x0000016b804a16bc sp=0x0000003b716fdfe0
Event: 33.250 Thread 0x0000016ba81fcf90 DEOPT UNPACKING pc=0x0000016b87584bc2 sp=0x0000003b716fd538 mode 0
Event: 33.250 Thread 0x0000016ba81fcf90 DEOPT PACKING pc=0x0000016b804a16bc sp=0x0000003b716fdfe0
Event: 33.250 Thread 0x0000016ba81fcf90 DEOPT UNPACKING pc=0x0000016b87584bc2 sp=0x0000003b716fd538 mode 0
Event: 33.251 Thread 0x0000016ba81fcf90 DEOPT PACKING pc=0x0000016b804a16bc sp=0x0000003b716fdfe0
Event: 33.251 Thread 0x0000016ba81fcf90 DEOPT UNPACKING pc=0x0000016b87584bc2 sp=0x0000003b716fd538 mode 0
Event: 33.251 Thread 0x0000016ba81fcf90 DEOPT PACKING pc=0x0000016b804a16bc sp=0x0000003b716fe010
Event: 33.251 Thread 0x0000016ba81fcf90 DEOPT UNPACKING pc=0x0000016b87584bc2 sp=0x0000003b716fd568 mode 0
Event: 33.693 Thread 0x0000016ba8f3ac90 Uncommon trap: trap_request=0xffffff6e fr.pc=0x0000016b87b8c72c relative=0x00000000000003ec
Event: 33.693 Thread 0x0000016ba8f3ac90 Uncommon trap: reason=loop_limit_check action=maybe_recompile pc=0x0000016b87b8c72c method=java.lang.StringLatin1.indexOf([BI[BII)I @ 37 c2
Event: 33.693 Thread 0x0000016ba8f3ac90 DEOPT PACKING pc=0x0000016b87b8c72c sp=0x0000003b719fef80
Event: 33.693 Thread 0x0000016ba8f3ac90 DEOPT UNPACKING pc=0x0000016b87584422 sp=0x0000003b719feee0 mode 2

Classes loaded (20 events):
Event: 33.685 Loading class java/util/Collections$UnmodifiableMap$UnmodifiableEntrySet
Event: 33.685 Loading class java/util/Collections$UnmodifiableMap$UnmodifiableEntrySet done
Event: 33.685 Loading class java/util/Collections$UnmodifiableMap$UnmodifiableEntrySet$1
Event: 33.687 Loading class java/util/Collections$UnmodifiableMap$UnmodifiableEntrySet$1 done
Event: 33.689 Loading class java/util/Collections$UnmodifiableMap$UnmodifiableEntrySet$UnmodifiableEntry
Event: 33.689 Loading class java/util/Collections$UnmodifiableMap$UnmodifiableEntrySet$UnmodifiableEntry done
Event: 33.752 Loading class java/lang/invoke/DirectMethodHandle$StaticAccessor
Event: 33.752 Loading class java/lang/invoke/DirectMethodHandle$StaticAccessor done
Event: 33.785 Loading class java/util/concurrent/CountDownLatch
Event: 33.785 Loading class java/util/concurrent/CountDownLatch done
Event: 33.785 Loading class java/util/concurrent/CountDownLatch$Sync
Event: 33.785 Loading class java/util/concurrent/CountDownLatch$Sync done
Event: 33.818 Loading class java/math/MathContext
Event: 33.818 Loading class java/math/MathContext done
Event: 33.819 Loading class java/math/BigDecimal
Event: 33.822 Loading class java/math/BigDecimal done
Event: 33.837 Loading class jdk/internal/event/ThreadSleepEvent
Event: 33.837 Loading class jdk/internal/event/ThreadSleepEvent done
Event: 33.947 Loading class sun/reflect/generics/tree/VoidDescriptor
Event: 33.947 Loading class sun/reflect/generics/tree/VoidDescriptor done

Classes unloaded (0 events):
No events

Classes redefined (0 events):
No events

Internal exceptions (20 events):
Event: 22.679 Thread 0x0000016bf7f5b410 Exception <a 'java/lang/NoSuchMethodError'{0x00000000edf23340}: 'void java.lang.invoke.DirectMethodHandle$Holder.invokeSpecial(java.lang.Object, java.lang.Object, java.lang.Object, java.lang.Object, java.lang.Object)'> (0x00000000edf23340) 
thrown [s\src\hotspot\share\interpreter\linkResolver.cpp, line 773]
Event: 23.554 Thread 0x0000016bf7f5b410 Exception <a 'java/lang/NoSuchMethodError'{0x00000000ed638c20}: 'int java.lang.invoke.DelegatingMethodHandle$Holder.reinvoke_L(java.lang.Object)'> (0x00000000ed638c20) 
thrown [s\src\hotspot\share\interpreter\linkResolver.cpp, line 773]
Event: 24.196 Thread 0x0000016bf7f5b410 Exception <a 'java/lang/NoSuchMethodError'{0x00000000ed4fbd88}: 'java.lang.Object java.lang.invoke.DirectMethodHandle$Holder.invokeVirtual(java.lang.Object, java.lang.Object, java.lang.Object, java.lang.Object, java.lang.Object, java.lang.Object)'> (0x00000000ed4fbd88) 
thrown [s\src\hotspot\share\interpreter\linkResolver.cpp, line 773]
Event: 24.341 Thread 0x0000016bf7f5b410 Exception <a 'java/lang/NoSuchMethodError'{0x00000000ed252dc8}: 'java.lang.Object java.lang.invoke.DirectMethodHandle$Holder.invokeInterface(java.lang.Object, java.lang.Object)'> (0x00000000ed252dc8) 
thrown [s\src\hotspot\share\interpreter\linkResolver.cpp, line 773]
Event: 24.350 Thread 0x0000016bf7f5b410 Exception <a 'java/lang/NoSuchMethodError'{0x00000000ed2977d0}: 'java.lang.Object java.lang.invoke.DirectMethodHandle$Holder.invokeVirtual(java.lang.Object, java.lang.Object, java.lang.Object, java.lang.Object, java.lang.Object)'> (0x00000000ed2977d0) 
thrown [s\src\hotspot\share\interpreter\linkResolver.cpp, line 773]
Event: 24.355 Thread 0x0000016bf7f5b410 Exception <a 'java/lang/NoSuchMethodError'{0x00000000ed2aa9c0}: 'java.lang.Object java.lang.invoke.Invokers$Holder.invokeExact_MT(java.lang.Object, java.lang.Object, java.lang.Object, java.lang.Object, java.lang.Object, java.lang.Object)'> (0x00000000ed2aa9c0) 
thrown [s\src\hotspot\share\interpreter\linkResolver.cpp, line 773]
Event: 24.403 Thread 0x0000016bf7f5b410 Exception <a 'java/lang/NoSuchMethodError'{0x00000000ed1396e0}: 'java.lang.Object java.lang.invoke.DelegatingMethodHandle$Holder.reinvoke_L(java.lang.Object, java.lang.Object, java.lang.Object, java.lang.Object, java.lang.Object, java.lang.Object, java.lang.Object, java.lang.Object, java.lang.Object, java.lang.Object, java.lang.Object, java.lang.Object, java.lang.Object, java.lang.Object)'> (0x00000000ed1396e0) 
thrown [s\src\hotspot\share\interpreter\linkResolver.cpp, line 773]
Event: 24.467 Thread 0x0000016bf7f5b410 Exception <a 'java/lang/NoSuchMethodError'{0x00000000ed006648}: 'java.lang.Object java.lang.invoke.DirectMethodHandle$Holder.invokeStatic(java.lang.Object, java.lang.Object, java.lang.Object, java.lang.Object, java.lang.Object, java.lang.Object, java.lang.Object, java.lang.Object, java.lang.Object, java.lang.Object, java.lang.Object, java.lang.Object, java.lang.Object)'> (0x00000000ed006648) 
thrown [s\src\hotspot\share\interpreter\linkResolver.cpp, line 773]
Event: 24.471 Thread 0x0000016bf7f5b410 Exception <a 'java/lang/NoSuchMethodError'{0x00000000ed025c50}: 'java.lang.Object java.lang.invoke.DirectMethodHandle$Holder.invokeStatic(java.lang.Object, java.lang.Object, java.lang.Object, java.lang.Object, java.lang.Object, java.lang.Object, java.lang.Object, java.lang.Object, java.lang.Object, java.lang.Object, java.lang.Object, java.lang.Object, java.lang.Object, java.lang.Object)'> (0x00000000ed025c50) 
thrown [s\src\hotspot\share\interpreter\linkResolver.cpp, line 773]
Event: 24.477 Thread 0x0000016bf7f5b410 Exception <a 'java/lang/NoSuchMethodError'{0x00000000ed046220}: 'java.lang.Object java.lang.invoke.DirectMethodHandle$Holder.invokeStatic(java.lang.Object, java.lang.Object, java.lang.Object, java.lang.Object, java.lang.Object, java.lang.Object, java.lang.Object, java.lang.Object, java.lang.Object, java.lang.Object, java.lang.Object, java.lang.Object, java.lang.Object, java.lang.Object, java.lang.Object)'> (0x00000000ed046220) 
thrown [s\src\hotspot\share\interpreter\linkResolver.cpp, line 773]
Event: 24.478 Thread 0x0000016bf7f5b410 Exception <a 'java/lang/NoSuchMethodError'{0x00000000ed068df0}: 'java.lang.Object java.lang.invoke.DirectMethodHandle$Holder.invokeStatic(java.lang.Object, java.lang.Object, java.lang.Object, java.lang.Object, java.lang.Object, java.lang.Object, java.lang.Object, java.lang.Object, java.lang.Object, java.lang.Object, java.lang.Object, java.lang.Object, java.lang.Object, java.lang.Object, java.lang.Object, java.lang.Object)'> (0x00000000ed068df0) 
thrown [s\src\hotspot\share\interpreter\linkResolver.cpp, lin
Event: 24.657 Thread 0x0000016bf7f5b410 Exception <a 'java/lang/NoSuchMethodError'{0x00000000ecea2a90}: 'java.lang.Object java.lang.invoke.DirectMethodHandle$Holder.invokeVirtual(java.lang.Object, java.lang.Object, java.lang.Object, java.lang.Object, java.lang.Object, java.lang.Object, java.lang.Object)'> (0x00000000ecea2a90) 
thrown [s\src\hotspot\share\interpreter\linkResolver.cpp, line 773]
Event: 24.745 Thread 0x0000016bf7f5b410 Exception <a 'java/lang/NoSuchMethodError'{0x00000000ecd306e0}: 'java.lang.Object java.lang.invoke.DirectMethodHandle$Holder.invokeVirtual(java.lang.Object, java.lang.Object, java.lang.Object, java.lang.Object, java.lang.Object, java.lang.Object, java.lang.Object, java.lang.Object, java.lang.Object)'> (0x00000000ecd306e0) 
thrown [s\src\hotspot\share\interpreter\linkResolver.cpp, line 773]
Event: 24.967 Thread 0x0000016bf7f5b410 Exception <a 'java/lang/NoSuchMethodError'{0x00000000eccc3bc8}: 'java.lang.Object java.lang.invoke.DirectMethodHandle$Holder.invokeStaticInit(java.lang.Object, int, int, int, int)'> (0x00000000eccc3bc8) 
thrown [s\src\hotspot\share\interpreter\linkResolver.cpp, line 773]
Event: 25.258 Thread 0x0000016bf7f5b410 Exception <a 'java/lang/NoSuchMethodError'{0x00000000ecba4ab0}: 'java.lang.Object java.lang.invoke.DirectMethodHandle$Holder.invokeStaticInit(java.lang.Object, java.lang.Object, int, int, int, int)'> (0x00000000ecba4ab0) 
thrown [s\src\hotspot\share\interpreter\linkResolver.cpp, line 773]
Event: 30.284 Thread 0x0000016bf7f5b410 Implicit null exception at 0x0000016b87bd9697 to 0x0000016b87bd9ec0
Event: 30.313 Thread 0x0000016bf7f5b410 Exception <a 'java/io/IOException'{0x00000000ec7477f0}> (0x00000000ec7477f0) 
thrown [s\src\hotspot\share\prims\jni.cpp, line 520]
Event: 30.811 Thread 0x0000016bf7f5b410 Implicit null exception at 0x0000016b87b273a0 to 0x0000016b87b2793c
Event: 33.315 Thread 0x0000016ba81fcf90 Exception <a 'java/lang/NoSuchMethodError'{0x00000000ec4fd120}: 'void java.lang.invoke.DirectMethodHandle$Holder.invokeSpecial(java.lang.Object, java.lang.Object, java.lang.Object)'> (0x00000000ec4fd120) 
thrown [s\src\hotspot\share\interpreter\linkResolver.cpp, line 773]
Event: 34.398 Thread 0x0000016ba8f3ac90 Exception <a 'java/lang/NoSuchMethodError'{0x00000000ebd5bcf0}: 'long java.lang.invoke.DirectMethodHandle$Holder.invokeInterface(java.lang.Object, java.lang.Object)'> (0x00000000ebd5bcf0) 
thrown [s\src\hotspot\share\interpreter\linkResolver.cpp, line 773]

ZGC Phase Switch (0 events):
No events

VM Operations (20 events):
Event: 25.213 Executing safepoint VM operation: Cleanup done
Event: 25.396 Executing non-safepoint VM operation: HandshakeAllThreads (Deoptimize)
Event: 25.396 Executing non-safepoint VM operation: HandshakeAllThreads (Deoptimize) done
Event: 26.402 Executing safepoint VM operation: Cleanup
Event: 26.402 Executing safepoint VM operation: Cleanup done
Event: 29.410 Executing safepoint VM operation: Cleanup
Event: 29.425 Executing safepoint VM operation: Cleanup done
Event: 30.426 Executing safepoint VM operation: Cleanup
Event: 30.471 Executing safepoint VM operation: Cleanup done
Event: 31.473 Executing safepoint VM operation: Cleanup
Event: 31.487 Executing safepoint VM operation: Cleanup done
Event: 31.872 Executing non-safepoint VM operation: HandshakeAllThreads (Deoptimize)
Event: 31.872 Executing non-safepoint VM operation: HandshakeAllThreads (Deoptimize) done
Event: 32.870 Executing safepoint VM operation: Cleanup
Event: 32.914 Executing safepoint VM operation: Cleanup done
Event: 33.918 Executing safepoint VM operation: Cleanup
Event: 33.934 Executing safepoint VM operation: Cleanup done
Event: 34.934 Executing safepoint VM operation: Cleanup
Event: 35.862 Executing safepoint VM operation: Cleanup done
Event: 36.864 Executing safepoint VM operation: Cleanup

Memory protections (0 events):
No events

Nmethod flushes (0 events):
No events

Events (20 events):
Event: 4.353 Thread 0x0000016bf7f5b410 Thread added: 0x0000016bfe8f9390
Event: 4.354 Thread 0x0000016bf7f5b410 Thread added: 0x0000016bfe8f9df0
Event: 4.354 Thread 0x0000016bf7f5b410 Thread added: 0x0000016bfe8fab80
Event: 4.358 Thread 0x0000016bf7f5b410 Thread added: 0x0000016bfe90f6b0
Event: 4.947 Thread 0x0000016bf7f5b410 Thread added: 0x0000016bfeafdef0
Event: 5.270 Thread 0x0000016bf7f5b410 Thread added: 0x0000016bfeb864d0
Event: 7.430 Thread 0x0000016bfe90f6b0 Thread added: 0x0000016bfeb9b300
Event: 7.433 Thread 0x0000016bfe8fab80 Thread added: 0x0000016bfebbb950
Event: 7.557 Thread 0x0000016bfebbb950 Thread exited: 0x0000016bfebbb950
Event: 7.869 Thread 0x0000016bfeb9b300 Thread exited: 0x0000016bfeb9b300
Event: 24.386 Thread 0x0000016bf7f5b410 Thread added: 0x0000016ba8ceb1e0
Event: 25.365 Thread 0x0000016bf7f5b410 Thread added: 0x0000016ba8f22350
Event: 30.926 Thread 0x0000016bf7f5b410 Thread added: 0x0000016ba8251cb0
Event: 32.197 Thread 0x0000016ba8f22350 Thread added: 0x0000016ba81fcf90
Event: 32.247 Thread 0x0000016ba81fcf90 Thread added: 0x0000016ba81fd600
Event: 32.865 Thread 0x0000016ba81fcf90 Thread added: 0x0000016ba83dde40
Event: 33.378 Thread 0x0000016ba81fcf90 Thread added: 0x0000016ba8f3ac90
Event: 33.817 Thread 0x0000016ba8f3ac90 Thread added: 0x0000016bfec6aa20
Event: 33.856 Thread 0x0000016ba8f3ac90 Thread added: 0x0000016bfec6b0b0
Event: 33.893 Thread 0x0000016ba8f3ac90 Thread added: 0x0000016bfec6b740


Dynamic libraries:
0x00007ff6ef0b0000 - 0x00007ff6ef0be000 	C:\Users\USER\.vscode\extensions\redhat.java-1.55.0-win32-x64\jre\21.0.11-win32-x86_64\bin\java.exe
0x00007ffa60140000 - 0x00007ffa603a6000 	C:\WINDOWS\SYSTEM32\ntdll.dll
0x00007ffa5f100000 - 0x00007ffa5f1c9000 	C:\WINDOWS\System32\KERNEL32.DLL
0x00007ffa5d5b0000 - 0x00007ffa5d9aa000 	C:\WINDOWS\System32\KERNELBASE.dll
0x00007ffa5d460000 - 0x00007ffa5d5ac000 	C:\WINDOWS\System32\ucrtbase.dll
0x00007ffa495b0000 - 0x00007ffa495c8000 	C:\Users\USER\.vscode\extensions\redhat.java-1.55.0-win32-x64\jre\21.0.11-win32-x86_64\bin\jli.dll
0x00007ffa495d0000 - 0x00007ffa495ee000 	C:\Users\USER\.vscode\extensions\redhat.java-1.55.0-win32-x64\jre\21.0.11-win32-x86_64\bin\VCRUNTIME140.dll
0x00007ffa5fea0000 - 0x00007ffa60067000 	C:\WINDOWS\System32\USER32.dll
0x00007ffa3f680000 - 0x00007ffa3f912000 	C:\WINDOWS\WinSxS\amd64_microsoft.windows.common-controls_6595b64144ccf1df_6.0.26100.8521_none_3e08b75ce33403b3\COMCTL32.dll
0x00007ffa5de80000 - 0x00007ffa5dea7000 	C:\WINDOWS\System32\win32u.dll
0x00007ffa5f280000 - 0x00007ffa5f2ab000 	C:\WINDOWS\System32\GDI32.dll
0x00007ffa5deb0000 - 0x00007ffa5df59000 	C:\WINDOWS\System32\msvcrt.dll
0x00007ffa5dc90000 - 0x00007ffa5ddbb000 	C:\WINDOWS\System32\gdi32full.dll
0x00007ffa5dbe0000 - 0x00007ffa5dc83000 	C:\WINDOWS\System32\msvcp_win.dll
0x00007ffa5fc60000 - 0x00007ffa5fc92000 	C:\WINDOWS\System32\IMM32.DLL
0x00007ffa495a0000 - 0x00007ffa495ac000 	C:\Users\USER\.vscode\extensions\redhat.java-1.55.0-win32-x64\jre\21.0.11-win32-x86_64\bin\vcruntime140_1.dll
0x00007ff9c4810000 - 0x00007ff9c489d000 	C:\Users\USER\.vscode\extensions\redhat.java-1.55.0-win32-x64\jre\21.0.11-win32-x86_64\bin\msvcp140.dll
0x00007ff959c50000 - 0x00007ff95a9f2000 	C:\Users\USER\.vscode\extensions\redhat.java-1.55.0-win32-x64\jre\21.0.11-win32-x86_64\bin\server\jvm.dll
0x00007ffa5fba0000 - 0x00007ffa5fc56000 	C:\WINDOWS\System32\ADVAPI32.dll
0x00007ffa5f1d0000 - 0x00007ffa5f27a000 	C:\WINDOWS\System32\sechost.dll
0x00007ffa5ed80000 - 0x00007ffa5ee98000 	C:\WINDOWS\System32\RPCRT4.dll
0x00007ffa60070000 - 0x00007ffa600f0000 	C:\WINDOWS\System32\WS2_32.dll
0x00007ffa5d230000 - 0x00007ffa5d28e000 	C:\WINDOWS\SYSTEM32\POWRPROF.dll
0x00007ffa4bf90000 - 0x00007ffa4bf9b000 	C:\WINDOWS\SYSTEM32\VERSION.dll
0x00007ffa54dd0000 - 0x00007ffa54e06000 	C:\WINDOWS\SYSTEM32\WINMM.dll
0x00007ffa5c160000 - 0x00007ffa5c17b000 	C:\WINDOWS\SYSTEM32\kernel.appcore.dll
0x00007ffa49570000 - 0x00007ffa4957a000 	C:\Users\USER\.vscode\extensions\redhat.java-1.55.0-win32-x64\jre\21.0.11-win32-x86_64\bin\jimage.dll
0x00007ffa40390000 - 0x00007ffa405d2000 	C:\WINDOWS\SYSTEM32\DBGHELP.DLL
0x00007ffa5e1e0000 - 0x00007ffa5e563000 	C:\WINDOWS\System32\combase.dll
0x00007ffa5e040000 - 0x00007ffa5e119000 	C:\WINDOWS\System32\OLEAUT32.dll
0x00007ffa36930000 - 0x00007ffa3696b000 	C:\WINDOWS\SYSTEM32\dbgcore.DLL
0x00007ffa5d9b0000 - 0x00007ffa5da58000 	C:\WINDOWS\System32\bcryptPrimitives.dll
0x00007ffa49560000 - 0x00007ffa4956f000 	C:\Users\USER\.vscode\extensions\redhat.java-1.55.0-win32-x64\jre\21.0.11-win32-x86_64\bin\instrument.dll
0x00007ffa49540000 - 0x00007ffa49560000 	C:\Users\USER\.vscode\extensions\redhat.java-1.55.0-win32-x64\jre\21.0.11-win32-x86_64\bin\java.dll
0x00007ffa5f390000 - 0x00007ffa5fb14000 	C:\WINDOWS\System32\SHELL32.dll
0x00007ffa5afb0000 - 0x00007ffa5b830000 	C:\WINDOWS\SYSTEM32\windows.storage.dll
0x00007ffa5e7f0000 - 0x00007ffa5e8e6000 	C:\WINDOWS\System32\SHCORE.dll
0x00007ffa5fb20000 - 0x00007ffa5fb87000 	C:\WINDOWS\System32\shlwapi.dll
0x00007ffa5d2f0000 - 0x00007ffa5d319000 	C:\WINDOWS\SYSTEM32\profapi.dll
0x00007ffa494f0000 - 0x00007ffa49508000 	C:\Users\USER\.vscode\extensions\redhat.java-1.55.0-win32-x64\jre\21.0.11-win32-x86_64\bin\zip.dll
0x00007ffa494e0000 - 0x00007ffa494f0000 	C:\Users\USER\.vscode\extensions\redhat.java-1.55.0-win32-x64\jre\21.0.11-win32-x86_64\bin\net.dll
0x00007ffa4f1b0000 - 0x00007ffa4f2d9000 	C:\WINDOWS\SYSTEM32\WINHTTP.dll
0x00007ffa5c6d0000 - 0x00007ffa5c73c000 	C:\WINDOWS\system32\mswsock.dll
0x00007ffa28e00000 - 0x00007ffa28e16000 	C:\Users\USER\.vscode\extensions\redhat.java-1.55.0-win32-x64\jre\21.0.11-win32-x86_64\bin\nio.dll
0x00007ffa3e450000 - 0x00007ffa3e460000 	C:\Users\USER\.vscode\extensions\redhat.java-1.55.0-win32-x64\jre\21.0.11-win32-x86_64\bin\verify.dll
0x00007ffa29300000 - 0x00007ffa29327000 	C:\Users\USER\.gradle\native\c067742578af261105cb4f569cf0c3c89f3d7b1fecec35dd04571415982c5e48\windows-amd64\native-platform.dll
0x00007ffa1ee80000 - 0x00007ffa1efc4000 	C:\Users\USER\.gradle\native\100fb08df4bc3b14c8652ba06237920a3bd2aa13389f12d3474272988ae205f9\windows-amd64\native-platform-file-events.dll
0x00007ffa1c2a0000 - 0x00007ffa1c2aa000 	C:\Users\USER\.vscode\extensions\redhat.java-1.55.0-win32-x64\jre\21.0.11-win32-x86_64\bin\management.dll
0x00007ff9e2e10000 - 0x00007ff9e2e1c000 	C:\Users\USER\.vscode\extensions\redhat.java-1.55.0-win32-x64\jre\21.0.11-win32-x86_64\bin\management_ext.dll
0x00007ffa5e030000 - 0x00007ffa5e038000 	C:\WINDOWS\System32\PSAPI.DLL
0x00007ffa5c9b0000 - 0x00007ffa5c9cb000 	C:\WINDOWS\SYSTEM32\CRYPTSP.dll
0x00007ffa5c0c0000 - 0x00007ffa5c0f9000 	C:\WINDOWS\system32\rsaenh.dll
0x00007ffa5c780000 - 0x00007ffa5c7b3000 	C:\WINDOWS\SYSTEM32\USERENV.dll
0x00007ffa5d2c0000 - 0x00007ffa5d2ea000 	C:\WINDOWS\SYSTEM32\bcrypt.dll
0x00007ffa5c9d0000 - 0x00007ffa5c9dc000 	C:\WINDOWS\SYSTEM32\CRYPTBASE.dll
0x00007ffa5bb00000 - 0x00007ffa5bb33000 	C:\WINDOWS\SYSTEM32\IPHLPAPI.DLL
0x00007ffa5e570000 - 0x00007ffa5e57a000 	C:\WINDOWS\System32\NSI.dll
0x00007ff9e2490000 - 0x00007ff9e2499000 	C:\Users\USER\.vscode\extensions\redhat.java-1.55.0-win32-x64\jre\21.0.11-win32-x86_64\bin\extnet.dll
0x00007ff9e3140000 - 0x00007ff9e314e000 	C:\Users\USER\.vscode\extensions\redhat.java-1.55.0-win32-x64\jre\21.0.11-win32-x86_64\bin\sunmscapi.dll
0x00007ffa5da60000 - 0x00007ffa5dbd8000 	C:\WINDOWS\System32\CRYPT32.dll
0x00007ffa5cbd0000 - 0x00007ffa5cc00000 	C:\WINDOWS\SYSTEM32\ncrypt.dll
0x00007ffa5cb80000 - 0x00007ffa5cbbf000 	C:\WINDOWS\SYSTEM32\NTASN1.dll
0x00007ffa31770000 - 0x00007ffa31778000 	C:\WINDOWS\system32\wshunix.dll

JVMTI agents:
C:\Users\USER\.gradle\wrapper\dists\gradle-8.9-bin\90cnw93cvbtalezasaz0blq0a\gradle-8.9\lib\agents\gradle-instrumentation-agent-8.9.jar path:C:\Users\USER\.vscode\extensions\redhat.java-1.55.0-win32-x64\jre\21.0.11-win32-x86_64\bin\instrument.dll, loaded, initialized, instrumentlib options:none

dbghelp: loaded successfully - version: 4.0.5 - missing functions: none
symbol engine: initialized successfully - sym options: 0x614 - pdb path: .;C:\Users\USER\.vscode\extensions\redhat.java-1.55.0-win32-x64\jre\21.0.11-win32-x86_64\bin;C:\WINDOWS\SYSTEM32;C:\WINDOWS\WinSxS\amd64_microsoft.windows.common-controls_6595b64144ccf1df_6.0.26100.8521_none_3e08b75ce33403b3;C:\Users\USER\.vscode\extensions\redhat.java-1.55.0-win32-x64\jre\21.0.11-win32-x86_64\bin\server;C:\Users\USER\.gradle\native\c067742578af261105cb4f569cf0c3c89f3d7b1fecec35dd04571415982c5e48\windows-amd64;C:\Users\USER\.gradle\native\100fb08df4bc3b14c8652ba06237920a3bd2aa13389f12d3474272988ae205f9\windows-amd64

VM Arguments:
jvm_args: --add-opens=java.base/java.util=ALL-UNNAMED --add-opens=java.base/java.lang=ALL-UNNAMED --add-opens=java.base/java.lang.invoke=ALL-UNNAMED --add-opens=java.prefs/java.util.prefs=ALL-UNNAMED --add-exports=jdk.compiler/com.sun.tools.javac.api=ALL-UNNAMED --add-exports=jdk.compiler/com.sun.tools.javac.util=ALL-UNNAMED --add-opens=java.base/java.nio.charset=ALL-UNNAMED --add-opens=java.base/java.net=ALL-UNNAMED --add-opens=java.base/java.util.concurrent.atomic=ALL-UNNAMED -XX:MaxMetaspaceSize=384m -XX:+HeapDumpOnOutOfMemoryError -Xms256m -Xmx512m -Dfile.encoding=utf8 -Duser.country=ZW -Duser.language=en -Duser.variant -javaagent:C:\Users\USER\.gradle\wrapper\dists\gradle-8.9-bin\90cnw93cvbtalezasaz0blq0a\gradle-8.9\lib\agents\gradle-instrumentation-agent-8.9.jar 
java_command: org.gradle.launcher.daemon.bootstrap.GradleDaemon 8.9
java_class_path (initial): C:\Users\USER\.gradle\wrapper\dists\gradle-8.9-bin\90cnw93cvbtalezasaz0blq0a\gradle-8.9\lib\gradle-daemon-main-8.9.jar
Launcher Type: SUN_STANDARD

[Global flags]
     intx CICompilerCount                          = 4                                         {product} {ergonomic}
   size_t CompressedClassSpaceSize                 = 335544320                                 {product} {ergonomic}
     uint ConcGCThreads                            = 2                                         {product} {ergonomic}
     uint G1ConcRefinementThreads                  = 8                                         {product} {ergonomic}
   size_t G1HeapRegionSize                         = 1048576                                   {product} {ergonomic}
    uintx GCDrainStackTargetSize                   = 64                                        {product} {ergonomic}
     bool HeapDumpOnOutOfMemoryError               = true                                   {manageable} {command line}
   size_t InitialHeapSize                          = 268435456                                 {product} {command line}
   size_t MarkStackSize                            = 4194304                                   {product} {ergonomic}
   size_t MaxHeapSize                              = 536870912                                 {product} {command line}
   size_t MaxMetaspaceSize                         = 402653184                                 {product} {command line}
   size_t MaxNewSize                               = 321912832                                 {product} {ergonomic}
   size_t MinHeapDeltaBytes                        = 1048576                                   {product} {ergonomic}
   size_t MinHeapSize                              = 268435456                                 {product} {command line}
    uintx NonNMethodCodeHeapSize                   = 5839372                                {pd product} {ergonomic}
    uintx NonProfiledCodeHeapSize                  = 122909434                              {pd product} {ergonomic}
    uintx ProfiledCodeHeapSize                     = 122909434                              {pd product} {ergonomic}
    uintx ReservedCodeCacheSize                    = 251658240                              {pd product} {ergonomic}
     bool SegmentedCodeCache                       = true                                      {product} {ergonomic}
   size_t SoftMaxHeapSize                          = 536870912                              {manageable} {ergonomic}
     bool UseCompressedOops                        = true                           {product lp64_product} {ergonomic}
     bool UseG1GC                                  = true                                      {product} {ergonomic}
     bool UseLargePagesIndividualAllocation        = false                                  {pd product} {ergonomic}

Logging:
Log output configuration:
 #0: stdout all=warning uptime,level,tags foldmultilines=false
 #1: stderr all=off uptime,level,tags foldmultilines=false

Release file:
JAVA_VERSION="21.0.11" 
MODULES="java.base java.compiler java.datatransfer java.xml java.prefs java.desktop java.instrument java.logging java.management java.security.sasl java.naming java.rmi java.management.rmi java.net.http java.scripting java.security.jgss java.transaction.xa java.sql java.sql.rowset java.xml.crypto java.se java.smartcardio jdk.accessibility jdk.internal.jvmstat jdk.attach jdk.charsets jdk.internal.opt jdk.zipfs jdk.compiler jdk.crypto.ec jdk.crypto.cryptoki jdk.crypto.mscapi jdk.dynalink jdk.internal.ed jdk.editpad jdk.hotspot.agent jdk.httpserver jdk.internal.le jdk.internal.vm.ci jdk.internal.vm.compiler jdk.internal.vm.compiler.management jdk.jartool jdk.javadoc jdk.jcmd jdk.management jdk.management.agent jdk.jconsole jdk.jdeps jdk.jdwp.agent jdk.jdi jdk.jfr jdk.jshell jdk.jsobject jdk.jstatd jdk.localedata jdk.management.jfr jdk.naming.dns jdk.naming.rmi jdk.net jdk.nio.mapmode jdk.random jdk.sctp jdk.security.auth jdk.security.jgss jdk.unsupported jdk.unsupported.desktop jdk.xml.dom" 

Environment Variables:
JAVA_HOME=C:\Program Files\Android\Android Studio\jbr
PATH=C:\Program Files\Eclipse Adoptium\jdk-17.0.19.10-hotspot\bin;C:\Program Files (x86)\Common Files\Intel\Shared Libraries\redist\intel64\compiler;C:\Program Files\Eclipse Adoptium\jdk-25.0.0.36-hotspot\bin;C:\Program Files (x86)\Common Files\Intel\Shared Files\cpp\bin\Intel64;C:\WINDOWS\system32;C:\WINDOWS;C:\WINDOWS\System32\Wbem;C:\WINDOWS\System32\WindowsPowerShell\v1.0\;C:\WINDOWS\System32\OpenSSH\;C:\ProgramData\chocolatey\bin;C:\Program Files\nodejs\;C:\Program Files\Git\cmd;C:\Users\USER\AppData\Local\Programs\Python\Python313\Scripts\;C:\Users\USER\AppData\Local\Programs\Python\Python313\;C:\Users\USER\AppData\Local\Microsoft\WindowsApps;C:\Users\USER\AppData\Local\Programs\Microsoft VS Code\bin;C:\Users\USER\AppData\Local\GitHubDesktop\bin;C:\Users\USER\AppData\Roaming\npm;C:\Users\USER\AppData\Local\Programs\mongosh\;
USERNAME=USER
OS=Windows_NT
PROCESSOR_IDENTIFIER=Intel64 Family 6 Model 186 Stepping 3, GenuineIntel
TMP=C:\Users\USER\AppData\Local\Temp
TEMP=C:\Users\USER\AppData\Local\Temp




Periodic native trim disabled

---------------  S Y S T E M  ---------------

OS:
 Windows 11 , 64 bit Build 26100 (10.0.26100.8521)
OS uptime: 0 days 1:05 hours

CPU: total 8 (initial active 8) (8 cores per cpu, 1 threads per core) family 6 model 186 stepping 3 microcode 0x6134, cx8, cmov, fxsr, mmx, 3dnowpref, sse, sse2, sse3, ssse3, sse4.1, sse4.2, popcnt, lzcnt, tsc, tscinvbit, avx, avx2, aes, erms, clmul, bmi1, bmi2, adx, sha, fma, vzeroupper, clflush, clflushopt, clwb, serialize, rdtscp, rdpid, fsrm, f16c, pku, cet_ibt, cet_ss
Processor Information for the first 8 processors :
  Max Mhz: 1200, Current Mhz: 1200, Mhz Limit: 1200

Memory: 4k page, system-wide physical 7835M (562M free)
TotalPageFile size 31387M (AvailPageFile size 1131M)
current process WorkingSet (physical memory assigned to process): 101M, peak: 126M
current process commit charge ("private bytes"): 378M, peak: 379M

vm_info: OpenJDK 64-Bit Server VM (21.0.11+10-LTS) for windows-amd64 JRE (21.0.11+10-LTS), built on 2026-04-21T00:00:00Z by "admin" with MS VC++ 17.12 (VS2022)

END.
