#
# There is insufficient memory for the Java Runtime Environment to continue.
# Native memory allocation (mmap) failed to map 65536 bytes. Error detail: Failed to commit metaspace.
# Possible reasons:
#   The system is out of physical RAM or swap space
#   This process is running with CompressedOops enabled, and the Java Heap may be blocking the growth of the native heap
# Possible solutions:
#   Reduce memory load on the system
#   Increase physical memory or swap space
#   Check if swap backing store is full
#   Decrease Java heap size (-Xmx/-Xms)
#   Decrease Java thread stack sizes (-Xss)
#   Set larger code cache with -XX:ReservedCodeCacheSize=
#   JVM is running with Unscaled Compressed Oops mode in which the Java heap is
#     placed in the first 4GB address space. The Java Heap base address is the
#     maximum limit for the native heap growth. Please use -XX:HeapBaseMinAddress
#     to set the Java Heap base and to place the Java Heap above 4GB virtual address.
# This output file may be truncated or incomplete.
#
#  Out of Memory Error (virtualSpaceNode.cpp:113), pid=31484, tid=5988
#
# JRE version: OpenJDK Runtime Environment Temurin-21.0.11+10 (21.0.11+10) (build 21.0.11+10-LTS)
# Java VM: OpenJDK 64-Bit Server VM Temurin-21.0.11+10 (21.0.11+10-LTS, mixed mode, sharing, tiered, compressed oops, compressed class ptrs, g1 gc, windows-amd64)
# No core dump will be written. Minidumps are not enabled by default on client versions of Windows
#

---------------  S U M M A R Y ------------

Command Line: --add-opens=java.base/java.util=ALL-UNNAMED --add-opens=java.base/java.lang=ALL-UNNAMED --add-opens=java.base/java.lang.invoke=ALL-UNNAMED --add-opens=java.prefs/java.util.prefs=ALL-UNNAMED --add-exports=jdk.compiler/com.sun.tools.javac.api=ALL-UNNAMED --add-exports=jdk.compiler/com.sun.tools.javac.util=ALL-UNNAMED --add-opens=java.base/java.nio.charset=ALL-UNNAMED --add-opens=java.base/java.net=ALL-UNNAMED --add-opens=java.base/java.util.concurrent.atomic=ALL-UNNAMED -XX:MaxMetaspaceSize=384m -XX:+HeapDumpOnOutOfMemoryError -Xms256m -Xmx512m -Dfile.encoding=utf8 -Duser.country=ZW -Duser.language=en -Duser.variant -javaagent:C:\Users\USER\.gradle\wrapper\dists\gradle-8.9-bin\90cnw93cvbtalezasaz0blq0a\gradle-8.9\lib\agents\gradle-instrumentation-agent-8.9.jar org.gradle.launcher.daemon.bootstrap.GradleDaemon 8.9

Host: 13th Gen Intel(R) Core(TM) i3-1315U, 8 cores, 7G,  Windows 11 , 64 bit Build 26100 (10.0.26100.8521)
Time: Tue Jul 14 12:33:20 2026 South Africa Standard Time elapsed time: 58.794417 seconds (0d 0h 0m 58s)

---------------  T H R E A D  ---------------

Current thread (0x000001b4e3950d10):  JavaThread "Daemon worker"        [_thread_in_vm, id=5988, stack(0x0000000ba1b00000,0x0000000ba1c00000) (1024K)]

Stack: [0x0000000ba1b00000,0x0000000ba1c00000]
Native frames: (J=compiled Java code, j=interpreted, Vv=VM code, C=native code)
V  [jvm.dll+0x6d7e19]
V  [jvm.dll+0x8b5096]
V  [jvm.dll+0x8b764e]
V  [jvm.dll+0x8b7d33]
V  [jvm.dll+0x284596]
V  [jvm.dll+0x8b0dde]
V  [jvm.dll+0x6795e4]
V  [jvm.dll+0x1e849b]
V  [jvm.dll+0x1e825e]
V  [jvm.dll+0x67bee2]
V  [jvm.dll+0x67bd12]
V  [jvm.dll+0x679fbe]
V  [jvm.dll+0x3c7603]
V  [jvm.dll+0x2118db]
V  [jvm.dll+0x5b65b9]
V  [jvm.dll+0x82f046]
V  [jvm.dll+0x478ec8]
V  [jvm.dll+0x47ecf8]
C  [java.dll+0x17ec]

Java frames: (J=compiled Java code, j=interpreted, Vv=VM code)
J 799  java.lang.ClassLoader.defineClass1(Ljava/lang/ClassLoader;Ljava/lang/String;[BIILjava/security/ProtectionDomain;Ljava/lang/String;)Ljava/lang/Class; java.base@21.0.11 (0 bytes) @ 0x000001b4d8980291 [0x000001b4d89801c0+0x00000000000000d1]
J 1296 c1 java.lang.ClassLoader.defineClass(Ljava/lang/String;[BIILjava/security/ProtectionDomain;)Ljava/lang/Class; java.base@21.0.11 (43 bytes) @ 0x000001b4d10ba874 [0x000001b4d10ba520+0x0000000000000354]
J 1317 c1 java.security.SecureClassLoader.defineClass(Ljava/lang/String;[BIILjava/security/CodeSource;)Ljava/lang/Class; java.base@21.0.11 (16 bytes) @ 0x000001b4d10cd89c [0x000001b4d10cd7c0+0x00000000000000dc]
J 1318 c1 java.net.URLClassLoader.defineClass(Ljava/lang/String;Ljdk/internal/loader/Resource;)Ljava/lang/Class; java.base@21.0.11 (224 bytes) @ 0x000001b4d10cbbc4 [0x000001b4d10ca480+0x0000000000001744]
J 1004 c1 java.net.URLClassLoader$1.run()Ljava/lang/Class; java.base@21.0.11 (81 bytes) @ 0x000001b4d1003f6c [0x000001b4d1003340+0x0000000000000c2c]
J 933 c1 java.net.URLClassLoader$1.run()Ljava/lang/Object; java.base@21.0.11 (5 bytes) @ 0x000001b4d0fe6054 [0x000001b4d0fe5fc0+0x0000000000000094]
J 729 c1 java.security.AccessController.doPrivileged(Ljava/security/PrivilegedExceptionAction;Ljava/security/AccessControlContext;)Ljava/lang/Object; java.base@21.0.11 (26 bytes) @ 0x000001b4d0f8078c [0x000001b4d0f805a0+0x00000000000001ec]
J 855 c1 java.net.URLClassLoader.findClass(Ljava/lang/String;)Ljava/lang/Class; java.base@21.0.11 (47 bytes) @ 0x000001b4d0fc62c4 [0x000001b4d0fc6120+0x00000000000001a4]
J 857 c1 java.lang.ClassLoader.loadClass(Ljava/lang/String;Z)Ljava/lang/Class; java.base@21.0.11 (121 bytes) @ 0x000001b4d0fc76a4 [0x000001b4d0fc70e0+0x00000000000005c4]
J 857 c1 java.lang.ClassLoader.loadClass(Ljava/lang/String;Z)Ljava/lang/Class; java.base@21.0.11 (121 bytes) @ 0x000001b4d0fc746c [0x000001b4d0fc70e0+0x000000000000038c]
J 928 c1 java.lang.ClassLoader.loadClass(Ljava/lang/String;)Ljava/lang/Class; java.base@21.0.11 (7 bytes) @ 0x000001b4d0fe3354 [0x000001b4d0fe3240+0x0000000000000114]
v  ~StubRoutines::call_stub 0x000001b4d839100d
j  org.gradle.api.internal.artifacts.DependencyManagementBuildSessionScopeServices.createComponentSelectionDescriptorFactory()Lorg/gradle/api/internal/artifacts/ivyservice/resolveengine/result/ComponentSelectionDescriptorFactory;+0
j  java.lang.invoke.DirectMethodHandle$Holder.invokeVirtual(Ljava/lang/Object;Ljava/lang/Object;)Ljava/lang/Object;+10 java.base@21.0.11
J 1632 c1 java.lang.invoke.LambdaForm$MH+0x000001b4e501c000.invoke(Ljava/lang/Object;Ljava/lang/Object;)Ljava/lang/Object; java.base@21.0.11 (35 bytes) @ 0x000001b4d118666c [0x000001b4d1186100+0x000000000000056c]
J 2253 c1 jdk.internal.reflect.DirectMethodHandleAccessor.invoke(Ljava/lang/Object;[Ljava/lang/Object;)Ljava/lang/Object; java.base@21.0.11 (92 bytes) @ 0x000001b4d12cda5c [0x000001b4d12cba40+0x000000000000201c]
J 2252 c1 java.lang.reflect.Method.invoke(Ljava/lang/Object;[Ljava/lang/Object;)Ljava/lang/Object; java.base@21.0.11 (108 bytes) @ 0x000001b4d12cb1d4 [0x000001b4d12cacc0+0x0000000000000514]
j  org.gradle.internal.reflect.JavaMethod.invoke(Ljava/lang/Object;[Ljava/lang/Object;)Ljava/lang/Object;+6
j  org.gradle.internal.service.ReflectionBasedServiceMethod.invoke(Ljava/lang/Object;[Ljava/lang/Object;)Ljava/lang/Object;+6
j  org.gradle.internal.service.DefaultServiceRegistry$FactoryMethodService.invokeMethod([Ljava/lang/Object;)Ljava/lang/Object;+9
j  org.gradle.internal.service.DefaultServiceRegistry$FactoryService.createServiceInstance()Ljava/lang/Object;+7
J 2668 c1 org.gradle.internal.service.DefaultServiceRegistry$ManagedObjectServiceProvider.getInstance()Ljava/lang/Object; (47 bytes) @ 0x000001b4d139920c [0x000001b4d1399060+0x00000000000001ac]
J 2667 c1 org.gradle.internal.service.DefaultServiceRegistry$SingletonService.get()Ljava/lang/Object; (5 bytes) @ 0x000001b4d1398d3c [0x000001b4d1398cc0+0x000000000000007c]
j  org.gradle.internal.service.DefaultServiceRegistry$FactoryService.assembleParameters()[Ljava/lang/Object;+44
j  org.gradle.internal.service.DefaultServiceRegistry$FactoryService.createServiceInstance()Ljava/lang/Object;+1
J 2668 c1 org.gradle.internal.service.DefaultServiceRegistry$ManagedObjectServiceProvider.getInstance()Ljava/lang/Object; (47 bytes) @ 0x000001b4d139920c [0x000001b4d1399060+0x00000000000001ac]
J 2667 c1 org.gradle.internal.service.DefaultServiceRegistry$SingletonService.get()Ljava/lang/Object; (5 bytes) @ 0x000001b4d1398d3c [0x000001b4d1398cc0+0x000000000000007c]
j  org.gradle.internal.service.DefaultServiceRegistry.getCollectionService(Ljava/lang/Class;Lorg/gradle/internal/service/ServiceProvider;)Lorg/gradle/internal/service/Service;+76
j  org.gradle.internal.service.DefaultServiceRegistry.getCollectionService(Ljava/lang/reflect/Type;Lorg/gradle/internal/service/ServiceProvider;)Lorg/gradle/internal/service/Service;+14
j  org.gradle.internal.service.DefaultServiceRegistry.find(Ljava/lang/reflect/Type;Lorg/gradle/internal/service/ServiceProvider;)Lorg/gradle/internal/service/Service;+77
j  org.gradle.internal.service.DefaultServiceRegistry.access$1700(Ljava/lang/reflect/Type;Lorg/gradle/internal/service/ServiceProvider;)Lorg/gradle/internal/service/Service;+2
j  org.gradle.internal.service.DefaultServiceRegistry$FactoryService.bind()V+143
J 2666 c1 org.gradle.internal.service.DefaultServiceRegistry$SingletonService.prepare()Lorg/gradle/internal/service/Service; (111 bytes) @ 0x000001b4d1397c84 [0x000001b4d1397a40+0x0000000000000244]
j  org.gradle.internal.service.DefaultServiceRegistry$SingletonService.getService(Ljava/lang/reflect/Type;)Lorg/gradle/internal/service/Service;+14
J 2728 c1 org.gradle.internal.service.DefaultServiceRegistry$OwnServices.getService(Ljava/lang/reflect/Type;)Lorg/gradle/internal/service/Service; (309 bytes) @ 0x000001b4d13c141c [0x000001b4d13bef60+0x00000000000024bc]
J 2729 c1 org.gradle.internal.service.DefaultServiceRegistry$CompositeServiceProvider.getService(Ljava/lang/reflect/Type;)Lorg/gradle/internal/service/Service; (49 bytes) @ 0x000001b4d13be69c [0x000001b4d13be560+0x000000000000013c]
j  org.gradle.internal.service.DefaultServiceRegistry.find(Ljava/lang/reflect/Type;Lorg/gradle/internal/service/ServiceProvider;)Lorg/gradle/internal/service/Service;+112
j  org.gradle.internal.service.DefaultServiceRegistry.access$1700(Ljava/lang/reflect/Type;Lorg/gradle/internal/service/ServiceProvider;)Lorg/gradle/internal/service/Service;+2
j  org.gradle.internal.service.DefaultServiceRegistry$FactoryService.bind()V+143
J 2666 c1 org.gradle.internal.service.DefaultServiceRegistry$SingletonService.prepare()Lorg/gradle/internal/service/Service; (111 bytes) @ 0x000001b4d1397c84 [0x000001b4d1397a40+0x0000000000000244]
j  org.gradle.internal.service.DefaultServiceRegistry$SingletonService.getService(Ljava/lang/reflect/Type;)Lorg/gradle/internal/service/Service;+14
j  org.gradle.internal.service.DefaultServiceRegistry$OwnServices.getService(Ljava/lang/reflect/Type;)Lorg/gradle/internal/service/Service;+41
j  org.gradle.internal.service.DefaultServiceRegistry$CompositeServiceProvider.getService(Ljava/lang/reflect/Type;)Lorg/gradle/internal/service/Service;+26
j  org.gradle.internal.service.DefaultServiceRegistry.find(Ljava/lang/reflect/Type;Lorg/gradle/internal/service/ServiceProvider;)Lorg/gradle/internal/service/Service;+112
j  org.gradle.internal.service.DefaultServiceRegistry.getService(Ljava/lang/reflect/Type;)Lorg/gradle/internal/service/Service;+9
j  org.gradle.internal.service.DefaultServiceRegistry.find(Ljava/lang/reflect/Type;)Ljava/lang/Object;+9
j  org.gradle.internal.service.DefaultServiceRegistry.get(Ljava/lang/reflect/Type;)Ljava/lang/Object;+2
j  org.gradle.internal.service.DefaultServiceRegistry.get(Ljava/lang/Class;)Ljava/lang/Object;+3
j  org.gradle.internal.session.DefaultBuildSessionContext.execute(Lorg/gradle/internal/invocation/BuildAction;)Lorg/gradle/internal/buildtree/BuildActionRunner$Result;+54
j  org.gradle.internal.buildprocess.execution.BuildSessionLifecycleBuildActionExecutor$ActionImpl.apply(Lorg/gradle/internal/session/BuildSessionContext;)Lorg/gradle/launcher/exec/BuildActionResult;+6
j  org.gradle.internal.buildprocess.execution.BuildSessionLifecycleBuildActionExecutor$ActionImpl.apply(Ljava/lang/Object;)Ljava/lang/Object;+5
j  org.gradle.internal.session.BuildSessionState.run(Ljava/util/function/Function;)Ljava/lang/Object;+5
j  org.gradle.internal.buildprocess.execution.BuildSessionLifecycleBuildActionExecutor.execute(Lorg/gradle/internal/invocation/BuildAction;Lorg/gradle/launcher/exec/BuildActionParameters;Lorg/gradle/initialization/BuildRequestContext;)Lorg/gradle/launcher/exec/BuildActionResult;+95
j  org.gradle.internal.buildprocess.execution.BuildSessionLifecycleBuildActionExecutor.execute(Lorg/gradle/internal/invocation/BuildAction;Ljava/lang/Object;Ljava/lang/Object;)Lorg/gradle/launcher/exec/BuildActionResult;+10
j  org.gradle.internal.buildprocess.execution.StartParamsValidatingActionExecutor.execute(Lorg/gradle/internal/invocation/BuildAction;Lorg/gradle/launcher/exec/BuildActionParameters;Lorg/gradle/initialization/BuildRequestContext;)Lorg/gradle/launcher/exec/BuildActionResult;+203
j  org.gradle.internal.buildprocess.execution.StartParamsValidatingActionExecutor.execute(Lorg/gradle/internal/invocation/BuildAction;Ljava/lang/Object;Ljava/lang/Object;)Lorg/gradle/launcher/exec/BuildActionResult;+10
j  org.gradle.internal.buildprocess.execution.SessionFailureReportingActionExecutor.execute(Lorg/gradle/internal/invocation/BuildAction;Lorg/gradle/launcher/exec/BuildActionParameters;Lorg/gradle/initialization/BuildRequestContext;)Lorg/gradle/launcher/exec/BuildActionResult;+7
j  org.gradle.internal.buildprocess.execution.SessionFailureReportingActionExecutor.execute(Lorg/gradle/internal/invocation/BuildAction;Ljava/lang/Object;Ljava/lang/Object;)Lorg/gradle/launcher/exec/BuildActionResult;+10
j  org.gradle.internal.buildprocess.execution.SetupLoggingActionExecutor.execute(Lorg/gradle/internal/invocation/BuildAction;Lorg/gradle/launcher/exec/BuildActionParameters;Lorg/gradle/initialization/BuildRequestContext;)Lorg/gradle/launcher/exec/BuildActionResult;+50
j  org.gradle.internal.buildprocess.execution.SetupLoggingActionExecutor.execute(Lorg/gradle/internal/invocation/BuildAction;Ljava/lang/Object;Ljava/lang/Object;)Lorg/gradle/launcher/exec/BuildActionResult;+10
j  org.gradle.launcher.daemon.server.exec.ExecuteBuild.doBuild(Lorg/gradle/launcher/daemon/server/api/DaemonCommandExecution;Lorg/gradle/launcher/daemon/protocol/Build;)V+147
j  org.gradle.launcher.daemon.server.exec.BuildCommandOnly.execute(Lorg/gradle/launcher/daemon/server/api/DaemonCommandExecution;)V+49
j  org.gradle.launcher.daemon.server.api.DaemonCommandExecution.proceed()Z+23
j  org.gradle.launcher.daemon.server.exec.WatchForDisconnection.execute(Lorg/gradle/launcher/daemon/server/api/DaemonCommandExecution;)V+19
j  org.gradle.launcher.daemon.server.api.DaemonCommandExecution.proceed()Z+23
j  org.gradle.launcher.daemon.server.exec.ResetDeprecationLogger.execute(Lorg/gradle/launcher/daemon/server/api/DaemonCommandExecution;)V+7
j  org.gradle.launcher.daemon.server.api.DaemonCommandExecution.proceed()Z+23
j  org.gradle.launcher.daemon.server.exec.RequestStopIfSingleUsedDaemon.execute(Lorg/gradle/launcher/daemon/server/api/DaemonCommandExecution;)V+33
j  org.gradle.launcher.daemon.server.api.DaemonCommandExecution.proceed()Z+23
j  org.gradle.launcher.daemon.server.exec.ForwardClientInput.lambda$execute$0(Lorg/gradle/launcher/daemon/server/api/DaemonCommandExecution;Lorg/gradle/internal/daemon/clientinput/StdinHandler;)Ljava/lang/Object;+11
j  org.gradle.launcher.daemon.server.exec.ForwardClientInput$$Lambda+0x000001b4e518e538.apply(Ljava/lang/Object;)Ljava/lang/Object;+8
j  org.gradle.internal.daemon.clientinput.ClientInputForwarder.forwardInput(Ljava/util/function/Function;)Ljava/lang/Object;+46
j  org.gradle.launcher.daemon.server.exec.ForwardClientInput.execute(Lorg/gradle/launcher/daemon/server/api/DaemonCommandExecution;)V+10
j  org.gradle.launcher.daemon.server.api.DaemonCommandExecution.proceed()Z+23
j  org.gradle.launcher.daemon.server.exec.LogAndCheckHealth.execute(Lorg/gradle/launcher/daemon/server/api/DaemonCommandExecution;)V+51
j  org.gradle.launcher.daemon.server.api.DaemonCommandExecution.proceed()Z+23
j  org.gradle.launcher.daemon.server.exec.LogToClient.doBuild(Lorg/gradle/launcher/daemon/server/api/DaemonCommandExecution;Lorg/gradle/launcher/daemon/protocol/Build;)V+87
j  org.gradle.launcher.daemon.server.exec.BuildCommandOnly.execute(Lorg/gradle/launcher/daemon/server/api/DaemonCommandExecution;)V+49
j  org.gradle.launcher.daemon.server.api.DaemonCommandExecution.proceed()Z+23
j  org.gradle.launcher.daemon.server.exec.EstablishBuildEnvironment.doBuild(Lorg/gradle/launcher/daemon/server/api/DaemonCommandExecution;Lorg/gradle/launcher/daemon/protocol/Build;)V+356
j  org.gradle.launcher.daemon.server.exec.BuildCommandOnly.execute(Lorg/gradle/launcher/daemon/server/api/DaemonCommandExecution;)V+49
j  org.gradle.launcher.daemon.server.api.DaemonCommandExecution.proceed()Z+23
j  org.gradle.launcher.daemon.server.exec.StartBuildOrRespondWithBusy$1.run()V+44
j  org.gradle.launcher.daemon.server.DaemonStateCoordinator.lambda$runCommand$0(Ljava/lang/Runnable;)V+1
j  org.gradle.launcher.daemon.server.DaemonStateCoordinator$$Lambda+0x000001b4e518ade0.run()V+8
j  org.gradle.internal.concurrent.ExecutorPolicy$CatchAndRecordFailures.onExecute(Ljava/lang/Runnable;)V+1
j  org.gradle.internal.concurrent.AbstractManagedExecutor$1.run()V+25
j  java.util.concurrent.ThreadPoolExecutor.runWorker(Ljava/util/concurrent/ThreadPoolExecutor$Worker;)V+92 java.base@21.0.11
j  java.util.concurrent.ThreadPoolExecutor$Worker.run()V+5 java.base@21.0.11
j  java.lang.Thread.runWith(Ljava/lang/Object;Ljava/lang/Runnable;)V+5 java.base@21.0.11
j  java.lang.Thread.run()V+19 java.base@21.0.11
v  ~StubRoutines::call_stub 0x000001b4d839100d

Compiled method (n/a) 59499  799     n 0       java.lang.ClassLoader::defineClass1 (native)
 total in heap  [0x000001b4d8980010,0x000001b4d89805a8] = 1432
 relocation     [0x000001b4d8980170,0x000001b4d89801a8] = 56
 main code      [0x000001b4d89801c0,0x000001b4d89805a1] = 993
 stub code      [0x000001b4d89805a1,0x000001b4d89805a8] = 7

[Constant Pool (empty)]

[MachCode]
[Entry Point]
  # {method} {0x000001b4e4434a48} 'defineClass1' '(Ljava/lang/ClassLoader;Ljava/lang/String;[BIILjava/security/ProtectionDomain;Ljava/lang/String;)Ljava/lang/Class;' in 'java/lang/ClassLoader'
  # parm0:    rdx:rdx   = 'java/lang/ClassLoader'
  # parm1:    r8:r8     = 'java/lang/String'
  # parm2:    r9:r9     = '[B'
  # parm3:    rdi       = int
  # parm4:    rsi       = int
  # parm5:    rcx:rcx   = 'java/security/ProtectionDomain'
  # parm6:    [sp+0xa0]   = 'java/lang/String'  (sp of caller)
  0x000001b4d89801c0: 448b 5208 | 49bb 0000 | 00e4 b401 | 0000 4d03 | d349 3bc2 | 0f84 0600 

  0x000001b4d89801d8: ;   {runtime_call ic_miss_stub}
  0x000001b4d89801d8: 0000 e9a1 | e5a5 ff90 
[Verified Entry Point]
  0x000001b4d89801e0: 8984 2400 | 80ff ff55 | 488b ec48 | 81ec 9000 | 0000 6690 | 4181 7f20 | 0100 0000 

  0x000001b4d89801fc: ;   {runtime_call StubRoutines (final stubs)}
  0x000001b4d89801fc: 7405 e89d | 62a4 ff48 | 837d 1000 | 488d 4510 | 480f 4445 | 1048 8944 | 2440 4889 | 4c24 7048 
  0x000001b4d898021c: 83f9 0048 | 8d44 2470 | 480f 4444 | 2470 4889 | 4424 3848 | 8974 2430 | 4889 7c24 | 284c 894c 
  0x000001b4d898023c: 2458 4983 | f900 488d | 4424 5848 | 0f44 4424 | 5848 8944 | 2420 4c89 | 4424 5049 | 83f8 004c 
  0x000001b4d898025c: 8d4c 2450 | 4c0f 444c | 2450 4889 | 5424 4848 | 83fa 004c | 8d44 2448 | 4c0f 4444 

  0x000001b4d8980278: ;   {oop(a 'java/lang/Class'{0x00000000e071b578} = 'java/lang/ClassLoader')}
  0x000001b4d8980278: 2448 49be | 78b5 71e0 | 0000 0000 | 4c89 7424 | 784c 8d74 | 2478 498b | d6c5 f877 

  0x000001b4d8980294: ;   {internal_word}
  0x000001b4d8980294: 49ba 9102 | 98d8 b401 | 0000 4d89 | 97a8 0300 | 0049 89a7 | a003 0000 

  0x000001b4d89802ac: ;   {external_word}
  0x000001b4d89802ac: 49ba c66c | 8f5a f97f | 0000 4180 | 3a00 0f84 | 4e00 0000 | 5241 5041 

  0x000001b4d89802c4: ;   {metadata({method} {0x000001b4e4434a48} 'defineClass1' '(Ljava/lang/ClassLoader;Ljava/lang/String;[BIILjava/security/ProtectionDomain;Ljava/lang/String;)Ljava/lang/Class;' in 'java/lang/ClassLoader')}
  0x000001b4d89802c4: 5148 ba40 | 4a43 e4b4 | 0100 0049 | 8bcf 4883 | ec20 40f6 | c40f 0f84 | 1900 0000 | 4883 ec08 
  0x000001b4d89802e4: ;   {runtime_call}
  0x000001b4d89802e4: 48b8 20e5 | 385a f97f | 0000 ffd0 | 4883 c408 | e90c 0000 

  0x000001b4d89802f8: ;   {runtime_call}
  0x000001b4d89802f8: 0048 b820 | e538 5af9 | 7f00 00ff | d048 83c4 | 2041 5941 | 585a 498d | 8fc0 0300 | 0041 c787 
  0x000001b4d8980318: 4c04 0000 | 0400 0000 

  0x000001b4d8980320: ;   {runtime_call}
  0x000001b4d8980320: 48b8 ac16 | 5449 fa7f | 0000 ffd0 | c5f8 7741 | c787 4c04 | 0000 0500 | 0000 f083 | 4424 c000 
  0x000001b4d8980340: 493b af50 | 0400 000f | 870e 0000 | 0041 83bf | 4804 0000 | 000f 842b | 0000 00c5 | f877 4889 
  0x000001b4d8980360: 45f8 498b | cf4c 8be4 | 4883 ec20 | 4883 e4f0 

  0x000001b4d8980370: ;   {runtime_call}
  0x000001b4d8980370: 48b8 e053 | 045a f97f | 0000 ffd0 | 498b e44d | 33e4 488b | 45f8 41c7 | 874c 0400 | 0008 0000 
  0x000001b4d8980390: 0041 83bf | c804 0000 | 020f 84d5 

  0x000001b4d898039c: ;   {external_word}
  0x000001b4d898039c: 0100 0049 | bac6 6c8f | 5af9 7f00 | 0041 803a | 000f 844c | 0000 0048 

  0x000001b4d89803b4: ;   {metadata({method} {0x000001b4e4434a48} 'defineClass1' '(Ljava/lang/ClassLoader;Ljava/lang/String;[BIILjava/security/ProtectionDomain;Ljava/lang/String;)Ljava/lang/Class;' in 'java/lang/ClassLoader')}
  0x000001b4d89803b4: 8945 f848 | ba40 4a43 | e4b4 0100 | 0049 8bcf | 4883 ec20 | 40f6 c40f | 0f84 1900 | 0000 4883 
  0x000001b4d89803d4: ;   {runtime_call}
  0x000001b4d89803d4: ec08 48b8 | 20e5 385a | f97f 0000 | ffd0 4883 | c408 e90c 

  0x000001b4d89803e8: ;   {runtime_call}
  0x000001b4d89803e8: 0000 0048 | b820 e538 | 5af9 7f00 | 00ff d048 | 83c4 2048 | 8b45 f849 | c787 a003 | 0000 0000 
  0x000001b4d8980408: 0000 49c7 | 87a8 0300 | 0000 0000 | 00c5 f877 | 4885 c00f | 8430 0100 | 00a8 030f | 8508 0000 
  0x000001b4d8980428: 0048 8b00 | e920 0100 | 00a8 010f | 8509 0000 | 0048 8b40 | fee9 0f01 | 0000 488b | 40ff 4180 
  0x000001b4d8980448: 7f40 000f | 8400 0100 | 0048 83f8 | 000f 84f6 | 0000 0049 | 8b4f 2848 | 83f9 000f | 8414 0000 
  0x000001b4d8980468: 0048 83e9 | 0849 894f | 2849 034f | 3848 8901 | e9d4 0000 | 0048 83ec | 7048 8904 | 2448 894c 
  0x000001b4d8980488: 2408 4889 | 5424 104c | 8944 2418 | 4c89 4c24 | 204c 8954 | 2428 4c89 | 5c24 30c5 | fb11 4424 
  0x000001b4d89804a8: 40c5 fb11 | 4c24 48c5 | fb11 5424 | 50c5 fb11 | 5c24 58c5 | fb11 6424 | 60c5 fb11 | 6c24 6849 
  0x000001b4d89804c8: 8bd7 488b | c848 83ec | 2040 f6c4 | 0f0f 8419 | 0000 0048 

  0x000001b4d89804dc: ;   {runtime_call}
  0x000001b4d89804dc: 83ec 0848 | b860 a3f7 | 59f9 7f00 | 00ff d048 | 83c4 08e9 | 0c00 0000 

  0x000001b4d89804f4: ;   {runtime_call}
  0x000001b4d89804f4: 48b8 60a3 | f759 f97f | 0000 ffd0 | 4883 c420 | c5fb 106c | 2468 c5fb | 1064 2460 | c5fb 105c 
  0x000001b4d8980514: 2458 c5fb | 1054 2450 | c5fb 104c | 2448 c5fb | 1044 2440 | 4c8b 5c24 | 304c 8b54 | 2428 4c8b 
  0x000001b4d8980534: 4c24 204c | 8b44 2418 | 488b 5424 | 1048 8b4c | 2408 488b | 0424 4883 | c470 c5f8 | 7749 8b8f 
  0x000001b4d8980554: 3004 0000 | c781 0001 | 0000 0000 | 0000 c949 | 837f 0800 | 0f85 0100 

  0x000001b4d898056c: ;   {runtime_call StubRoutines (initial stubs)}
  0x000001b4d898056c: 0000 c3e9 | 8c09 a1ff | c5f8 7748 | 8945 f84c | 8be4 4883 | ec20 4883 

  0x000001b4d8980584: ;   {runtime_call}
  0x000001b4d8980584: e4f0 48b8 | 701c 395a | f97f 0000 | ffd0 498b | e44d 33e4 | 488b 45f8 | e9fe fdff | fff4 f4f4 
  0x000001b4d89805a4: f4f4 f4f4 
[/MachCode]


Compiled method (c1) 59541 1296       3       java.lang.ClassLoader::defineClass (43 bytes)
 total in heap  [0x000001b4d10ba310,0x000001b4d10bac60] = 2384
 relocation     [0x000001b4d10ba470,0x000001b4d10ba510] = 160
 main code      [0x000001b4d10ba520,0x000001b4d10ba9b8] = 1176
 stub code      [0x000001b4d10ba9b8,0x000001b4d10baa30] = 120
 metadata       [0x000001b4d10baa30,0x000001b4d10baa60] = 48
 scopes data    [0x000001b4d10baa60,0x000001b4d10bab50] = 240
 scopes pcs     [0x000001b4d10bab50,0x000001b4d10bac30] = 224
 dependencies   [0x000001b4d10bac30,0x000001b4d10bac38] = 8
 nul chk table  [0x000001b4d10bac38,0x000001b4d10bac60] = 40

[Constant Pool (empty)]

[MachCode]
[Entry Point]
  # {method} {0x000001b4e4434dc8} 'defineClass' '(Ljava/lang/String;[BIILjava/security/ProtectionDomain;)Ljava/lang/Class;' in 'java/lang/ClassLoader'
  # this:     rdx:rdx   = 'java/lang/ClassLoader'
  # parm0:    r8:r8     = 'java/lang/String'
  # parm1:    r9:r9     = '[B'
  # parm2:    rdi       = int
  # parm3:    rsi       = int
  # parm4:    rcx:rcx   = 'java/security/ProtectionDomain'
  #           [sp+0xc0]  (sp of caller)
  0x000001b4d10ba520: 448b 5208 | 49bb 0000 | 00e4 b401 | 0000 4d03 | d34c 3bd0 

  0x000001b4d10ba534: ;   {runtime_call ic_miss_stub}
  0x000001b4d10ba534: 0f85 4642 | 3207 660f | 1f44 0000 
[Verified Entry Point]
  0x000001b4d10ba540: 8984 2400 | 80ff ff55 | 4881 ecb0 | 0000 0090 | 4181 7f20 | 0100 0000 

  0x000001b4d10ba558: ;   {runtime_call StubRoutines (final stubs)}
  0x000001b4d10ba558: 7405 e841 | bf30 0748 | 8954 2478 

  0x000001b4d10ba564: ;   {metadata(method data for {method} {0x000001b4e4434dc8} 'defineClass' '(Ljava/lang/String;[BIILjava/security/ProtectionDomain;)Ljava/lang/Class;' in 'java/lang/ClassLoader')}
  0x000001b4d10ba564: 48bb 78da | 1bf9 b401 | 0000 8b83 | cc00 0000 | 83c0 0289 | 83cc 0000 | 0025 fe07 | 0000 85c0 
  0x000001b4d10ba584: 0f84 5003 | 0000 89b4 | 2494 0000 | 0089 bc24 | 9000 0000 | 4c89 8c24 | 8800 0000 

  0x000001b4d10ba5a0: ;   {metadata(method data for {method} {0x000001b4e4434dc8} 'defineClass' '(Ljava/lang/String;[BIILjava/security/ProtectionDomain;)Ljava/lang/Class;' in 'java/lang/ClassLoader')}
  0x000001b4d10ba5a0: 488b da48 | b878 da1b | f9b4 0100 | 0048 8380 | 1001 0000 | 0149 8bd8 | 4c8b c34c | 8bc9 488b 
  0x000001b4d10ba5c0: ca48 8bd1 | 4889 9c24 | 8000 0000 

  0x000001b4d10ba5cc: ;   {optimized virtual_call}
  0x000001b4d10ba5cc: 6666 90e8 

  0x000001b4d10ba5d0: ; ImmutableOopMap {[120]=Oop [128]=Oop [136]=Oop }
                      ;*invokevirtual preDefineClass {reexecute=0 rethrow=0 return_oop=0}
                      ; - java.lang.ClassLoader::defineClass@4
  0x000001b4d10ba5d0: cc87 0900 

  0x000001b4d10ba5d4: ;   {other}
  0x000001b4d10ba5d4: 0f1f 8400 | c402 0000 | 4889 8424 | 9800 0000 | 488b 5424 

  0x000001b4d10ba5e8: ;   {metadata(method data for {method} {0x000001b4e4434dc8} 'defineClass' '(Ljava/lang/String;[BIILjava/security/ProtectionDomain;)Ljava/lang/Class;' in 'java/lang/ClassLoader')}
  0x000001b4d10ba5e8: 7849 b878 | da1b f9b4 | 0100 0049 | 8380 4801 

  0x000001b4d10ba5f8: ;   {metadata(method data for {method} {0x000001b4e4434ab0} 'defineClassSourceLocation' '(Ljava/security/ProtectionDomain;)Ljava/lang/String;' in 'java/lang/ClassLoader')}
  0x000001b4d10ba5f8: 0000 0149 | b8c0 1414 | f9b4 0100 | 0041 8b90 | cc00 0000 | 83c2 0241 | 8990 cc00 | 0000 81e2 
  0x000001b4d10ba618: feff 1f00 | 85d2 0f84 | d702 0000 

  0x000001b4d10ba624: ; implicit exception: dispatches to 0x000001b4d10ba91c
  0x000001b4d10ba624: 483b 004c 

  0x000001b4d10ba628: ;   {metadata(method data for {method} {0x000001b4e4434ab0} 'defineClassSourceLocation' '(Ljava/security/ProtectionDomain;)Ljava/lang/String;' in 'java/lang/ClassLoader')}
  0x000001b4d10ba628: 8bc0 48ba | c014 14f9 | b401 0000 | 4883 8210 | 0100 0001 | 448b 4010 

  0x000001b4d10ba640: ;   {metadata(method data for {method} {0x000001b4e4434ab0} 'defineClassSourceLocation' '(Ljava/security/ProtectionDomain;)Ljava/lang/String;' in 'java/lang/ClassLoader')}
  0x000001b4d10ba640: 4d85 c048 | bac0 1414 | f9b4 0100 | 0048 c7c6 | 5801 0000 | 7507 48c7 | c648 0100 | 0048 8b3c 
  0x000001b4d10ba660: 3248 8d7f | 0148 893c | 320f 850f 

  0x000001b4d10ba66c: ;   {oop(nullptr)}
  0x000001b4d10ba66c: 0000 0048 | bb00 0000 | 0000 0000 | 00e9 a101 | 0000 493b | 0049 8bd0 

  0x000001b4d10ba684: ;   {metadata(method data for {method} {0x000001b4e4434ab0} 'defineClassSourceLocation' '(Ljava/security/ProtectionDomain;)Ljava/lang/String;' in 'java/lang/ClassLoader')}
  0x000001b4d10ba684: 48be c014 | 14f9 b401 | 0000 4883 | 8668 0100 | 0001 418b | 500c 4885 

  0x000001b4d10ba69c: ;   {metadata(method data for {method} {0x000001b4e4434ab0} 'defineClassSourceLocation' '(Ljava/security/ProtectionDomain;)Ljava/lang/String;' in 'java/lang/ClassLoader')}
  0x000001b4d10ba69c: d248 bec0 | 1414 f9b4 | 0100 0048 | c7c7 b001 | 0000 7507 | 48c7 c7a0 | 0100 0048 | 8b1c 3e48 
  0x000001b4d10ba6bc: 8d5b 0148 | 891c 3e0f | 850f 0000 

  0x000001b4d10ba6c8: ;   {oop(nullptr)}
  0x000001b4d10ba6c8: 0048 bb00 | 0000 0000 | 0000 00e9 | 4701 0000 

  0x000001b4d10ba6d8: ;   {metadata(method data for {method} {0x000001b4e4434ab0} 'defineClassSourceLocation' '(Ljava/security/ProtectionDomain;)Ljava/lang/String;' in 'java/lang/ClassLoader')}
  0x000001b4d10ba6d8: 48be c014 | 14f9 b401 | 0000 4883 | 86c0 0100 | 0001 483b | 024c 8bc2 

  0x000001b4d10ba6f0: ;   {metadata(method data for {method} {0x000001b4e4434ab0} 'defineClassSourceLocation' '(Ljava/security/ProtectionDomain;)Ljava/lang/String;' in 'java/lang/ClassLoader')}
  0x000001b4d10ba6f0: 48be c014 | 14f9 b401 | 0000 4883 | 86f8 0100 

  0x000001b4d10ba700: ;   {metadata(method data for {method} {0x000001b4e401abf0} 'toString' '()Ljava/lang/String;' in 'java/net/URL')}
  0x000001b4d10ba700: 0001 49b8 | 98fb 0df9 | b401 0000 | 418b b0cc | 0000 0083 | c602 4189 | b0cc 0000 | 0081 e6fe 
  0x000001b4d10ba720: ff1f 0085 | f60f 8400 | 0200 004c 

  0x000001b4d10ba72c: ;   {metadata(method data for {method} {0x000001b4e401abf0} 'toString' '()Ljava/lang/String;' in 'java/net/URL')}
  0x000001b4d10ba72c: 8bc2 48be | 98fb 0df9 | b401 0000 | 4883 8610 | 0100 0001 

  0x000001b4d10ba740: ;   {metadata(method data for {method} {0x000001b4e4428650} 'toExternalForm' '()Ljava/lang/String;' in 'java/net/URL')}
  0x000001b4d10ba740: 49b8 20fd | 0df9 b401 | 0000 418b | b0cc 0000 | 0083 c602 | 4189 b0cc | 0000 0081 | e6fe ff1f 
  0x000001b4d10ba760: 0085 f60f | 84e3 0100 | 008b 7238 

  0x000001b4d10ba76c: ; implicit exception: dispatches to 0x000001b4d10ba96d
  0x000001b4d10ba76c: 483b 064c 

  0x000001b4d10ba770: ;   {metadata(method data for {method} {0x000001b4e4428650} 'toExternalForm' '()Ljava/lang/String;' in 'java/net/URL')}
  0x000001b4d10ba770: 8bc6 48bf | 20fd 0df9 | b401 0000 | 458b 4008 | 49ba 0000 | 00e4 b401 | 0000 4d03 | c24c 3b87 
  0x000001b4d10ba790: 2001 0000 | 750d 4883 | 8728 0100 | 0001 e960 | 0000 004c | 3b87 3001 | 0000 750d | 4883 8738 
  0x000001b4d10ba7b0: 0100 0001 | e94a 0000 | 0048 83bf | 2001 0000 | 0075 174c | 8987 2001 | 0000 48c7 | 8728 0100 
  0x000001b4d10ba7d0: 0001 0000 | 00e9 2900 | 0000 4883 | bf30 0100 | 0000 7517 | 4c89 8730 | 0100 0048 | c787 3801 
  0x000001b4d10ba7f0: 0000 0100 | 0000 e908 | 0000 0048 | 8387 1001 | 0000 014c | 8bc2 488b | d666 0f1f 

  0x000001b4d10ba80c: ;   {optimized virtual_call}
  0x000001b4d10ba80c: 4400 00e8 

  0x000001b4d10ba810: ; ImmutableOopMap {[120]=Oop [128]=Oop [136]=Oop [152]=Oop }
                      ;*invokevirtual toExternalForm {reexecute=0 rethrow=0 return_oop=0}
                      ; - java.net.URL::toExternalForm@5
                      ; - java.net.URL::toString@1
                      ; - java.lang.ClassLoader::defineClassSourceLocation@22
                      ; - java.lang.ClassLoader::defineClass@12
  0x000001b4d10ba810: 0c94 f1ff 

  0x000001b4d10ba814: ;   {other}
  0x000001b4d10ba814: 0f1f 8400 | 0405 0001 | 488b d848 | 8b84 2498 | 0000 008b | b424 9400 | 0000 8bbc | 2490 0000 
  0x000001b4d10ba834: 004c 8b8c | 2488 0000 | 004c 8b84 | 2480 0000 | 0048 8b54 

  0x000001b4d10ba848: ;   {metadata(method data for {method} {0x000001b4e4434dc8} 'defineClass' '(Ljava/lang/String;[BIILjava/security/ProtectionDomain;)Ljava/lang/Class;' in 'java/lang/ClassLoader')}
  0x000001b4d10ba848: 2478 48b9 | 78da 1bf9 | b401 0000 | 4883 8180 | 0100 0001 | 4c8b da49 | 8bd3 488b | c848 891c 
  0x000001b4d10ba868: 2466 0f1f 

  0x000001b4d10ba86c: ;   {static_call}
  0x000001b4d10ba86c: 4400 00e8 

  0x000001b4d10ba870: ; ImmutableOopMap {[120]=Oop [152]=Oop }
                      ;*invokestatic defineClass1 {reexecute=0 rethrow=0 return_oop=0}
                      ; - java.lang.ClassLoader::defineClass@27
  0x000001b4d10ba870: 6c59 8c07 

  0x000001b4d10ba874: ;   {other}
  0x000001b4d10ba874: 0f1f 8400 | 6405 0002 | 488b 5424 

  0x000001b4d10ba880: ;   {metadata(method data for {method} {0x000001b4e4434dc8} 'defineClass' '(Ljava/lang/String;[BIILjava/security/ProtectionDomain;)Ljava/lang/Class;' in 'java/lang/ClassLoader')}
  0x000001b4d10ba880: 7849 b878 | da1b f9b4 | 0100 0049 | 8380 9001 | 0000 014c | 8bc0 4c8b | 8c24 9800 | 0000 488b 
  0x000001b4d10ba8a0: 5424 7848 | 8984 24a0 | 0000 000f 

  0x000001b4d10ba8ac: ;   {optimized virtual_call}
  0x000001b4d10ba8ac: 1f40 00e8 

  0x000001b4d10ba8b0: ; ImmutableOopMap {[160]=Oop }
                      ;*invokevirtual postDefineClass {reexecute=0 rethrow=0 return_oop=0}
                      ; - java.lang.ClassLoader::defineClass@37
  0x000001b4d10ba8b0: 6ce7 f3ff 

  0x000001b4d10ba8b4: ;   {other}
  0x000001b4d10ba8b4: 0f1f 8400 | a405 0003 | 488b 8424 | a000 0000 | 4881 c4b0 | 0000 005d 

  0x000001b4d10ba8cc: ;   {poll_return}
  0x000001b4d10ba8cc: 493b a750 | 0400 000f | 8799 0000 

  0x000001b4d10ba8d8: ;   {metadata({method} {0x000001b4e4434dc8} 'defineClass' '(Ljava/lang/String;[BIILjava/security/ProtectionDomain;)Ljava/lang/Class;' in 'java/lang/ClassLoader')}
  0x000001b4d10ba8d8: 00c3 49ba | c04d 43e4 | b401 0000 | 4c89 5424 | 0848 c704 | 24ff ffff 

  0x000001b4d10ba8f0: ;   {runtime_call counter_overflow Runtime1 stub}
  0x000001b4d10ba8f0: ffe8 0a3d 

  0x000001b4d10ba8f4: ; ImmutableOopMap {rdx=Oop r8=Oop r9=Oop rcx=Oop [120]=Oop }
                      ;*synchronization entry
                      ; - java.lang.ClassLoader::defineClass@-1
  0x000001b4d10ba8f4: 3e07 e98f 

  0x000001b4d10ba8f8: ;   {metadata({method} {0x000001b4e4434ab0} 'defineClassSourceLocation' '(Ljava/security/ProtectionDomain;)Ljava/lang/String;' in 'java/lang/ClassLoader')}
  0x000001b4d10ba8f8: fcff ff49 | baa8 4a43 | e4b4 0100 | 004c 8954 | 2408 48c7 | 0424 ffff 

  0x000001b4d10ba910: ;   {runtime_call counter_overflow Runtime1 stub}
  0x000001b4d10ba910: ffff e8e9 

  0x000001b4d10ba914: ; ImmutableOopMap {rax=Oop [120]=Oop [128]=Oop [136]=Oop [152]=Oop }
                      ;*synchronization entry
                      ; - java.lang.ClassLoader::defineClassSourceLocation@-1
                      ; - java.lang.ClassLoader::defineClass@12
  0x000001b4d10ba914: 3c3e 07e9 | 08fd ffff 

  0x000001b4d10ba91c: ;   {runtime_call throw_null_pointer_exception Runtime1 stub}
  0x000001b4d10ba91c: e8df eb3d 

  0x000001b4d10ba920: ; ImmutableOopMap {rax=Oop [120]=Oop [128]=Oop [136]=Oop [152]=Oop }
                      ;*invokevirtual getCodeSource {reexecute=0 rethrow=0 return_oop=0}
                      ; - java.lang.ClassLoader::defineClassSourceLocation@1
                      ; - java.lang.ClassLoader::defineClass@12
                      ;   {runtime_call throw_null_pointer_exception Runtime1 stub}
  0x000001b4d10ba920: 07e8 daeb 

  0x000001b4d10ba924: ; ImmutableOopMap {rax=Oop r8=Oop [120]=Oop [128]=Oop [136]=Oop [152]=Oop }
                      ;*invokevirtual getLocation {reexecute=0 rethrow=0 return_oop=0}
                      ; - java.lang.ClassLoader::defineClassSourceLocation@12
                      ; - java.lang.ClassLoader::defineClass@12
                      ;   {runtime_call throw_null_pointer_exception Runtime1 stub}
  0x000001b4d10ba924: 3d07 e8d5 

  0x000001b4d10ba928: ; ImmutableOopMap {rdx=Oop [120]=Oop [128]=Oop [136]=Oop [152]=Oop }
                      ;*invokevirtual toString {reexecute=0 rethrow=0 return_oop=0}
                      ; - java.lang.ClassLoader::defineClassSourceLocation@22
                      ; - java.lang.ClassLoader::defineClass@12
                      ;   {metadata({method} {0x000001b4e401abf0} 'toString' '()Ljava/lang/String;' in 'java/net/URL')}
  0x000001b4d10ba928: eb3d 0749 | bae8 ab01 | e4b4 0100 | 004c 8954 | 2408 48c7 | 0424 ffff 

  0x000001b4d10ba940: ;   {runtime_call counter_overflow Runtime1 stub}
  0x000001b4d10ba940: ffff e8b9 

  0x000001b4d10ba944: ; ImmutableOopMap {rdx=Oop [120]=Oop [128]=Oop [136]=Oop [152]=Oop }
                      ;*synchronization entry
                      ; - java.net.URL::toString@-1
                      ; - java.lang.ClassLoader::defineClassSourceLocation@22
                      ; - java.lang.ClassLoader::defineClass@12
  0x000001b4d10ba944: 3c3e 07e9 | dffd ffff 

  0x000001b4d10ba94c: ;   {metadata({method} {0x000001b4e4428650} 'toExternalForm' '()Ljava/lang/String;' in 'java/net/URL')}
  0x000001b4d10ba94c: 49ba 4886 | 42e4 b401 | 0000 4c89 | 5424 0848 | c704 24ff 

  0x000001b4d10ba960: ;   {runtime_call counter_overflow Runtime1 stub}
  0x000001b4d10ba960: ffff ffe8 

  0x000001b4d10ba964: ; ImmutableOopMap {rdx=Oop [120]=Oop [128]=Oop [136]=Oop [152]=Oop }
                      ;*synchronization entry
                      ; - java.net.URL::toExternalForm@-1
                      ; - java.net.URL::toString@1
                      ; - java.lang.ClassLoader::defineClassSourceLocation@22
                      ; - java.lang.ClassLoader::defineClass@12
  0x000001b4d10ba964: 983c 3e07 | e9fc fdff 

  0x000001b4d10ba96c: ;   {runtime_call throw_null_pointer_exception Runtime1 stub}
  0x000001b4d10ba96c: ffe8 8eeb 

  0x000001b4d10ba970: ; ImmutableOopMap {rdx=Oop rsi=Oop [120]=Oop [128]=Oop [136]=Oop [152]=Oop }
                      ;*invokevirtual toExternalForm {reexecute=0 rethrow=0 return_oop=0}
                      ; - java.net.URL::toExternalForm@5
                      ; - java.net.URL::toString@1
                      ; - java.lang.ClassLoader::defineClassSourceLocation@22
                      ; - java.lang.ClassLoader::defineClass@12
                      ;   {internal_word}
  0x000001b4d10ba970: 3d07 49ba | cca8 0bd1 | b401 0000 | 4d89 9768 

  0x000001b4d10ba980: ;   {runtime_call SafepointBlob}
  0x000001b4d10ba980: 0400 00e9 | f8aa 3207 | 498b 8700 | 0500 0049 | c787 0005 | 0000 0000 | 0000 49c7 | 8708 0500 
  0x000001b4d10ba9a0: 0000 0000 | 0048 81c4 | b000 0000 

  0x000001b4d10ba9ac: ;   {runtime_call unwind_exception Runtime1 stub}
  0x000001b4d10ba9ac: 5de9 4edc | 3d07 f4f4 | f4f4 f4f4 
[Stub Code]
  0x000001b4d10ba9b8: ;   {no_reloc}
  0x000001b4d10ba9b8: 0f1f 4400 

  0x000001b4d10ba9bc: ;   {static_stub}
  0x000001b4d10ba9bc: 0048 bb00 | 0000 0000 

  0x000001b4d10ba9c4: ;   {runtime_call nmethod}
  0x000001b4d10ba9c4: 0000 00e9 | fbff ffff 

  0x000001b4d10ba9cc: ;   {static_stub}
  0x000001b4d10ba9cc: 48bb 004b | 43e4 b401 

  0x000001b4d10ba9d4: ;   {runtime_call I2C/C2I adapters}
  0x000001b4d10ba9d4: 0000 e990 

  0x000001b4d10ba9d8: ;   {static_stub}
  0x000001b4d10ba9d8: 0432 0748 | bb00 0000 | 0000 0000 

  0x000001b4d10ba9e4: ;   {runtime_call nmethod}
  0x000001b4d10ba9e4: 00e9 fbff 

  0x000001b4d10ba9e8: ;   {static_stub}
  0x000001b4d10ba9e8: ffff 48bb | 0000 0000 | 0000 0000 

  0x000001b4d10ba9f4: ;   {runtime_call nmethod}
  0x000001b4d10ba9f4: e9fb ffff 

  0x000001b4d10ba9f8: ;   {runtime_call handle_exception_from_callee Runtime1 stub}
  0x000001b4d10ba9f8: ffe8 0209 

  0x000001b4d10ba9fc: ;   {external_word}
  0x000001b4d10ba9fc: 3e07 48b9 | 4063 655a | f97f 0000 | 4883 e4f0 

  0x000001b4d10baa0c: ;   {runtime_call}
  0x000001b4d10baa0c: 48b8 d0c4 | 275a f97f | 0000 ffd0 

  0x000001b4d10baa18: ;   {section_word}
  0x000001b4d10baa18: f449 ba19 | aa0b d1b4 | 0100 0041 

  0x000001b4d10baa24: ;   {runtime_call DeoptimizationBlob}
  0x000001b4d10baa24: 52e9 f69c | 3207 f4f4 | f4f4 f4f4 
[/MachCode]


Compiled method (c1) 59586 1317       3       java.security.SecureClassLoader::defineClass (16 bytes)
 total in heap  [0x000001b4d10cd610,0x000001b4d10cda10] = 1024
 relocation     [0x000001b4d10cd770,0x000001b4d10cd7c0] = 80
 main code      [0x000001b4d10cd7c0,0x000001b4d10cd918] = 344
 stub code      [0x000001b4d10cd918,0x000001b4d10cd968] = 80
 metadata       [0x000001b4d10cd968,0x000001b4d10cd970] = 8
 scopes data    [0x000001b4d10cd970,0x000001b4d10cd9b8] = 72
 scopes pcs     [0x000001b4d10cd9b8,0x000001b4d10cda08] = 80
 dependencies   [0x000001b4d10cda08,0x000001b4d10cda10] = 8

[Constant Pool (empty)]

[MachCode]
[Entry Point]
  # {method} {0x000001b4e404e0e8} 'defineClass' '(Ljava/lang/String;[BIILjava/security/CodeSource;)Ljava/lang/Class;' in 'java/security/SecureClassLoader'
  # this:     rdx:rdx   = 'java/security/SecureClassLoader'
  # parm0:    r8:r8     = 'java/lang/String'
  # parm1:    r9:r9     = '[B'
  # parm2:    rdi       = int
  # parm3:    rsi       = int
  # parm4:    rcx:rcx   = 'java/security/CodeSource'
  #           [sp+0x80]  (sp of caller)
  0x000001b4d10cd7c0: 448b 5208 | 49bb 0000 | 00e4 b401 | 0000 4d03 | d34c 3bd0 

  0x000001b4d10cd7d4: ;   {runtime_call ic_miss_stub}
  0x000001b4d10cd7d4: 0f85 a60f | 3107 660f | 1f44 0000 
[Verified Entry Point]
  0x000001b4d10cd7e0: 8984 2400 | 80ff ff55 | 4883 ec70 | 4181 7f20 | 0100 0000 

  0x000001b4d10cd7f4: ;   {runtime_call StubRoutines (final stubs)}
  0x000001b4d10cd7f4: 7405 e8a5 

  0x000001b4d10cd7f8: ;   {metadata(method data for {method} {0x000001b4e404e0e8} 'defineClass' '(Ljava/lang/String;[BIILjava/security/CodeSource;)Ljava/lang/Class;' in 'java/security/SecureClassLoader')}
  0x000001b4d10cd7f8: 8c2f 0748 | bbe8 dd17 | f9b4 0100 | 008b 83cc | 0000 0083 | c002 8983 | cc00 0000 | 25fe 0700 
  0x000001b4d10cd818: 0085 c00f | 8496 0000 | 0089 7424 | 5c89 7c24 | 584c 894c | 2450 4c89 | 4424 4848 

  0x000001b4d10cd834: ;   {metadata(method data for {method} {0x000001b4e404e0e8} 'defineClass' '(Ljava/lang/String;[BIILjava/security/CodeSource;)Ljava/lang/Class;' in 'java/security/SecureClassLoader')}
  0x000001b4d10cd834: 8bda 48b8 | e8dd 17f9 | b401 0000 | 4883 8010 | 0100 0001 | 4c8b c148 | 8bc2 488b | d048 8944 
  0x000001b4d10cd854: ;   {optimized virtual_call}
  0x000001b4d10cd854: 2440 90e8 

  0x000001b4d10cd858: ; ImmutableOopMap {[64]=Oop [72]=Oop [80]=Oop }
                      ;*invokevirtual getProtectionDomain {reexecute=0 rethrow=0 return_oop=0}
                      ; - java.security.SecureClassLoader::defineClass@9
  0x000001b4d10cd858: c4b4 feff 

  0x000001b4d10cd85c: ;   {other}
  0x000001b4d10cd85c: 0f1f 8400 | 4c02 0000 | 488b 5424 

  0x000001b4d10cd868: ;   {metadata(method data for {method} {0x000001b4e404e0e8} 'defineClass' '(Ljava/lang/String;[BIILjava/security/CodeSource;)Ljava/lang/Class;' in 'java/security/SecureClassLoader')}
  0x000001b4d10cd868: 4049 b8e8 | dd17 f9b4 | 0100 0049 | 8380 4801 | 0000 014c | 8b44 2448 | 4c8b 4c24 | 508b 7c24 
  0x000001b4d10cd888: 588b 7424 | 5c48 8bc8 | 488b 5424 

  0x000001b4d10cd894: ;   {optimized virtual_call}
  0x000001b4d10cd894: 4066 90e8 

  0x000001b4d10cd898: ; ImmutableOopMap {}
                      ;*invokevirtual defineClass {reexecute=0 rethrow=0 return_oop=0}
                      ; - java.security.SecureClassLoader::defineClass@12
  0x000001b4d10cd898: a4cc feff 

  0x000001b4d10cd89c: ;   {other}
  0x000001b4d10cd89c: 0f1f 8400 | 8c02 0001 | 4883 c470 

  0x000001b4d10cd8a8: ;   {poll_return}
  0x000001b4d10cd8a8: 5d49 3ba7 | 5004 0000 | 0f87 2200 

  0x000001b4d10cd8b4: ;   {metadata({method} {0x000001b4e404e0e8} 'defineClass' '(Ljava/lang/String;[BIILjava/security/CodeSource;)Ljava/lang/Class;' in 'java/security/SecureClassLoader')}
  0x000001b4d10cd8b4: 0000 c349 | bae0 e004 | e4b4 0100 | 004c 8954 | 2408 48c7 | 0424 ffff 

  0x000001b4d10cd8cc: ;   {runtime_call counter_overflow Runtime1 stub}
  0x000001b4d10cd8cc: ffff e82d 

  0x000001b4d10cd8d0: ; ImmutableOopMap {rdx=Oop r8=Oop r9=Oop rcx=Oop }
                      ;*synchronization entry
                      ; - java.security.SecureClassLoader::defineClass@-1
  0x000001b4d10cd8d0: 0d3d 07e9 | 49ff ffff 

  0x000001b4d10cd8d8: ;   {internal_word}
  0x000001b4d10cd8d8: 49ba a9d8 | 0cd1 b401 | 0000 4d89 | 9768 0400 

  0x000001b4d10cd8e8: ;   {runtime_call SafepointBlob}
  0x000001b4d10cd8e8: 00e9 927b | 3107 498b | 8700 0500 | 0049 c787 | 0005 0000 | 0000 0000 | 49c7 8708 | 0500 0000 
  0x000001b4d10cd908: 0000 0048 | 83c4 705d 

  0x000001b4d10cd910: ;   {runtime_call unwind_exception Runtime1 stub}
  0x000001b4d10cd910: e9eb ac3c | 07f4 f4f4 
[Stub Code]
  0x000001b4d10cd918: ;   {no_reloc}
  0x000001b4d10cd918: 48bb 0000 | 0000 0000 

  0x000001b4d10cd920: ;   {runtime_call nmethod}
  0x000001b4d10cd920: 0000 e9fb 

  0x000001b4d10cd924: ;   {static_stub}
  0x000001b4d10cd924: ffff ff48 | bb00 0000 | 0000 0000 

  0x000001b4d10cd930: ;   {runtime_call nmethod}
  0x000001b4d10cd930: 00e9 fbff 

  0x000001b4d10cd934: ;   {runtime_call handle_exception_from_callee Runtime1 stub}
  0x000001b4d10cd934: ffff e8c5 

  0x000001b4d10cd938: ;   {external_word}
  0x000001b4d10cd938: d93c 0748 | b940 6365 | 5af9 7f00 | 0048 83e4 

  0x000001b4d10cd948: ;   {runtime_call}
  0x000001b4d10cd948: f048 b8d0 | c427 5af9 | 7f00 00ff 

  0x000001b4d10cd954: ;   {section_word}
  0x000001b4d10cd954: d0f4 49ba | 56d9 0cd1 | b401 0000 

  0x000001b4d10cd960: ;   {runtime_call DeoptimizationBlob}
  0x000001b4d10cd960: 4152 e9b9 | 6d31 07f4 
[/MachCode]


---------------  P R O C E S S  ---------------

Threads class SMR info:
_java_thread_list=0x000001b4fe44e340, length=25, elements={
0x000001b4cdc5e080, 0x000001b4e360acb0, 0x000001b4e360d330, 0x000001b4e3610bf0,
0x000001b4e36114e0, 0x000001b4e3616880, 0x000001b4e3618ba0, 0x000001b4e361d6e0,
0x000001b4e3621480, 0x000001b4e3877750, 0x000001b4e38c1940, 0x000001b4fd7b2f60,
0x000001b4fdfe9b80, 0x000001b4fd13cd10, 0x000001b4fd0f96b0, 0x000001b4fe501ae0,
0x000001b4fe6433d0, 0x000001b4e3950d10, 0x000001b4e3950680, 0x000001b4e394fff0,
0x000001b4e39513a0, 0x000001b4fe3a4910, 0x000001b4fe3a5cc0, 0x000001b4fe3a2ed0,
0x000001b4fe3a2840
}

Java Threads: ( => current thread )
  0x000001b4cdc5e080 JavaThread "main"                              [_thread_blocked, id=33144, stack(0x0000000b9fe00000,0x0000000b9ff00000) (1024K)]
  0x000001b4e360acb0 JavaThread "Reference Handler"          daemon [_thread_blocked, id=34528, stack(0x0000000ba0600000,0x0000000ba0700000) (1024K)]
  0x000001b4e360d330 JavaThread "Finalizer"                  daemon [_thread_blocked, id=32260, stack(0x0000000ba0700000,0x0000000ba0800000) (1024K)]
  0x000001b4e3610bf0 JavaThread "Signal Dispatcher"          daemon [_thread_blocked, id=11952, stack(0x0000000ba0800000,0x0000000ba0900000) (1024K)]
  0x000001b4e36114e0 JavaThread "Attach Listener"            daemon [_thread_blocked, id=3952, stack(0x0000000ba0900000,0x0000000ba0a00000) (1024K)]
  0x000001b4e3616880 JavaThread "Service Thread"             daemon [_thread_blocked, id=30072, stack(0x0000000ba0a00000,0x0000000ba0b00000) (1024K)]
  0x000001b4e3618ba0 JavaThread "Monitor Deflation Thread"   daemon [_thread_blocked, id=35276, stack(0x0000000ba0b00000,0x0000000ba0c00000) (1024K)]
  0x000001b4e361d6e0 JavaThread "C2 CompilerThread0"         daemon [_thread_blocked, id=34944, stack(0x0000000ba0c00000,0x0000000ba0d00000) (1024K)]
  0x000001b4e3621480 JavaThread "C1 CompilerThread0"         daemon [_thread_blocked, id=35308, stack(0x0000000ba0d00000,0x0000000ba0e00000) (1024K)]
  0x000001b4e3877750 JavaThread "Common-Cleaner"             daemon [_thread_blocked, id=29144, stack(0x0000000ba0e00000,0x0000000ba0f00000) (1024K)]
  0x000001b4e38c1940 JavaThread "Notification Thread"        daemon [_thread_blocked, id=33988, stack(0x0000000ba0f00000,0x0000000ba1000000) (1024K)]
  0x000001b4fd7b2f60 JavaThread "Daemon health stats"               [_thread_blocked, id=33764, stack(0x0000000ba1500000,0x0000000ba1600000) (1024K)]
  0x000001b4fdfe9b80 JavaThread "Incoming local TCP Connector on port 53661"        [_thread_in_native, id=34560, stack(0x0000000ba1600000,0x0000000ba1700000) (1024K)]
  0x000001b4fd13cd10 JavaThread "Daemon periodic checks"            [_thread_blocked, id=2756, stack(0x0000000ba1700000,0x0000000ba1800000) (1024K)]
  0x000001b4fd0f96b0 JavaThread "Daemon"                            [_thread_blocked, id=7388, stack(0x0000000ba1800000,0x0000000ba1900000) (1024K)]
  0x000001b4fe501ae0 JavaThread "Handler for socket connection from /127.0.0.1:53661 to /127.0.0.1:53664"        [_thread_in_native, id=34324, stack(0x0000000ba1900000,0x0000000ba1a00000) (1024K)]
  0x000001b4fe6433d0 JavaThread "Cancel handler"                    [_thread_blocked, id=34828, stack(0x0000000ba1a00000,0x0000000ba1b00000) (1024K)]
=>0x000001b4e3950d10 JavaThread "Daemon worker"                     [_thread_in_vm, id=5988, stack(0x0000000ba1b00000,0x0000000ba1c00000) (1024K)]
  0x000001b4e3950680 JavaThread "Asynchronous log dispatcher for DefaultDaemonConnection: socket connection from /127.0.0.1:53661 to /127.0.0.1:53664"        [_thread_blocked, id=18012, stack(0x0000000ba1c00000,0x0000000ba1d00000) (1024K)]
  0x000001b4e394fff0 JavaThread "Stdin handler"                     [_thread_blocked, id=25788, stack(0x0000000ba1d00000,0x0000000ba1e00000) (1024K)]
  0x000001b4e39513a0 JavaThread "Daemon client event forwarder"        [_thread_blocked, id=20796, stack(0x0000000ba1e00000,0x0000000ba1f00000) (1024K)]
  0x000001b4fe3a4910 JavaThread "Cache worker for journal cache (C:\Users\USER\.gradle\caches\journal-1)"        [_thread_blocked, id=29496, stack(0x0000000ba1f00000,0x0000000ba2000000) (1024K)]
  0x000001b4fe3a5cc0 JavaThread "File lock request listener"        [_thread_in_native, id=28136, stack(0x0000000ba2000000,0x0000000ba2100000) (1024K)]
  0x000001b4fe3a2ed0 JavaThread "Cache worker for file hash cache (C:\Users\USER\.gradle\caches\8.9\fileHashes)"        [_thread_blocked, id=3756, stack(0x0000000ba2100000,0x0000000ba2200000) (1024K)]
  0x000001b4fe3a2840 JavaThread "File lock release action executor"        [_thread_blocked, id=30600, stack(0x0000000ba2200000,0x0000000ba2300000) (1024K)]
Total: 25

Other Threads:
  0x000001b4e35e9cd0 VMThread "VM Thread"                           [id=32328, stack(0x0000000ba0500000,0x0000000ba0600000) (1024K)] _threads_hazard_ptr=0x000001b4fe44e340
  0x000001b4e35d5620 WatcherThread "VM Periodic Task Thread"        [id=32816, stack(0x0000000ba0400000,0x0000000ba0500000) (1024K)]
  0x000001b4cdc87f10 WorkerThread "GC Thread#0"                     [id=28600, stack(0x0000000b9ff00000,0x0000000ba0000000) (1024K)]
  0x000001b4fd5b69e0 WorkerThread "GC Thread#1"                     [id=33068, stack(0x0000000ba1000000,0x0000000ba1100000) (1024K)]
  0x000001b4fd69e100 WorkerThread "GC Thread#2"                     [id=18552, stack(0x0000000ba1100000,0x0000000ba1200000) (1024K)]
  0x000001b4fd69e4b0 WorkerThread "GC Thread#3"                     [id=30592, stack(0x0000000ba1200000,0x0000000ba1300000) (1024K)]
  0x000001b4fd69e860 WorkerThread "GC Thread#4"                     [id=33820, stack(0x0000000ba1300000,0x0000000ba1400000) (1024K)]
  0x000001b4fd69ec10 WorkerThread "GC Thread#5"                     [id=30980, stack(0x0000000ba1400000,0x0000000ba1500000) (1024K)]
  0x000001b4cdc8ce10 ConcurrentGCThread "G1 Main Marker"            [id=34240, stack(0x0000000ba0000000,0x0000000ba0100000) (1024K)]
  0x000001b4cdc8e6b0 WorkerThread "G1 Conc#0"                       [id=22840, stack(0x0000000ba0100000,0x0000000ba0200000) (1024K)]
  0x000001b4e34aaa10 ConcurrentGCThread "G1 Refine#0"               [id=34376, stack(0x0000000ba0200000,0x0000000ba0300000) (1024K)]
  0x000001b4e34ab9c0 ConcurrentGCThread "G1 Service"                [id=10820, stack(0x0000000ba0300000,0x0000000ba0400000) (1024K)]
Total: 12

Threads with active compile tasks:
Total: 0

VM state: synchronizing (normal execution)

VM Mutex/Monitor currently owned by a thread:  ([mutex/lock_event])
[0x00007ff95a90d4f0] Metaspace_lock - owner thread: 0x000001b4e3950d10
[0x00007ff95a90f570] Threads_lock - owner thread: 0x000001b4e35e9cd0

Heap address: 0x00000000e0000000, size: 512 MB, Compressed Oops mode: 32-bit

CDS archive(s) mapped at: [0x000001b4e4000000-0x000001b4e4ba0000-0x000001b4e4ba0000), size 12189696, SharedBaseAddress: 0x000001b4e4000000, ArchiveRelocationMode: 1.
Compressed class space mapped at: 0x000001b4e5000000-0x000001b4f9000000, reserved size: 335544320
Narrow klass base: 0x000001b4e4000000, Narrow klass shift: 0, Narrow klass range: 0x100000000

GC Precious Log:
 CardTable entry size: 512
 Card Set container configuration: InlinePtr #cards 5 size 8 Array Of Cards #cards 12 size 40 Howl #buckets 4 coarsen threshold 1843 Howl Bitmap #cards 512 size 80 coarsen threshold 460 Card regions per heap region 1 cards per card region 2048
 CPUs: 8 total, 8 available
 Memory: 7835M
 Large Page Support: Disabled
 NUMA Support: Disabled
 Compressed Oops: Enabled (32-bit)
 Heap Region Size: 1M
 Heap Min Capacity: 256M
 Heap Initial Capacity: 256M
 Heap Max Capacity: 512M
 Pre-touch: Disabled
 Parallel Workers: 8
 Concurrent Workers: 2
 Concurrent Refinement Workers: 8
 Periodic GC: Disabled

Heap:
 garbage-first heap   total 262144K, used 106091K [0x00000000e0000000, 0x0000000100000000)
  region size 1024K, 94 young (96256K), 2 survivors (2048K)
 Metaspace       used 16142K, committed 16576K, reserved 393216K
  class space    used 2252K, committed 2432K, reserved 327680K

Heap Regions: E=young(eden), S=young(survivor), O=old, HS=humongous(starts), HC=humongous(continues), CS=collection set, F=free, TAMS=top-at-mark-start, PB=parsable bottom
|   0|0x00000000e0000000, 0x00000000e0100000, 0x00000000e0100000|100%|HS|  |TAMS 0x00000000e0000000| PB 0x00000000e0000000| Complete 
|   1|0x00000000e0100000, 0x00000000e0200000, 0x00000000e0200000|100%|HC|  |TAMS 0x00000000e0100000| PB 0x00000000e0100000| Complete 
|   2|0x00000000e0200000, 0x00000000e0300000, 0x00000000e0300000|100%|HC|  |TAMS 0x00000000e0200000| PB 0x00000000e0200000| Complete 
|   3|0x00000000e0300000, 0x00000000e0400000, 0x00000000e0400000|100%|HC|  |TAMS 0x00000000e0300000| PB 0x00000000e0300000| Complete 
|   4|0x00000000e0400000, 0x00000000e0500000, 0x00000000e0500000|100%| O|  |TAMS 0x00000000e0400000| PB 0x00000000e0400000| Untracked 
|   5|0x00000000e0500000, 0x00000000e0600000, 0x00000000e0600000|100%| O|  |TAMS 0x00000000e0500000| PB 0x00000000e0500000| Untracked 
|   6|0x00000000e0600000, 0x00000000e0700000, 0x00000000e0700000|100%| O|  |TAMS 0x00000000e0600000| PB 0x00000000e0600000| Untracked 
|   7|0x00000000e0700000, 0x00000000e0800000, 0x00000000e0800000|100%| O|  |TAMS 0x00000000e0700000| PB 0x00000000e0700000| Untracked 
|   8|0x00000000e0800000, 0x00000000e0900000, 0x00000000e0900000|100%| O|  |TAMS 0x00000000e0800000| PB 0x00000000e0800000| Untracked 
|   9|0x00000000e0900000, 0x00000000e0a00000, 0x00000000e0a00000|100%| O|  |TAMS 0x00000000e0900000| PB 0x00000000e0900000| Untracked 
|  10|0x00000000e0a00000, 0x00000000e0a1dd48, 0x00000000e0b00000| 11%| O|  |TAMS 0x00000000e0a00000| PB 0x00000000e0a00000| Untracked 
|  11|0x00000000e0b00000, 0x00000000e0c00000, 0x00000000e0c00000|100%|HS|  |TAMS 0x00000000e0b00000| PB 0x00000000e0b00000| Complete 
|  12|0x00000000e0c00000, 0x00000000e0d00000, 0x00000000e0d00000|100%|HS|  |TAMS 0x00000000e0c00000| PB 0x00000000e0c00000| Complete 
|  13|0x00000000e0d00000, 0x00000000e0d00000, 0x00000000e0e00000|  0%| F|  |TAMS 0x00000000e0d00000| PB 0x00000000e0d00000| Untracked 
|  14|0x00000000e0e00000, 0x00000000e0e00000, 0x00000000e0f00000|  0%| F|  |TAMS 0x00000000e0e00000| PB 0x00000000e0e00000| Untracked 
|  15|0x00000000e0f00000, 0x00000000e0f00000, 0x00000000e1000000|  0%| F|  |TAMS 0x00000000e0f00000| PB 0x00000000e0f00000| Untracked 
|  16|0x00000000e1000000, 0x00000000e1000000, 0x00000000e1100000|  0%| F|  |TAMS 0x00000000e1000000| PB 0x00000000e1000000| Untracked 
|  17|0x00000000e1100000, 0x00000000e1100000, 0x00000000e1200000|  0%| F|  |TAMS 0x00000000e1100000| PB 0x00000000e1100000| Untracked 
|  18|0x00000000e1200000, 0x00000000e1200000, 0x00000000e1300000|  0%| F|  |TAMS 0x00000000e1200000| PB 0x00000000e1200000| Untracked 
|  19|0x00000000e1300000, 0x00000000e1300000, 0x00000000e1400000|  0%| F|  |TAMS 0x00000000e1300000| PB 0x00000000e1300000| Untracked 
|  20|0x00000000e1400000, 0x00000000e1400000, 0x00000000e1500000|  0%| F|  |TAMS 0x00000000e1400000| PB 0x00000000e1400000| Untracked 
|  21|0x00000000e1500000, 0x00000000e1500000, 0x00000000e1600000|  0%| F|  |TAMS 0x00000000e1500000| PB 0x00000000e1500000| Untracked 
|  22|0x00000000e1600000, 0x00000000e1600000, 0x00000000e1700000|  0%| F|  |TAMS 0x00000000e1600000| PB 0x00000000e1600000| Untracked 
|  23|0x00000000e1700000, 0x00000000e1700000, 0x00000000e1800000|  0%| F|  |TAMS 0x00000000e1700000| PB 0x00000000e1700000| Untracked 
|  24|0x00000000e1800000, 0x00000000e1800000, 0x00000000e1900000|  0%| F|  |TAMS 0x00000000e1800000| PB 0x00000000e1800000| Untracked 
|  25|0x00000000e1900000, 0x00000000e1900000, 0x00000000e1a00000|  0%| F|  |TAMS 0x00000000e1900000| PB 0x00000000e1900000| Untracked 
|  26|0x00000000e1a00000, 0x00000000e1a00000, 0x00000000e1b00000|  0%| F|  |TAMS 0x00000000e1a00000| PB 0x00000000e1a00000| Untracked 
|  27|0x00000000e1b00000, 0x00000000e1b00000, 0x00000000e1c00000|  0%| F|  |TAMS 0x00000000e1b00000| PB 0x00000000e1b00000| Untracked 
|  28|0x00000000e1c00000, 0x00000000e1c00000, 0x00000000e1d00000|  0%| F|  |TAMS 0x00000000e1c00000| PB 0x00000000e1c00000| Untracked 
|  29|0x00000000e1d00000, 0x00000000e1d00000, 0x00000000e1e00000|  0%| F|  |TAMS 0x00000000e1d00000| PB 0x00000000e1d00000| Untracked 
|  30|0x00000000e1e00000, 0x00000000e1e00000, 0x00000000e1f00000|  0%| F|  |TAMS 0x00000000e1e00000| PB 0x00000000e1e00000| Untracked 
|  31|0x00000000e1f00000, 0x00000000e1f00000, 0x00000000e2000000|  0%| F|  |TAMS 0x00000000e1f00000| PB 0x00000000e1f00000| Untracked 
|  32|0x00000000e2000000, 0x00000000e2000000, 0x00000000e2100000|  0%| F|  |TAMS 0x00000000e2000000| PB 0x00000000e2000000| Untracked 
|  33|0x00000000e2100000, 0x00000000e2100000, 0x00000000e2200000|  0%| F|  |TAMS 0x00000000e2100000| PB 0x00000000e2100000| Untracked 
|  34|0x00000000e2200000, 0x00000000e2200000, 0x00000000e2300000|  0%| F|  |TAMS 0x00000000e2200000| PB 0x00000000e2200000| Untracked 
|  35|0x00000000e2300000, 0x00000000e2300000, 0x00000000e2400000|  0%| F|  |TAMS 0x00000000e2300000| PB 0x00000000e2300000| Untracked 
|  36|0x00000000e2400000, 0x00000000e2400000, 0x00000000e2500000|  0%| F|  |TAMS 0x00000000e2400000| PB 0x00000000e2400000| Untracked 
|  37|0x00000000e2500000, 0x00000000e2500000, 0x00000000e2600000|  0%| F|  |TAMS 0x00000000e2500000| PB 0x00000000e2500000| Untracked 
|  38|0x00000000e2600000, 0x00000000e2600000, 0x00000000e2700000|  0%| F|  |TAMS 0x00000000e2600000| PB 0x00000000e2600000| Untracked 
|  39|0x00000000e2700000, 0x00000000e2700000, 0x00000000e2800000|  0%| F|  |TAMS 0x00000000e2700000| PB 0x00000000e2700000| Untracked 
|  40|0x00000000e2800000, 0x00000000e2800000, 0x00000000e2900000|  0%| F|  |TAMS 0x00000000e2800000| PB 0x00000000e2800000| Untracked 
|  41|0x00000000e2900000, 0x00000000e2900000, 0x00000000e2a00000|  0%| F|  |TAMS 0x00000000e2900000| PB 0x00000000e2900000| Untracked 
|  42|0x00000000e2a00000, 0x00000000e2a00000, 0x00000000e2b00000|  0%| F|  |TAMS 0x00000000e2a00000| PB 0x00000000e2a00000| Untracked 
|  43|0x00000000e2b00000, 0x00000000e2b00000, 0x00000000e2c00000|  0%| F|  |TAMS 0x00000000e2b00000| PB 0x00000000e2b00000| Untracked 
|  44|0x00000000e2c00000, 0x00000000e2c00000, 0x00000000e2d00000|  0%| F|  |TAMS 0x00000000e2c00000| PB 0x00000000e2c00000| Untracked 
|  45|0x00000000e2d00000, 0x00000000e2d00000, 0x00000000e2e00000|  0%| F|  |TAMS 0x00000000e2d00000| PB 0x00000000e2d00000| Untracked 
|  46|0x00000000e2e00000, 0x00000000e2e00000, 0x00000000e2f00000|  0%| F|  |TAMS 0x00000000e2e00000| PB 0x00000000e2e00000| Untracked 
|  47|0x00000000e2f00000, 0x00000000e2f00000, 0x00000000e3000000|  0%| F|  |TAMS 0x00000000e2f00000| PB 0x00000000e2f00000| Untracked 
|  48|0x00000000e3000000, 0x00000000e3000000, 0x00000000e3100000|  0%| F|  |TAMS 0x00000000e3000000| PB 0x00000000e3000000| Untracked 
|  49|0x00000000e3100000, 0x00000000e3100000, 0x00000000e3200000|  0%| F|  |TAMS 0x00000000e3100000| PB 0x00000000e3100000| Untracked 
|  50|0x00000000e3200000, 0x00000000e3200000, 0x00000000e3300000|  0%| F|  |TAMS 0x00000000e3200000| PB 0x00000000e3200000| Untracked 
|  51|0x00000000e3300000, 0x00000000e3300000, 0x00000000e3400000|  0%| F|  |TAMS 0x00000000e3300000| PB 0x00000000e3300000| Untracked 
|  52|0x00000000e3400000, 0x00000000e3400000, 0x00000000e3500000|  0%| F|  |TAMS 0x00000000e3400000| PB 0x00000000e3400000| Untracked 
|  53|0x00000000e3500000, 0x00000000e3500000, 0x00000000e3600000|  0%| F|  |TAMS 0x00000000e3500000| PB 0x00000000e3500000| Untracked 
|  54|0x00000000e3600000, 0x00000000e3600000, 0x00000000e3700000|  0%| F|  |TAMS 0x00000000e3600000| PB 0x00000000e3600000| Untracked 
|  55|0x00000000e3700000, 0x00000000e3700000, 0x00000000e3800000|  0%| F|  |TAMS 0x00000000e3700000| PB 0x00000000e3700000| Untracked 
|  56|0x00000000e3800000, 0x00000000e3800000, 0x00000000e3900000|  0%| F|  |TAMS 0x00000000e3800000| PB 0x00000000e3800000| Untracked 
|  57|0x00000000e3900000, 0x00000000e3900000, 0x00000000e3a00000|  0%| F|  |TAMS 0x00000000e3900000| PB 0x00000000e3900000| Untracked 
|  58|0x00000000e3a00000, 0x00000000e3a00000, 0x00000000e3b00000|  0%| F|  |TAMS 0x00000000e3a00000| PB 0x00000000e3a00000| Untracked 
|  59|0x00000000e3b00000, 0x00000000e3b00000, 0x00000000e3c00000|  0%| F|  |TAMS 0x00000000e3b00000| PB 0x00000000e3b00000| Untracked 
|  60|0x00000000e3c00000, 0x00000000e3c00000, 0x00000000e3d00000|  0%| F|  |TAMS 0x00000000e3c00000| PB 0x00000000e3c00000| Untracked 
|  61|0x00000000e3d00000, 0x00000000e3d00000, 0x00000000e3e00000|  0%| F|  |TAMS 0x00000000e3d00000| PB 0x00000000e3d00000| Untracked 
|  62|0x00000000e3e00000, 0x00000000e3e00000, 0x00000000e3f00000|  0%| F|  |TAMS 0x00000000e3e00000| PB 0x00000000e3e00000| Untracked 
|  63|0x00000000e3f00000, 0x00000000e3f00000, 0x00000000e4000000|  0%| F|  |TAMS 0x00000000e3f00000| PB 0x00000000e3f00000| Untracked 
|  64|0x00000000e4000000, 0x00000000e4000000, 0x00000000e4100000|  0%| F|  |TAMS 0x00000000e4000000| PB 0x00000000e4000000| Untracked 
|  65|0x00000000e4100000, 0x00000000e4100000, 0x00000000e4200000|  0%| F|  |TAMS 0x00000000e4100000| PB 0x00000000e4100000| Untracked 
|  66|0x00000000e4200000, 0x00000000e4200000, 0x00000000e4300000|  0%| F|  |TAMS 0x00000000e4200000| PB 0x00000000e4200000| Untracked 
|  67|0x00000000e4300000, 0x00000000e4300000, 0x00000000e4400000|  0%| F|  |TAMS 0x00000000e4300000| PB 0x00000000e4300000| Untracked 
|  68|0x00000000e4400000, 0x00000000e4400000, 0x00000000e4500000|  0%| F|  |TAMS 0x00000000e4400000| PB 0x00000000e4400000| Untracked 
|  69|0x00000000e4500000, 0x00000000e4500000, 0x00000000e4600000|  0%| F|  |TAMS 0x00000000e4500000| PB 0x00000000e4500000| Untracked 
|  70|0x00000000e4600000, 0x00000000e4600000, 0x00000000e4700000|  0%| F|  |TAMS 0x00000000e4600000| PB 0x00000000e4600000| Untracked 
|  71|0x00000000e4700000, 0x00000000e4700000, 0x00000000e4800000|  0%| F|  |TAMS 0x00000000e4700000| PB 0x00000000e4700000| Untracked 
|  72|0x00000000e4800000, 0x00000000e4800000, 0x00000000e4900000|  0%| F|  |TAMS 0x00000000e4800000| PB 0x00000000e4800000| Untracked 
|  73|0x00000000e4900000, 0x00000000e4900000, 0x00000000e4a00000|  0%| F|  |TAMS 0x00000000e4900000| PB 0x00000000e4900000| Untracked 
|  74|0x00000000e4a00000, 0x00000000e4a00000, 0x00000000e4b00000|  0%| F|  |TAMS 0x00000000e4a00000| PB 0x00000000e4a00000| Untracked 
|  75|0x00000000e4b00000, 0x00000000e4b00000, 0x00000000e4c00000|  0%| F|  |TAMS 0x00000000e4b00000| PB 0x00000000e4b00000| Untracked 
|  76|0x00000000e4c00000, 0x00000000e4c00000, 0x00000000e4d00000|  0%| F|  |TAMS 0x00000000e4c00000| PB 0x00000000e4c00000| Untracked 
|  77|0x00000000e4d00000, 0x00000000e4d00000, 0x00000000e4e00000|  0%| F|  |TAMS 0x00000000e4d00000| PB 0x00000000e4d00000| Untracked 
|  78|0x00000000e4e00000, 0x00000000e4e00000, 0x00000000e4f00000|  0%| F|  |TAMS 0x00000000e4e00000| PB 0x00000000e4e00000| Untracked 
|  79|0x00000000e4f00000, 0x00000000e4f00000, 0x00000000e5000000|  0%| F|  |TAMS 0x00000000e4f00000| PB 0x00000000e4f00000| Untracked 
|  80|0x00000000e5000000, 0x00000000e5000000, 0x00000000e5100000|  0%| F|  |TAMS 0x00000000e5000000| PB 0x00000000e5000000| Untracked 
|  81|0x00000000e5100000, 0x00000000e5100000, 0x00000000e5200000|  0%| F|  |TAMS 0x00000000e5100000| PB 0x00000000e5100000| Untracked 
|  82|0x00000000e5200000, 0x00000000e5200000, 0x00000000e5300000|  0%| F|  |TAMS 0x00000000e5200000| PB 0x00000000e5200000| Untracked 
|  83|0x00000000e5300000, 0x00000000e5300000, 0x00000000e5400000|  0%| F|  |TAMS 0x00000000e5300000| PB 0x00000000e5300000| Untracked 
|  84|0x00000000e5400000, 0x00000000e5400000, 0x00000000e5500000|  0%| F|  |TAMS 0x00000000e5400000| PB 0x00000000e5400000| Untracked 
|  85|0x00000000e5500000, 0x00000000e5500000, 0x00000000e5600000|  0%| F|  |TAMS 0x00000000e5500000| PB 0x00000000e5500000| Untracked 
|  86|0x00000000e5600000, 0x00000000e5600000, 0x00000000e5700000|  0%| F|  |TAMS 0x00000000e5600000| PB 0x00000000e5600000| Untracked 
|  87|0x00000000e5700000, 0x00000000e5700000, 0x00000000e5800000|  0%| F|  |TAMS 0x00000000e5700000| PB 0x00000000e5700000| Untracked 
|  88|0x00000000e5800000, 0x00000000e5800000, 0x00000000e5900000|  0%| F|  |TAMS 0x00000000e5800000| PB 0x00000000e5800000| Untracked 
|  89|0x00000000e5900000, 0x00000000e5900000, 0x00000000e5a00000|  0%| F|  |TAMS 0x00000000e5900000| PB 0x00000000e5900000| Untracked 
|  90|0x00000000e5a00000, 0x00000000e5a00000, 0x00000000e5b00000|  0%| F|  |TAMS 0x00000000e5a00000| PB 0x00000000e5a00000| Untracked 
|  91|0x00000000e5b00000, 0x00000000e5b00000, 0x00000000e5c00000|  0%| F|  |TAMS 0x00000000e5b00000| PB 0x00000000e5b00000| Untracked 
|  92|0x00000000e5c00000, 0x00000000e5c00000, 0x00000000e5d00000|  0%| F|  |TAMS 0x00000000e5c00000| PB 0x00000000e5c00000| Untracked 
|  93|0x00000000e5d00000, 0x00000000e5d00000, 0x00000000e5e00000|  0%| F|  |TAMS 0x00000000e5d00000| PB 0x00000000e5d00000| Untracked 
|  94|0x00000000e5e00000, 0x00000000e5e00000, 0x00000000e5f00000|  0%| F|  |TAMS 0x00000000e5e00000| PB 0x00000000e5e00000| Untracked 
|  95|0x00000000e5f00000, 0x00000000e5f00000, 0x00000000e6000000|  0%| F|  |TAMS 0x00000000e5f00000| PB 0x00000000e5f00000| Untracked 
|  96|0x00000000e6000000, 0x00000000e6000000, 0x00000000e6100000|  0%| F|  |TAMS 0x00000000e6000000| PB 0x00000000e6000000| Untracked 
|  97|0x00000000e6100000, 0x00000000e6100000, 0x00000000e6200000|  0%| F|  |TAMS 0x00000000e6100000| PB 0x00000000e6100000| Untracked 
|  98|0x00000000e6200000, 0x00000000e6200000, 0x00000000e6300000|  0%| F|  |TAMS 0x00000000e6200000| PB 0x00000000e6200000| Untracked 
|  99|0x00000000e6300000, 0x00000000e6300000, 0x00000000e6400000|  0%| F|  |TAMS 0x00000000e6300000| PB 0x00000000e6300000| Untracked 
| 100|0x00000000e6400000, 0x00000000e6400000, 0x00000000e6500000|  0%| F|  |TAMS 0x00000000e6400000| PB 0x00000000e6400000| Untracked 
| 101|0x00000000e6500000, 0x00000000e6500000, 0x00000000e6600000|  0%| F|  |TAMS 0x00000000e6500000| PB 0x00000000e6500000| Untracked 
| 102|0x00000000e6600000, 0x00000000e6600000, 0x00000000e6700000|  0%| F|  |TAMS 0x00000000e6600000| PB 0x00000000e6600000| Untracked 
| 103|0x00000000e6700000, 0x00000000e6700000, 0x00000000e6800000|  0%| F|  |TAMS 0x00000000e6700000| PB 0x00000000e6700000| Untracked 
| 104|0x00000000e6800000, 0x00000000e6800000, 0x00000000e6900000|  0%| F|  |TAMS 0x00000000e6800000| PB 0x00000000e6800000| Untracked 
| 105|0x00000000e6900000, 0x00000000e6900000, 0x00000000e6a00000|  0%| F|  |TAMS 0x00000000e6900000| PB 0x00000000e6900000| Untracked 
| 106|0x00000000e6a00000, 0x00000000e6a00000, 0x00000000e6b00000|  0%| F|  |TAMS 0x00000000e6a00000| PB 0x00000000e6a00000| Untracked 
| 107|0x00000000e6b00000, 0x00000000e6b00000, 0x00000000e6c00000|  0%| F|  |TAMS 0x00000000e6b00000| PB 0x00000000e6b00000| Untracked 
| 108|0x00000000e6c00000, 0x00000000e6c00000, 0x00000000e6d00000|  0%| F|  |TAMS 0x00000000e6c00000| PB 0x00000000e6c00000| Untracked 
| 109|0x00000000e6d00000, 0x00000000e6d00000, 0x00000000e6e00000|  0%| F|  |TAMS 0x00000000e6d00000| PB 0x00000000e6d00000| Untracked 
| 110|0x00000000e6e00000, 0x00000000e6e00000, 0x00000000e6f00000|  0%| F|  |TAMS 0x00000000e6e00000| PB 0x00000000e6e00000| Untracked 
| 111|0x00000000e6f00000, 0x00000000e6f00000, 0x00000000e7000000|  0%| F|  |TAMS 0x00000000e6f00000| PB 0x00000000e6f00000| Untracked 
| 112|0x00000000e7000000, 0x00000000e7000000, 0x00000000e7100000|  0%| F|  |TAMS 0x00000000e7000000| PB 0x00000000e7000000| Untracked 
| 113|0x00000000e7100000, 0x00000000e7100000, 0x00000000e7200000|  0%| F|  |TAMS 0x00000000e7100000| PB 0x00000000e7100000| Untracked 
| 114|0x00000000e7200000, 0x00000000e7200000, 0x00000000e7300000|  0%| F|  |TAMS 0x00000000e7200000| PB 0x00000000e7200000| Untracked 
| 115|0x00000000e7300000, 0x00000000e7300000, 0x00000000e7400000|  0%| F|  |TAMS 0x00000000e7300000| PB 0x00000000e7300000| Untracked 
| 116|0x00000000e7400000, 0x00000000e7400000, 0x00000000e7500000|  0%| F|  |TAMS 0x00000000e7400000| PB 0x00000000e7400000| Untracked 
| 117|0x00000000e7500000, 0x00000000e7500000, 0x00000000e7600000|  0%| F|  |TAMS 0x00000000e7500000| PB 0x00000000e7500000| Untracked 
| 118|0x00000000e7600000, 0x00000000e7600000, 0x00000000e7700000|  0%| F|  |TAMS 0x00000000e7600000| PB 0x00000000e7600000| Untracked 
| 119|0x00000000e7700000, 0x00000000e7700000, 0x00000000e7800000|  0%| F|  |TAMS 0x00000000e7700000| PB 0x00000000e7700000| Untracked 
| 120|0x00000000e7800000, 0x00000000e7800000, 0x00000000e7900000|  0%| F|  |TAMS 0x00000000e7800000| PB 0x00000000e7800000| Untracked 
| 121|0x00000000e7900000, 0x00000000e7900000, 0x00000000e7a00000|  0%| F|  |TAMS 0x00000000e7900000| PB 0x00000000e7900000| Untracked 
| 122|0x00000000e7a00000, 0x00000000e7a00000, 0x00000000e7b00000|  0%| F|  |TAMS 0x00000000e7a00000| PB 0x00000000e7a00000| Untracked 
| 123|0x00000000e7b00000, 0x00000000e7b00000, 0x00000000e7c00000|  0%| F|  |TAMS 0x00000000e7b00000| PB 0x00000000e7b00000| Untracked 
| 124|0x00000000e7c00000, 0x00000000e7c00000, 0x00000000e7d00000|  0%| F|  |TAMS 0x00000000e7c00000| PB 0x00000000e7c00000| Untracked 
| 125|0x00000000e7d00000, 0x00000000e7d00000, 0x00000000e7e00000|  0%| F|  |TAMS 0x00000000e7d00000| PB 0x00000000e7d00000| Untracked 
| 126|0x00000000e7e00000, 0x00000000e7e00000, 0x00000000e7f00000|  0%| F|  |TAMS 0x00000000e7e00000| PB 0x00000000e7e00000| Untracked 
| 127|0x00000000e7f00000, 0x00000000e7f00000, 0x00000000e8000000|  0%| F|  |TAMS 0x00000000e7f00000| PB 0x00000000e7f00000| Untracked 
| 128|0x00000000e8000000, 0x00000000e8000000, 0x00000000e8100000|  0%| F|  |TAMS 0x00000000e8000000| PB 0x00000000e8000000| Untracked 
| 129|0x00000000e8100000, 0x00000000e8100000, 0x00000000e8200000|  0%| F|  |TAMS 0x00000000e8100000| PB 0x00000000e8100000| Untracked 
| 130|0x00000000e8200000, 0x00000000e8200000, 0x00000000e8300000|  0%| F|  |TAMS 0x00000000e8200000| PB 0x00000000e8200000| Untracked 
| 131|0x00000000e8300000, 0x00000000e8300000, 0x00000000e8400000|  0%| F|  |TAMS 0x00000000e8300000| PB 0x00000000e8300000| Untracked 
| 132|0x00000000e8400000, 0x00000000e8400000, 0x00000000e8500000|  0%| F|  |TAMS 0x00000000e8400000| PB 0x00000000e8400000| Untracked 
| 133|0x00000000e8500000, 0x00000000e8500000, 0x00000000e8600000|  0%| F|  |TAMS 0x00000000e8500000| PB 0x00000000e8500000| Untracked 
| 134|0x00000000e8600000, 0x00000000e8600000, 0x00000000e8700000|  0%| F|  |TAMS 0x00000000e8600000| PB 0x00000000e8600000| Untracked 
| 135|0x00000000e8700000, 0x00000000e8700000, 0x00000000e8800000|  0%| F|  |TAMS 0x00000000e8700000| PB 0x00000000e8700000| Untracked 
| 136|0x00000000e8800000, 0x00000000e8800000, 0x00000000e8900000|  0%| F|  |TAMS 0x00000000e8800000| PB 0x00000000e8800000| Untracked 
| 137|0x00000000e8900000, 0x00000000e8900000, 0x00000000e8a00000|  0%| F|  |TAMS 0x00000000e8900000| PB 0x00000000e8900000| Untracked 
| 138|0x00000000e8a00000, 0x00000000e8a00000, 0x00000000e8b00000|  0%| F|  |TAMS 0x00000000e8a00000| PB 0x00000000e8a00000| Untracked 
| 139|0x00000000e8b00000, 0x00000000e8b00000, 0x00000000e8c00000|  0%| F|  |TAMS 0x00000000e8b00000| PB 0x00000000e8b00000| Untracked 
| 140|0x00000000e8c00000, 0x00000000e8c00000, 0x00000000e8d00000|  0%| F|  |TAMS 0x00000000e8c00000| PB 0x00000000e8c00000| Untracked 
| 141|0x00000000e8d00000, 0x00000000e8d00000, 0x00000000e8e00000|  0%| F|  |TAMS 0x00000000e8d00000| PB 0x00000000e8d00000| Untracked 
| 142|0x00000000e8e00000, 0x00000000e8e00000, 0x00000000e8f00000|  0%| F|  |TAMS 0x00000000e8e00000| PB 0x00000000e8e00000| Untracked 
| 143|0x00000000e8f00000, 0x00000000e8f00000, 0x00000000e9000000|  0%| F|  |TAMS 0x00000000e8f00000| PB 0x00000000e8f00000| Untracked 
| 144|0x00000000e9000000, 0x00000000e9000000, 0x00000000e9100000|  0%| F|  |TAMS 0x00000000e9000000| PB 0x00000000e9000000| Untracked 
| 145|0x00000000e9100000, 0x00000000e9100000, 0x00000000e9200000|  0%| F|  |TAMS 0x00000000e9100000| PB 0x00000000e9100000| Untracked 
| 146|0x00000000e9200000, 0x00000000e9200000, 0x00000000e9300000|  0%| F|  |TAMS 0x00000000e9200000| PB 0x00000000e9200000| Untracked 
| 147|0x00000000e9300000, 0x00000000e9300000, 0x00000000e9400000|  0%| F|  |TAMS 0x00000000e9300000| PB 0x00000000e9300000| Untracked 
| 148|0x00000000e9400000, 0x00000000e9400000, 0x00000000e9500000|  0%| F|  |TAMS 0x00000000e9400000| PB 0x00000000e9400000| Untracked 
| 149|0x00000000e9500000, 0x00000000e9500000, 0x00000000e9600000|  0%| F|  |TAMS 0x00000000e9500000| PB 0x00000000e9500000| Untracked 
| 150|0x00000000e9600000, 0x00000000e9600000, 0x00000000e9700000|  0%| F|  |TAMS 0x00000000e9600000| PB 0x00000000e9600000| Untracked 
| 151|0x00000000e9700000, 0x00000000e9700000, 0x00000000e9800000|  0%| F|  |TAMS 0x00000000e9700000| PB 0x00000000e9700000| Untracked 
| 152|0x00000000e9800000, 0x00000000e9800000, 0x00000000e9900000|  0%| F|  |TAMS 0x00000000e9800000| PB 0x00000000e9800000| Untracked 
| 153|0x00000000e9900000, 0x00000000e9900000, 0x00000000e9a00000|  0%| F|  |TAMS 0x00000000e9900000| PB 0x00000000e9900000| Untracked 
| 154|0x00000000e9a00000, 0x00000000e9a00000, 0x00000000e9b00000|  0%| F|  |TAMS 0x00000000e9a00000| PB 0x00000000e9a00000| Untracked 
| 155|0x00000000e9b00000, 0x00000000e9b00000, 0x00000000e9c00000|  0%| F|  |TAMS 0x00000000e9b00000| PB 0x00000000e9b00000| Untracked 
| 156|0x00000000e9c00000, 0x00000000e9c00000, 0x00000000e9d00000|  0%| F|  |TAMS 0x00000000e9c00000| PB 0x00000000e9c00000| Untracked 
| 157|0x00000000e9d00000, 0x00000000e9d00000, 0x00000000e9e00000|  0%| F|  |TAMS 0x00000000e9d00000| PB 0x00000000e9d00000| Untracked 
| 158|0x00000000e9e00000, 0x00000000e9e00000, 0x00000000e9f00000|  0%| F|  |TAMS 0x00000000e9e00000| PB 0x00000000e9e00000| Untracked 
| 159|0x00000000e9f00000, 0x00000000e9f00000, 0x00000000ea000000|  0%| F|  |TAMS 0x00000000e9f00000| PB 0x00000000e9f00000| Untracked 
| 160|0x00000000ea000000, 0x00000000ea000000, 0x00000000ea100000|  0%| F|  |TAMS 0x00000000ea000000| PB 0x00000000ea000000| Untracked 
| 161|0x00000000ea100000, 0x00000000ea100000, 0x00000000ea200000|  0%| F|  |TAMS 0x00000000ea100000| PB 0x00000000ea100000| Untracked 
| 162|0x00000000ea200000, 0x00000000ea300000, 0x00000000ea300000|100%| E|  |TAMS 0x00000000ea200000| PB 0x00000000ea200000| Complete 
| 163|0x00000000ea300000, 0x00000000ea400000, 0x00000000ea400000|100%| E|CS|TAMS 0x00000000ea300000| PB 0x00000000ea300000| Complete 
| 164|0x00000000ea400000, 0x00000000ea500000, 0x00000000ea500000|100%| E|CS|TAMS 0x00000000ea400000| PB 0x00000000ea400000| Complete 
| 165|0x00000000ea500000, 0x00000000ea600000, 0x00000000ea600000|100%| E|CS|TAMS 0x00000000ea500000| PB 0x00000000ea500000| Complete 
| 166|0x00000000ea600000, 0x00000000ea700000, 0x00000000ea700000|100%| E|CS|TAMS 0x00000000ea600000| PB 0x00000000ea600000| Complete 
| 167|0x00000000ea700000, 0x00000000ea800000, 0x00000000ea800000|100%| E|CS|TAMS 0x00000000ea700000| PB 0x00000000ea700000| Complete 
| 168|0x00000000ea800000, 0x00000000ea900000, 0x00000000ea900000|100%| E|CS|TAMS 0x00000000ea800000| PB 0x00000000ea800000| Complete 
| 169|0x00000000ea900000, 0x00000000eaa00000, 0x00000000eaa00000|100%| E|CS|TAMS 0x00000000ea900000| PB 0x00000000ea900000| Complete 
| 170|0x00000000eaa00000, 0x00000000eab00000, 0x00000000eab00000|100%| E|CS|TAMS 0x00000000eaa00000| PB 0x00000000eaa00000| Complete 
| 171|0x00000000eab00000, 0x00000000eac00000, 0x00000000eac00000|100%| E|CS|TAMS 0x00000000eab00000| PB 0x00000000eab00000| Complete 
| 172|0x00000000eac00000, 0x00000000ead00000, 0x00000000ead00000|100%| E|CS|TAMS 0x00000000eac00000| PB 0x00000000eac00000| Complete 
| 173|0x00000000ead00000, 0x00000000eae00000, 0x00000000eae00000|100%| E|CS|TAMS 0x00000000ead00000| PB 0x00000000ead00000| Complete 
| 174|0x00000000eae00000, 0x00000000eaf00000, 0x00000000eaf00000|100%| E|CS|TAMS 0x00000000eae00000| PB 0x00000000eae00000| Complete 
| 175|0x00000000eaf00000, 0x00000000eb000000, 0x00000000eb000000|100%| E|CS|TAMS 0x00000000eaf00000| PB 0x00000000eaf00000| Complete 
| 176|0x00000000eb000000, 0x00000000eb100000, 0x00000000eb100000|100%| E|CS|TAMS 0x00000000eb000000| PB 0x00000000eb000000| Complete 
| 177|0x00000000eb100000, 0x00000000eb200000, 0x00000000eb200000|100%| E|CS|TAMS 0x00000000eb100000| PB 0x00000000eb100000| Complete 
| 178|0x00000000eb200000, 0x00000000eb300000, 0x00000000eb300000|100%| E|CS|TAMS 0x00000000eb200000| PB 0x00000000eb200000| Complete 
| 179|0x00000000eb300000, 0x00000000eb400000, 0x00000000eb400000|100%| E|CS|TAMS 0x00000000eb300000| PB 0x00000000eb300000| Complete 
| 180|0x00000000eb400000, 0x00000000eb500000, 0x00000000eb500000|100%| E|CS|TAMS 0x00000000eb400000| PB 0x00000000eb400000| Complete 
| 181|0x00000000eb500000, 0x00000000eb600000, 0x00000000eb600000|100%| E|CS|TAMS 0x00000000eb500000| PB 0x00000000eb500000| Complete 
| 182|0x00000000eb600000, 0x00000000eb700000, 0x00000000eb700000|100%| E|CS|TAMS 0x00000000eb600000| PB 0x00000000eb600000| Complete 
| 183|0x00000000eb700000, 0x00000000eb800000, 0x00000000eb800000|100%| E|CS|TAMS 0x00000000eb700000| PB 0x00000000eb700000| Complete 
| 184|0x00000000eb800000, 0x00000000eb900000, 0x00000000eb900000|100%| E|CS|TAMS 0x00000000eb800000| PB 0x00000000eb800000| Complete 
| 185|0x00000000eb900000, 0x00000000eba00000, 0x00000000eba00000|100%| E|CS|TAMS 0x00000000eb900000| PB 0x00000000eb900000| Complete 
| 186|0x00000000eba00000, 0x00000000ebb00000, 0x00000000ebb00000|100%| E|CS|TAMS 0x00000000eba00000| PB 0x00000000eba00000| Complete 
| 187|0x00000000ebb00000, 0x00000000ebc00000, 0x00000000ebc00000|100%| E|CS|TAMS 0x00000000ebb00000| PB 0x00000000ebb00000| Complete 
| 188|0x00000000ebc00000, 0x00000000ebd00000, 0x00000000ebd00000|100%| E|CS|TAMS 0x00000000ebc00000| PB 0x00000000ebc00000| Complete 
| 189|0x00000000ebd00000, 0x00000000ebe00000, 0x00000000ebe00000|100%| E|CS|TAMS 0x00000000ebd00000| PB 0x00000000ebd00000| Complete 
| 190|0x00000000ebe00000, 0x00000000ebf00000, 0x00000000ebf00000|100%| E|CS|TAMS 0x00000000ebe00000| PB 0x00000000ebe00000| Complete 
| 191|0x00000000ebf00000, 0x00000000ec000000, 0x00000000ec000000|100%| E|CS|TAMS 0x00000000ebf00000| PB 0x00000000ebf00000| Complete 
| 192|0x00000000ec000000, 0x00000000ec100000, 0x00000000ec100000|100%| E|CS|TAMS 0x00000000ec000000| PB 0x00000000ec000000| Complete 
| 193|0x00000000ec100000, 0x00000000ec200000, 0x00000000ec200000|100%| E|CS|TAMS 0x00000000ec100000| PB 0x00000000ec100000| Complete 
| 194|0x00000000ec200000, 0x00000000ec300000, 0x00000000ec300000|100%| E|CS|TAMS 0x00000000ec200000| PB 0x00000000ec200000| Complete 
| 195|0x00000000ec300000, 0x00000000ec400000, 0x00000000ec400000|100%| E|CS|TAMS 0x00000000ec300000| PB 0x00000000ec300000| Complete 
| 196|0x00000000ec400000, 0x00000000ec500000, 0x00000000ec500000|100%| E|CS|TAMS 0x00000000ec400000| PB 0x00000000ec400000| Complete 
| 197|0x00000000ec500000, 0x00000000ec600000, 0x00000000ec600000|100%| E|CS|TAMS 0x00000000ec500000| PB 0x00000000ec500000| Complete 
| 198|0x00000000ec600000, 0x00000000ec700000, 0x00000000ec700000|100%| E|CS|TAMS 0x00000000ec600000| PB 0x00000000ec600000| Complete 
| 199|0x00000000ec700000, 0x00000000ec800000, 0x00000000ec800000|100%| E|CS|TAMS 0x00000000ec700000| PB 0x00000000ec700000| Complete 
| 200|0x00000000ec800000, 0x00000000ec900000, 0x00000000ec900000|100%| E|CS|TAMS 0x00000000ec800000| PB 0x00000000ec800000| Complete 
| 201|0x00000000ec900000, 0x00000000eca00000, 0x00000000eca00000|100%| E|CS|TAMS 0x00000000ec900000| PB 0x00000000ec900000| Complete 
| 202|0x00000000eca00000, 0x00000000ecb00000, 0x00000000ecb00000|100%| E|CS|TAMS 0x00000000eca00000| PB 0x00000000eca00000| Complete 
| 203|0x00000000ecb00000, 0x00000000ecc00000, 0x00000000ecc00000|100%| E|CS|TAMS 0x00000000ecb00000| PB 0x00000000ecb00000| Complete 
| 204|0x00000000ecc00000, 0x00000000ecd00000, 0x00000000ecd00000|100%| E|CS|TAMS 0x00000000ecc00000| PB 0x00000000ecc00000| Complete 
| 205|0x00000000ecd00000, 0x00000000ece00000, 0x00000000ece00000|100%| E|CS|TAMS 0x00000000ecd00000| PB 0x00000000ecd00000| Complete 
| 206|0x00000000ece00000, 0x00000000ecf00000, 0x00000000ecf00000|100%| E|CS|TAMS 0x00000000ece00000| PB 0x00000000ece00000| Complete 
| 207|0x00000000ecf00000, 0x00000000ed000000, 0x00000000ed000000|100%| E|CS|TAMS 0x00000000ecf00000| PB 0x00000000ecf00000| Complete 
| 208|0x00000000ed000000, 0x00000000ed100000, 0x00000000ed100000|100%| E|CS|TAMS 0x00000000ed000000| PB 0x00000000ed000000| Complete 
| 209|0x00000000ed100000, 0x00000000ed200000, 0x00000000ed200000|100%| E|CS|TAMS 0x00000000ed100000| PB 0x00000000ed100000| Complete 
| 210|0x00000000ed200000, 0x00000000ed300000, 0x00000000ed300000|100%| E|CS|TAMS 0x00000000ed200000| PB 0x00000000ed200000| Complete 
| 211|0x00000000ed300000, 0x00000000ed400000, 0x00000000ed400000|100%| E|CS|TAMS 0x00000000ed300000| PB 0x00000000ed300000| Complete 
| 212|0x00000000ed400000, 0x00000000ed500000, 0x00000000ed500000|100%| E|CS|TAMS 0x00000000ed400000| PB 0x00000000ed400000| Complete 
| 213|0x00000000ed500000, 0x00000000ed600000, 0x00000000ed600000|100%| E|CS|TAMS 0x00000000ed500000| PB 0x00000000ed500000| Complete 
| 214|0x00000000ed600000, 0x00000000ed700000, 0x00000000ed700000|100%| E|CS|TAMS 0x00000000ed600000| PB 0x00000000ed600000| Complete 
| 215|0x00000000ed700000, 0x00000000ed800000, 0x00000000ed800000|100%| E|CS|TAMS 0x00000000ed700000| PB 0x00000000ed700000| Complete 
| 216|0x00000000ed800000, 0x00000000ed900000, 0x00000000ed900000|100%| E|CS|TAMS 0x00000000ed800000| PB 0x00000000ed800000| Complete 
| 217|0x00000000ed900000, 0x00000000eda00000, 0x00000000eda00000|100%| E|CS|TAMS 0x00000000ed900000| PB 0x00000000ed900000| Complete 
| 218|0x00000000eda00000, 0x00000000edb00000, 0x00000000edb00000|100%| E|CS|TAMS 0x00000000eda00000| PB 0x00000000eda00000| Complete 
| 219|0x00000000edb00000, 0x00000000edc00000, 0x00000000edc00000|100%| E|CS|TAMS 0x00000000edb00000| PB 0x00000000edb00000| Complete 
| 220|0x00000000edc00000, 0x00000000edd00000, 0x00000000edd00000|100%| E|CS|TAMS 0x00000000edc00000| PB 0x00000000edc00000| Complete 
| 221|0x00000000edd00000, 0x00000000edd7d0a0, 0x00000000ede00000| 48%| S|CS|TAMS 0x00000000edd00000| PB 0x00000000edd00000| Complete 
| 222|0x00000000ede00000, 0x00000000edf00000, 0x00000000edf00000|100%| S|CS|TAMS 0x00000000ede00000| PB 0x00000000ede00000| Complete 
| 223|0x00000000edf00000, 0x00000000ee000000, 0x00000000ee000000|100%| E|CS|TAMS 0x00000000edf00000| PB 0x00000000edf00000| Complete 
| 224|0x00000000ee000000, 0x00000000ee100000, 0x00000000ee100000|100%| E|CS|TAMS 0x00000000ee000000| PB 0x00000000ee000000| Complete 
| 225|0x00000000ee100000, 0x00000000ee200000, 0x00000000ee200000|100%| E|CS|TAMS 0x00000000ee100000| PB 0x00000000ee100000| Complete 
| 226|0x00000000ee200000, 0x00000000ee300000, 0x00000000ee300000|100%| E|CS|TAMS 0x00000000ee200000| PB 0x00000000ee200000| Complete 
| 227|0x00000000ee300000, 0x00000000ee400000, 0x00000000ee400000|100%| E|CS|TAMS 0x00000000ee300000| PB 0x00000000ee300000| Complete 
| 228|0x00000000ee400000, 0x00000000ee500000, 0x00000000ee500000|100%| E|CS|TAMS 0x00000000ee400000| PB 0x00000000ee400000| Complete 
| 229|0x00000000ee500000, 0x00000000ee600000, 0x00000000ee600000|100%| E|CS|TAMS 0x00000000ee500000| PB 0x00000000ee500000| Complete 
| 230|0x00000000ee600000, 0x00000000ee700000, 0x00000000ee700000|100%| E|CS|TAMS 0x00000000ee600000| PB 0x00000000ee600000| Complete 
| 231|0x00000000ee700000, 0x00000000ee800000, 0x00000000ee800000|100%| E|CS|TAMS 0x00000000ee700000| PB 0x00000000ee700000| Complete 
| 232|0x00000000ee800000, 0x00000000ee900000, 0x00000000ee900000|100%| E|CS|TAMS 0x00000000ee800000| PB 0x00000000ee800000| Complete 
| 233|0x00000000ee900000, 0x00000000eea00000, 0x00000000eea00000|100%| E|  |TAMS 0x00000000ee900000| PB 0x00000000ee900000| Complete 
| 234|0x00000000eea00000, 0x00000000eeb00000, 0x00000000eeb00000|100%| E|CS|TAMS 0x00000000eea00000| PB 0x00000000eea00000| Complete 
| 235|0x00000000eeb00000, 0x00000000eec00000, 0x00000000eec00000|100%| E|CS|TAMS 0x00000000eeb00000| PB 0x00000000eeb00000| Complete 
| 236|0x00000000eec00000, 0x00000000eed00000, 0x00000000eed00000|100%| E|CS|TAMS 0x00000000eec00000| PB 0x00000000eec00000| Complete 
| 237|0x00000000eed00000, 0x00000000eee00000, 0x00000000eee00000|100%| E|CS|TAMS 0x00000000eed00000| PB 0x00000000eed00000| Complete 
| 238|0x00000000eee00000, 0x00000000eef00000, 0x00000000eef00000|100%| E|CS|TAMS 0x00000000eee00000| PB 0x00000000eee00000| Complete 
| 239|0x00000000eef00000, 0x00000000ef000000, 0x00000000ef000000|100%| E|CS|TAMS 0x00000000eef00000| PB 0x00000000eef00000| Complete 
| 240|0x00000000ef000000, 0x00000000ef100000, 0x00000000ef100000|100%| E|CS|TAMS 0x00000000ef000000| PB 0x00000000ef000000| Complete 
| 241|0x00000000ef100000, 0x00000000ef200000, 0x00000000ef200000|100%| E|CS|TAMS 0x00000000ef100000| PB 0x00000000ef100000| Complete 
| 242|0x00000000ef200000, 0x00000000ef300000, 0x00000000ef300000|100%| E|CS|TAMS 0x00000000ef200000| PB 0x00000000ef200000| Complete 
| 243|0x00000000ef300000, 0x00000000ef400000, 0x00000000ef400000|100%| E|CS|TAMS 0x00000000ef300000| PB 0x00000000ef300000| Complete 
| 244|0x00000000ef400000, 0x00000000ef500000, 0x00000000ef500000|100%| E|CS|TAMS 0x00000000ef400000| PB 0x00000000ef400000| Complete 
| 245|0x00000000ef500000, 0x00000000ef600000, 0x00000000ef600000|100%| E|CS|TAMS 0x00000000ef500000| PB 0x00000000ef500000| Complete 
| 246|0x00000000ef600000, 0x00000000ef700000, 0x00000000ef700000|100%| E|CS|TAMS 0x00000000ef600000| PB 0x00000000ef600000| Complete 
| 247|0x00000000ef700000, 0x00000000ef800000, 0x00000000ef800000|100%| E|CS|TAMS 0x00000000ef700000| PB 0x00000000ef700000| Complete 
| 248|0x00000000ef800000, 0x00000000ef900000, 0x00000000ef900000|100%| E|CS|TAMS 0x00000000ef800000| PB 0x00000000ef800000| Complete 
| 249|0x00000000ef900000, 0x00000000efa00000, 0x00000000efa00000|100%| E|CS|TAMS 0x00000000ef900000| PB 0x00000000ef900000| Complete 
| 250|0x00000000efa00000, 0x00000000efb00000, 0x00000000efb00000|100%| E|CS|TAMS 0x00000000efa00000| PB 0x00000000efa00000| Complete 
| 251|0x00000000efb00000, 0x00000000efc00000, 0x00000000efc00000|100%| E|CS|TAMS 0x00000000efb00000| PB 0x00000000efb00000| Complete 
| 252|0x00000000efc00000, 0x00000000efd00000, 0x00000000efd00000|100%| E|CS|TAMS 0x00000000efc00000| PB 0x00000000efc00000| Complete 
| 253|0x00000000efd00000, 0x00000000efe00000, 0x00000000efe00000|100%| E|CS|TAMS 0x00000000efd00000| PB 0x00000000efd00000| Complete 
| 254|0x00000000efe00000, 0x00000000eff00000, 0x00000000eff00000|100%| E|CS|TAMS 0x00000000efe00000| PB 0x00000000efe00000| Complete 
| 255|0x00000000eff00000, 0x00000000f0000000, 0x00000000f0000000|100%| E|CS|TAMS 0x00000000eff00000| PB 0x00000000eff00000| Complete 

Card table byte_map: [0x000001b4e0290000,0x000001b4e0390000] _byte_map_base: 0x000001b4dfb90000

Marking Bits: (CMBitMap*) 0x000001b4cdc88530
 Bits: [0x000001b4e0390000, 0x000001b4e0b90000)

Polling page: 0x000001b4cba90000

Metaspace:

Usage:
  Non-class:     13.56 MB used.
      Class:      2.20 MB used.
       Both:     15.76 MB used.

Virtual space:
  Non-class space:       64.00 MB reserved,      13.81 MB ( 22%) committed,  1 nodes.
      Class space:      320.00 MB reserved,       2.38 MB ( <1%) committed,  1 nodes.
             Both:      384.00 MB reserved,      16.19 MB (  4%) committed. 

Chunk freelists:
   Non-Class:  1.33 MB
       Class:  13.61 MB
        Both:  14.94 MB

MaxMetaspaceSize: 384.00 MB
CompressedClassSpaceSize: 320.00 MB
Initial GC threshold: 21.00 MB
Current GC threshold: 21.00 MB
CDS: on
 - commit_granule_bytes: 65536.
 - commit_granule_words: 8192.
 - virtual_space_node_default_size: 8388608.
 - enlarge_chunks_in_place: 1.
 - use_allocation_guard: 0.


Internal statistics:

num_allocs_failed_limit: 0.
num_arena_births: 586.
num_arena_deaths: 0.
num_vsnodes_births: 2.
num_vsnodes_deaths: 0.
num_space_committed: 259.
num_space_uncommitted: 0.
num_chunks_returned_to_freelist: 0.
num_chunks_taken_from_freelist: 1145.
num_chunk_merges: 0.
num_chunk_splits: 740.
num_chunks_enlarged: 516.
num_inconsistent_stats: 0.

CodeHeap 'non-profiled nmethods': size=120000Kb used=1351Kb max_used=1351Kb free=118648Kb
 bounds [0x000001b4d8930000, 0x000001b4d8ba0000, 0x000001b4dfe60000]
CodeHeap 'profiled nmethods': size=120000Kb used=5798Kb max_used=5798Kb free=114201Kb
 bounds [0x000001b4d0e60000, 0x000001b4d1410000, 0x000001b4d8390000]
CodeHeap 'non-nmethods': size=5760Kb used=1397Kb max_used=1446Kb free=4362Kb
 bounds [0x000001b4d8390000, 0x000001b4d8600000, 0x000001b4d8930000]
CodeCache: size=245760Kb, used=8546Kb, max_used=8595Kb, free=237211Kb
 total_blobs=3407, nmethods=2851, adapters=460, full_count=0
Compilation: enabled, stopped_count=0, restarted_count=0

Compilation events (20 events):
Event: 56.480 Thread 0x000001b4e3621480 2839       3       sun.security.provider.MD5::II (25 bytes)
Event: 56.480 Thread 0x000001b4e3621480 nmethod 2839 0x000001b4d1403610 code [0x000001b4d14037c0, 0x000001b4d1403930]
Event: 56.539 Thread 0x000001b4e3621480 2840       3       java.lang.invoke.MethodHandleImpl::valueConversion (325 bytes)
Event: 56.540 Thread 0x000001b4e3621480 nmethod 2840 0x000001b4d1403a10 code [0x000001b4d1403d20, 0x000001b4d1404950]
Event: 56.551 Thread 0x000001b4e3621480 2841       3       java.lang.invoke.LambdaFormBuffer::replaceParameterByCopy (38 bytes)
Event: 56.552 Thread 0x000001b4e3621480 nmethod 2841 0x000001b4d1404d90 code [0x000001b4d1404f60, 0x000001b4d1405148]
Event: 56.552 Thread 0x000001b4e3621480 2843       3       java.lang.invoke.InvokerBytecodeGenerator::<init> (129 bytes)
Event: 56.552 Thread 0x000001b4e361d6e0 2844       4       jdk.internal.org.objectweb.asm.Frame::getLocal (46 bytes)
Event: 56.552 Thread 0x000001b4e3621480 nmethod 2843 0x000001b4d1405290 code [0x000001b4d1405580, 0x000001b4d1406548]
Event: 56.552 Thread 0x000001b4e3621480 2842       3       java.lang.invoke.LambdaFormBuffer::noteDuplicate (115 bytes)
Event: 56.553 Thread 0x000001b4e361d6e0 nmethod 2844 0x000001b4d8a81010 code [0x000001b4d8a811a0, 0x000001b4d8a81298]
Event: 56.553 Thread 0x000001b4e3621480 nmethod 2842 0x000001b4d1406b10 code [0x000001b4d1406d20, 0x000001b4d1407500]
Event: 56.626 Thread 0x000001b4e3621480 2847       3       java.util.HashMap::put (13 bytes)
Event: 56.626 Thread 0x000001b4e3621480 nmethod 2847 0x000001b4d1407810 code [0x000001b4d14079e0, 0x000001b4d1407ce8]
Event: 56.699 Thread 0x000001b4e3621480 2849       3       java.lang.invoke.MethodHandles$Lookup::checkMethod (87 bytes)
Event: 56.700 Thread 0x000001b4e3621480 nmethod 2849 0x000001b4d1407e10 code [0x000001b4d1408020, 0x000001b4d1408678]
Event: 56.700 Thread 0x000001b4e3621480 2850       3       java.lang.invoke.MethodHandles$Lookup::maybeBindCaller (72 bytes)
Event: 56.700 Thread 0x000001b4e3621480 nmethod 2850 0x000001b4d1408890 code [0x000001b4d1408ac0, 0x000001b4d1409228]
Event: 56.700 Thread 0x000001b4e3621480 2851       3       java.lang.invoke.MethodType::genericMethodType (6 bytes)
Event: 56.700 Thread 0x000001b4e3621480 nmethod 2851 0x000001b4d1409510 code [0x000001b4d14096c0, 0x000001b4d14097e0]

GC Heap History (4 events):
Event: 2.090 GC heap before
{Heap before GC invocations=0 (full 0):
 garbage-first heap   total 262144K, used 26624K [0x00000000e0000000, 0x0000000100000000)
  region size 1024K, 23 young (23552K), 0 survivors (0K)
 Metaspace       used 1135K, committed 1280K, reserved 393216K
  class space    used 83K, committed 128K, reserved 327680K
}
Event: 2.095 GC heap after
{Heap after GC invocations=1 (full 0):
 garbage-first heap   total 262144K, used 10190K [0x00000000e0000000, 0x0000000100000000)
  region size 1024K, 3 young (3072K), 3 survivors (3072K)
 Metaspace       used 1135K, committed 1280K, reserved 393216K
  class space    used 83K, committed 128K, reserved 327680K
}
Event: 18.229 GC heap before
{Heap before GC invocations=1 (full 0):
 garbage-first heap   total 262144K, used 40910K [0x00000000e0000000, 0x0000000100000000)
  region size 1024K, 33 young (33792K), 3 survivors (3072K)
 Metaspace       used 4339K, committed 4544K, reserved 393216K
  class space    used 546K, committed 640K, reserved 327680K
}
Event: 18.232 GC heap after
{Heap after GC invocations=2 (full 0):
 garbage-first heap   total 262144K, used 11883K [0x00000000e0000000, 0x0000000100000000)
  region size 1024K, 2 young (2048K), 2 survivors (2048K)
 Metaspace       used 4339K, committed 4544K, reserved 393216K
  class space    used 546K, committed 640K, reserved 327680K
}

Dll operation events (14 events):
Event: 0.021 Loaded shared library C:\Users\USER\.vscode\extensions\redhat.java-1.55.0-win32-x64\jre\21.0.11-win32-x86_64\bin\java.dll
Event: 0.647 Loaded shared library C:\Users\USER\.vscode\extensions\redhat.java-1.55.0-win32-x64\jre\21.0.11-win32-x86_64\bin\zip.dll
Event: 0.670 Loaded shared library C:\Users\USER\.vscode\extensions\redhat.java-1.55.0-win32-x64\jre\21.0.11-win32-x86_64\bin\instrument.dll
Event: 0.674 Loaded shared library C:\Users\USER\.vscode\extensions\redhat.java-1.55.0-win32-x64\jre\21.0.11-win32-x86_64\bin\net.dll
Event: 0.677 Loaded shared library C:\Users\USER\.vscode\extensions\redhat.java-1.55.0-win32-x64\jre\21.0.11-win32-x86_64\bin\nio.dll
Event: 0.679 Loaded shared library C:\Users\USER\.vscode\extensions\redhat.java-1.55.0-win32-x64\jre\21.0.11-win32-x86_64\bin\zip.dll
Event: 1.227 Loaded shared library C:\Users\USER\.vscode\extensions\redhat.java-1.55.0-win32-x64\jre\21.0.11-win32-x86_64\bin\jimage.dll
Event: 2.100 Loaded shared library C:\Users\USER\.vscode\extensions\redhat.java-1.55.0-win32-x64\jre\21.0.11-win32-x86_64\bin\verify.dll
Event: 5.235 Loaded shared library C:\Users\USER\.gradle\native\c067742578af261105cb4f569cf0c3c89f3d7b1fecec35dd04571415982c5e48\windows-amd64\native-platform.dll
Event: 5.414 Loaded shared library C:\Users\USER\.gradle\native\100fb08df4bc3b14c8652ba06237920a3bd2aa13389f12d3474272988ae205f9\windows-amd64\native-platform-file-events.dll
Event: 34.181 Loaded shared library C:\Users\USER\.vscode\extensions\redhat.java-1.55.0-win32-x64\jre\21.0.11-win32-x86_64\bin\management.dll
Event: 34.197 Loaded shared library C:\Users\USER\.vscode\extensions\redhat.java-1.55.0-win32-x64\jre\21.0.11-win32-x86_64\bin\management_ext.dll
Event: 38.461 Loaded shared library C:\Users\USER\.vscode\extensions\redhat.java-1.55.0-win32-x64\jre\21.0.11-win32-x86_64\bin\extnet.dll
Event: 41.737 Loaded shared library C:\Users\USER\.vscode\extensions\redhat.java-1.55.0-win32-x64\jre\21.0.11-win32-x86_64\bin\sunmscapi.dll

Deoptimization events (20 events):
Event: 53.119 Thread 0x000001b4e3950d10 DEOPT PACKING pc=0x000001b4d89f6be4 sp=0x0000000ba1bfc860
Event: 53.120 Thread 0x000001b4e3950d10 DEOPT UNPACKING pc=0x000001b4d83e4422 sp=0x0000000ba1bfc818 mode 2
Event: 53.120 Thread 0x000001b4e3950d10 Uncommon trap: trap_request=0xffffffde fr.pc=0x000001b4d89f6be4 relative=0x0000000000000304
Event: 53.120 Thread 0x000001b4e3950d10 Uncommon trap: reason=class_check action=maybe_recompile pc=0x000001b4d89f6be4 method=java.util.regex.Pattern$BmpCharPropertyGreedy.match(Ljava/util/regex/Matcher;ILjava/lang/CharSequence;)Z @ 26 c2
Event: 53.121 Thread 0x000001b4e3950d10 DEOPT PACKING pc=0x000001b4d89f6be4 sp=0x0000000ba1bfc7d0
Event: 53.121 Thread 0x000001b4e3950d10 DEOPT UNPACKING pc=0x000001b4d83e4422 sp=0x0000000ba1bfc788 mode 2
Event: 55.176 Thread 0x000001b4e3950d10 Uncommon trap: trap_request=0xffffff45 fr.pc=0x000001b4d8956404 relative=0x0000000000000d04
Event: 55.176 Thread 0x000001b4e3950d10 Uncommon trap: reason=unstable_if action=reinterpret pc=0x000001b4d8956404 method=java.io.WinNTFileSystem.resolve(Ljava/lang/String;Ljava/lang/String;)Ljava/lang/String; @ 19 c2
Event: 55.176 Thread 0x000001b4e3950d10 DEOPT PACKING pc=0x000001b4d8956404 sp=0x0000000ba1bfbee0
Event: 55.176 Thread 0x000001b4e3950d10 DEOPT UNPACKING pc=0x000001b4d83e4422 sp=0x0000000ba1bfbe78 mode 2
Event: 55.203 Thread 0x000001b4e3950d10 DEOPT PACKING pc=0x000001b4d0f3f1d9 sp=0x0000000ba1bfb8c0
Event: 55.203 Thread 0x000001b4e3950d10 DEOPT UNPACKING pc=0x000001b4d83e4bc2 sp=0x0000000ba1bfad58 mode 0
Event: 55.203 Thread 0x000001b4e3950d10 Uncommon trap: trap_request=0xffffff45 fr.pc=0x000001b4d89c6090 relative=0x0000000000000630
Event: 55.203 Thread 0x000001b4e3950d10 Uncommon trap: reason=unstable_if action=reinterpret pc=0x000001b4d89c6090 method=java.io.File.getName()Ljava/lang/String; @ 16 c2
Event: 55.203 Thread 0x000001b4e3950d10 DEOPT PACKING pc=0x000001b4d89c6090 sp=0x0000000ba1bfbea0
Event: 55.203 Thread 0x000001b4e3950d10 DEOPT UNPACKING pc=0x000001b4d83e4422 sp=0x0000000ba1bfbe70 mode 2
Event: 56.530 Thread 0x000001b4e3950d10 Uncommon trap: trap_request=0xffffff45 fr.pc=0x000001b4d8959914 relative=0x00000000000000f4
Event: 56.530 Thread 0x000001b4e3950d10 Uncommon trap: reason=unstable_if action=reinterpret pc=0x000001b4d8959914 method=java.util.HashMap.hash(Ljava/lang/Object;)I @ 1 c2
Event: 56.530 Thread 0x000001b4e3950d10 DEOPT PACKING pc=0x000001b4d8959914 sp=0x0000000ba1bfcc60
Event: 56.530 Thread 0x000001b4e3950d10 DEOPT UNPACKING pc=0x000001b4d83e4422 sp=0x0000000ba1bfcba0 mode 2

Classes loaded (20 events):
Event: 54.303 Loading class sun/security/provider/MD5
Event: 54.303 Loading class sun/security/provider/MD5 done
Event: 54.304 Loading class sun/security/provider/SHA5$SHA512
Event: 54.304 Loading class sun/security/provider/SHA5
Event: 54.304 Loading class sun/security/provider/SHA5 done
Event: 54.304 Loading class sun/security/provider/SHA5$SHA512 done
Event: 54.318 Loading class sun/security/provider/ByteArrayAccess$LE
Event: 54.318 Loading class sun/security/provider/ByteArrayAccess$LE done
Event: 55.201 Loading class java/io/File$TempDirectory
Event: 55.202 Loading class java/io/File$TempDirectory done
Event: 55.263 Loading class java/io/PrintWriter
Event: 55.263 Loading class java/io/PrintWriter done
Event: 56.100 Loading class java/util/concurrent/Semaphore
Event: 56.101 Loading class java/util/concurrent/Semaphore done
Event: 56.154 Loading class java/nio/file/FileVisitOption
Event: 56.154 Loading class java/nio/file/FileVisitOption done
Event: 56.270 Loading class java/util/stream/ReduceOps$1
Event: 56.270 Loading class java/util/stream/ReduceOps$1 done
Event: 56.270 Loading class java/util/stream/ReduceOps$1ReducingSink
Event: 56.271 Loading class java/util/stream/ReduceOps$1ReducingSink done

Classes unloaded (0 events):
No events

Classes redefined (0 events):
No events

Internal exceptions (20 events):
Event: 46.153 Thread 0x000001b4e3950d10 Exception <a 'java/lang/NoSuchMethodError'{0x00000000ebd5b188}: 'long java.lang.invoke.DirectMethodHandle$Holder.invokeInterface(java.lang.Object, java.lang.Object)'> (0x00000000ebd5b188) 
thrown [s\src\hotspot\share\interpreter\linkResolver.cpp, line 773]
Event: 47.044 Thread 0x000001b4e3950d10 Exception <a 'java/lang/NoSuchMethodError'{0x00000000eb997ab8}: 'void java.lang.invoke.DirectMethodHandle$Holder.invokeStatic(java.lang.Object, java.lang.Object)'> (0x00000000eb997ab8) 
thrown [s\src\hotspot\share\interpreter\linkResolver.cpp, line 773]
Event: 47.077 Thread 0x000001b4e3950d10 Exception <a 'java/lang/NoSuchMethodError'{0x00000000eb9d99b8}: 'java.lang.Object java.lang.invoke.DirectMethodHandle$Holder.invokeVirtual(java.lang.Object, java.lang.Object, java.lang.Object, java.lang.Object, java.lang.Object, java.lang.Object, java.lang.Object, java.lang.Object, java.lang.Object, java.lang.Object, java.lang.Object, java.lang.Object)'> (0x00000000eb9d99b8) 
thrown [s\src\hotspot\share\interpreter\linkResolver.cpp, line 773]
Event: 47.079 Thread 0x000001b4e3950d10 Exception <a 'java/lang/NoSuchMethodError'{0x00000000eb9de9e0}: 'java.lang.Object java.lang.invoke.DirectMethodHandle$Holder.invokeSpecial(java.lang.Object, java.lang.Object, java.lang.Object, java.lang.Object, java.lang.Object, java.lang.Object, java.lang.Object, java.lang.Object, java.lang.Object, java.lang.Object, java.lang.Object, java.lang.Object, java.lang.Object)'> (0x00000000eb9de9e0) 
thrown [s\src\hotspot\share\interpreter\linkResolver.cpp, line 773]
Event: 47.473 Thread 0x000001b4e3950d10 Exception <a 'java/lang/NoSuchMethodError'{0x00000000eb787470}: 'java.lang.Object java.lang.invoke.DirectMethodHandle$Holder.newInvokeSpecial(java.lang.Object, java.lang.Object, java.lang.Object, java.lang.Object, java.lang.Object)'> (0x00000000eb787470) 
thrown [s\src\hotspot\share\interpreter\linkResolver.cpp, line 773]
Event: 47.566 Thread 0x000001b4e3950d10 Exception <a 'java/lang/NoSuchMethodError'{0x00000000eb7def08}: 'int java.lang.invoke.DirectMethodHandle$Holder.invokeVirtual(java.lang.Object, java.lang.Object, java.lang.Object)'> (0x00000000eb7def08) 
thrown [s\src\hotspot\share\interpreter\linkResolver.cpp, line 773]
Event: 48.535 Thread 0x000001b4e3950d10 Exception <a 'java/lang/NoSuchMethodError'{0x00000000eb436428}: 'java.lang.Object java.lang.invoke.DirectMethodHandle$Holder.newInvokeSpecial(java.lang.Object, java.lang.Object, java.lang.Object, java.lang.Object, java.lang.Object, java.lang.Object)'> (0x00000000eb436428) 
thrown [s\src\hotspot\share\interpreter\linkResolver.cpp, line 773]
Event: 48.750 Thread 0x000001b4e3950d10 Exception <a 'java/lang/NoSuchMethodError'{0x00000000eb45bc28}: 'void java.lang.invoke.DirectMethodHandle$Holder.invokeStaticInit(java.lang.Object, java.lang.Object)'> (0x00000000eb45bc28) 
thrown [s\src\hotspot\share\interpreter\linkResolver.cpp, line 773]
Event: 49.970 Thread 0x000001b4e3950d10 Exception <a 'java/lang/NoSuchMethodError'{0x00000000eb2f1018}: 'void java.lang.invoke.DelegatingMethodHandle$Holder.reinvoke_L(java.lang.Object, java.lang.Object, java.lang.Object, java.lang.Object, java.lang.Object, java.lang.Object, java.lang.Object, java.lang.Object, java.lang.Object, java.lang.Object)'> (0x00000000eb2f1018) 
thrown [s\src\hotspot\share\interpreter\linkResolver.cpp, line 773]
Event: 49.975 Thread 0x000001b4e3950d10 Exception <a 'java/lang/NoSuchMethodError'{0x00000000eb2f8af8}: 'java.lang.Object java.lang.invoke.Invokers$Holder.invoker(java.lang.Object, java.lang.Object, java.lang.Object, java.lang.Object, java.lang.Object, java.lang.Object, java.lang.Object, java.lang.Object, java.lang.Object, java.lang.Object)'> (0x00000000eb2f8af8) 
thrown [s\src\hotspot\share\interpreter\linkResolver.cpp, line 773]
Event: 51.959 Thread 0x000001b4e3950d10 Exception <a 'java/lang/NoSuchMethodError'{0x00000000eaeca8a8}: 'void java.lang.invoke.DirectMethodHandle$Holder.invokeVirtual(java.lang.Object, java.lang.Object, java.lang.Object, java.lang.Object, java.lang.Object)'> (0x00000000eaeca8a8) 
thrown [s\src\hotspot\share\interpreter\linkResolver.cpp, line 773]
Event: 53.103 Thread 0x000001b4e3950d10 Exception <a 'java/lang/NoSuchMethodError'{0x00000000eac55530}: 'void java.lang.invoke.DirectMethodHandle$Holder.invokeInterface(java.lang.Object, java.lang.Object)'> (0x00000000eac55530) 
thrown [s\src\hotspot\share\interpreter\linkResolver.cpp, line 773]
Event: 53.103 Thread 0x000001b4e3950d10 Exception <a 'java/lang/IncompatibleClassChangeError'{0x00000000eac58ab0}: Found class java.lang.Object, but interface was expected> (0x00000000eac58ab0) 
thrown [s\src\hotspot\share\interpreter\linkResolver.cpp, line 840]
Event: 53.284 Thread 0x000001b4e3950d10 Exception <a 'java/lang/NoSuchMethodError'{0x00000000eab784e8}: 'java.lang.Object java.lang.invoke.DirectMethodHandle$Holder.newInvokeSpecial(java.lang.Object, java.lang.Object, int)'> (0x00000000eab784e8) 
thrown [s\src\hotspot\share\interpreter\linkResolver.cpp, line 773]
Event: 53.404 Thread 0x000001b4e3950d10 Exception <a 'java/lang/NoSuchMethodError'{0x00000000eaa78298}: 'java.lang.Object java.lang.invoke.DirectMethodHandle$Holder.invokeVirtual(java.lang.Object, java.lang.Object, java.lang.Object, java.lang.Object, java.lang.Object, java.lang.Object, java.lang.Object, java.lang.Object)'> (0x00000000eaa78298) 
thrown [s\src\hotspot\share\interpreter\linkResolver.cpp, line 773]
Event: 56.219 Thread 0x000001b4e3950d10 Exception <a 'java/lang/NoSuchMethodError'{0x00000000ea4ce238}: 'int java.lang.invoke.DirectMethodHandle$Holder.invokeSpecialIFC(java.lang.Object, java.lang.Object, java.lang.Object, java.lang.Object)'> (0x00000000ea4ce238) 
thrown [s\src\hotspot\share\interpreter\linkResolver.cpp, line 773]
Event: 56.240 Thread 0x000001b4e3950d10 Exception <a 'java/lang/NoSuchMethodError'{0x00000000ea4db500}: 'java.lang.Object java.lang.invoke.DirectMethodHandle$Holder.invokeInterface(java.lang.Object, java.lang.Object, java.lang.Object)'> (0x00000000ea4db500) 
thrown [s\src\hotspot\share\interpreter\linkResolver.cpp, line 773]
Event: 56.241 Thread 0x000001b4e3950d10 Exception <a 'java/lang/IncompatibleClassChangeError'{0x00000000ea4dee58}: Found class java.lang.Object, but interface was expected> (0x00000000ea4dee58) 
thrown [s\src\hotspot\share\interpreter\linkResolver.cpp, line 840]
Event: 56.530 Thread 0x000001b4e3950d10 Implicit null exception at 0x000001b4d8959866 to 0x000001b4d895990a
Event: 56.682 Thread 0x000001b4e3950d10 Exception <a 'java/lang/NoSuchMethodError'{0x00000000ea2bbe98}: 'int java.lang.invoke.DirectMethodHandle$Holder.invokeStatic(java.lang.Object, java.lang.Object, java.lang.Object, java.lang.Object)'> (0x00000000ea2bbe98) 
thrown [s\src\hotspot\share\interpreter\linkResolver.cpp, line 773]

ZGC Phase Switch (0 events):
No events

VM Operations (20 events):
Event: 48.027 Executing safepoint VM operation: Cleanup done
Event: 49.036 Executing safepoint VM operation: Cleanup
Event: 49.052 Executing safepoint VM operation: Cleanup done
Event: 49.454 Executing non-safepoint VM operation: HandshakeAllThreads (Deoptimize)
Event: 49.454 Executing non-safepoint VM operation: HandshakeAllThreads (Deoptimize) done
Event: 50.460 Executing safepoint VM operation: Cleanup
Event: 50.506 Executing safepoint VM operation: Cleanup done
Event: 51.508 Executing safepoint VM operation: Cleanup
Event: 51.523 Executing safepoint VM operation: Cleanup done
Event: 52.531 Executing safepoint VM operation: Cleanup
Event: 52.546 Executing safepoint VM operation: Cleanup done
Event: 53.274 Executing non-safepoint VM operation: HandshakeAllThreads (Deoptimize)
Event: 53.274 Executing non-safepoint VM operation: HandshakeAllThreads (Deoptimize) done
Event: 54.287 Executing safepoint VM operation: Cleanup
Event: 54.302 Executing safepoint VM operation: Cleanup done
Event: 55.312 Executing safepoint VM operation: Cleanup
Event: 55.343 Executing safepoint VM operation: Cleanup done
Event: 56.358 Executing safepoint VM operation: Cleanup
Event: 56.374 Executing safepoint VM operation: Cleanup done
Event: 57.376 Executing safepoint VM operation: Cleanup

Memory protections (0 events):
No events

Nmethod flushes (0 events):
No events

Events (20 events):
Event: 0.587 Thread 0x000001b4cdc5e080 Thread added: 0x000001b4e3616880
Event: 0.587 Thread 0x000001b4cdc5e080 Thread added: 0x000001b4e3618ba0
Event: 0.587 Thread 0x000001b4cdc5e080 Thread added: 0x000001b4e361d6e0
Event: 0.588 Thread 0x000001b4cdc5e080 Thread added: 0x000001b4e3621480
Event: 0.671 Thread 0x000001b4cdc5e080 Thread added: 0x000001b4e3877750
Event: 0.692 Thread 0x000001b4cdc5e080 Thread added: 0x000001b4e38c1940
Event: 34.628 Thread 0x000001b4cdc5e080 Thread added: 0x000001b4fd7b2f60
Event: 39.187 Thread 0x000001b4cdc5e080 Thread added: 0x000001b4fdfe9b80
Event: 41.515 Thread 0x000001b4cdc5e080 Thread added: 0x000001b4fd13cd10
Event: 43.154 Thread 0x000001b4fdfe9b80 Thread added: 0x000001b4fd0f96b0
Event: 43.193 Thread 0x000001b4fd0f96b0 Thread added: 0x000001b4fe501ae0
Event: 43.393 Thread 0x000001b4fd0f96b0 Thread added: 0x000001b4fe6433d0
Event: 44.882 Thread 0x000001b4fd0f96b0 Thread added: 0x000001b4e3950d10
Event: 45.047 Thread 0x000001b4e3950d10 Thread added: 0x000001b4e3950680
Event: 45.088 Thread 0x000001b4e3950d10 Thread added: 0x000001b4e394fff0
Event: 45.136 Thread 0x000001b4e3950d10 Thread added: 0x000001b4e39513a0
Event: 53.275 Thread 0x000001b4e3950d10 Thread added: 0x000001b4fe3a4910
Event: 53.364 Thread 0x000001b4e3950d10 Thread added: 0x000001b4fe3a5cc0
Event: 54.053 Thread 0x000001b4e3950d10 Thread added: 0x000001b4fe3a2ed0
Event: 54.365 Thread 0x000001b4fe3a5cc0 Thread added: 0x000001b4fe3a2840


Dynamic libraries:
0x00007ff6ef0b0000 - 0x00007ff6ef0be000 	C:\Users\USER\.vscode\extensions\redhat.java-1.55.0-win32-x64\jre\21.0.11-win32-x86_64\bin\java.exe
0x00007ffa60140000 - 0x00007ffa603a6000 	C:\WINDOWS\SYSTEM32\ntdll.dll
0x00007ffa5f100000 - 0x00007ffa5f1c9000 	C:\WINDOWS\System32\KERNEL32.DLL
0x00007ffa5d5b0000 - 0x00007ffa5d9aa000 	C:\WINDOWS\System32\KERNELBASE.dll
0x00007ffa5d460000 - 0x00007ffa5d5ac000 	C:\WINDOWS\System32\ucrtbase.dll
0x00007ffa495b0000 - 0x00007ffa495c8000 	C:\Users\USER\.vscode\extensions\redhat.java-1.55.0-win32-x64\jre\21.0.11-win32-x86_64\bin\jli.dll
0x00007ffa495d0000 - 0x00007ffa495ee000 	C:\Users\USER\.vscode\extensions\redhat.java-1.55.0-win32-x64\jre\21.0.11-win32-x86_64\bin\VCRUNTIME140.dll
0x00007ffa5fea0000 - 0x00007ffa60067000 	C:\WINDOWS\System32\USER32.dll
0x00007ffa5de80000 - 0x00007ffa5dea7000 	C:\WINDOWS\System32\win32u.dll
0x00007ffa5f280000 - 0x00007ffa5f2ab000 	C:\WINDOWS\System32\GDI32.dll
0x00007ffa3f680000 - 0x00007ffa3f912000 	C:\WINDOWS\WinSxS\amd64_microsoft.windows.common-controls_6595b64144ccf1df_6.0.26100.8521_none_3e08b75ce33403b3\COMCTL32.dll
0x00007ffa5dc90000 - 0x00007ffa5ddbb000 	C:\WINDOWS\System32\gdi32full.dll
0x00007ffa5deb0000 - 0x00007ffa5df59000 	C:\WINDOWS\System32\msvcrt.dll
0x00007ffa5dbe0000 - 0x00007ffa5dc83000 	C:\WINDOWS\System32\msvcp_win.dll
0x00007ffa5fc60000 - 0x00007ffa5fc92000 	C:\WINDOWS\System32\IMM32.DLL
0x00007ffa495a0000 - 0x00007ffa495ac000 	C:\Users\USER\.vscode\extensions\redhat.java-1.55.0-win32-x64\jre\21.0.11-win32-x86_64\bin\vcruntime140_1.dll
0x00007ff9c4810000 - 0x00007ff9c489d000 	C:\Users\USER\.vscode\extensions\redhat.java-1.55.0-win32-x64\jre\21.0.11-win32-x86_64\bin\msvcp140.dll
0x00007ff959c50000 - 0x00007ff95a9f2000 	C:\Users\USER\.vscode\extensions\redhat.java-1.55.0-win32-x64\jre\21.0.11-win32-x86_64\bin\server\jvm.dll
0x00007ffa5fba0000 - 0x00007ffa5fc56000 	C:\WINDOWS\System32\ADVAPI32.dll
0x00007ffa5f1d0000 - 0x00007ffa5f27a000 	C:\WINDOWS\System32\sechost.dll
0x00007ffa5ed80000 - 0x00007ffa5ee98000 	C:\WINDOWS\System32\RPCRT4.dll
0x00007ffa60070000 - 0x00007ffa600f0000 	C:\WINDOWS\System32\WS2_32.dll
0x00007ffa5d230000 - 0x00007ffa5d28e000 	C:\WINDOWS\SYSTEM32\POWRPROF.dll
0x00007ffa54dd0000 - 0x00007ffa54e06000 	C:\WINDOWS\SYSTEM32\WINMM.dll
0x00007ffa4bf90000 - 0x00007ffa4bf9b000 	C:\WINDOWS\SYSTEM32\VERSION.dll
0x00007ffa5d210000 - 0x00007ffa5d224000 	C:\WINDOWS\SYSTEM32\UMPDC.dll
0x00007ffa5c160000 - 0x00007ffa5c17b000 	C:\WINDOWS\SYSTEM32\kernel.appcore.dll
0x00007ffa49570000 - 0x00007ffa4957a000 	C:\Users\USER\.vscode\extensions\redhat.java-1.55.0-win32-x64\jre\21.0.11-win32-x86_64\bin\jimage.dll
0x00007ffa40390000 - 0x00007ffa405d2000 	C:\WINDOWS\SYSTEM32\DBGHELP.DLL
0x00007ffa5e1e0000 - 0x00007ffa5e563000 	C:\WINDOWS\System32\combase.dll
0x00007ffa5e040000 - 0x00007ffa5e119000 	C:\WINDOWS\System32\OLEAUT32.dll
0x00007ffa36930000 - 0x00007ffa3696b000 	C:\WINDOWS\SYSTEM32\dbgcore.DLL
0x00007ffa5d9b0000 - 0x00007ffa5da58000 	C:\WINDOWS\System32\bcryptPrimitives.dll
0x00007ffa49560000 - 0x00007ffa4956f000 	C:\Users\USER\.vscode\extensions\redhat.java-1.55.0-win32-x64\jre\21.0.11-win32-x86_64\bin\instrument.dll
0x00007ffa49540000 - 0x00007ffa49560000 	C:\Users\USER\.vscode\extensions\redhat.java-1.55.0-win32-x64\jre\21.0.11-win32-x86_64\bin\java.dll
0x00007ffa5f390000 - 0x00007ffa5fb14000 	C:\WINDOWS\System32\SHELL32.dll
0x00007ffa5afb0000 - 0x00007ffa5b830000 	C:\WINDOWS\SYSTEM32\windows.storage.dll
0x00007ffa5e7f0000 - 0x00007ffa5e8e6000 	C:\WINDOWS\System32\SHCORE.dll
0x00007ffa5fb20000 - 0x00007ffa5fb87000 	C:\WINDOWS\System32\shlwapi.dll
0x00007ffa5d2f0000 - 0x00007ffa5d319000 	C:\WINDOWS\SYSTEM32\profapi.dll
0x00007ffa494f0000 - 0x00007ffa49508000 	C:\Users\USER\.vscode\extensions\redhat.java-1.55.0-win32-x64\jre\21.0.11-win32-x86_64\bin\zip.dll
0x00007ffa494e0000 - 0x00007ffa494f0000 	C:\Users\USER\.vscode\extensions\redhat.java-1.55.0-win32-x64\jre\21.0.11-win32-x86_64\bin\net.dll
0x00007ffa4f1b0000 - 0x00007ffa4f2d9000 	C:\WINDOWS\SYSTEM32\WINHTTP.dll
0x00007ffa5c6d0000 - 0x00007ffa5c73c000 	C:\WINDOWS\system32\mswsock.dll
0x00007ffa28e00000 - 0x00007ffa28e16000 	C:\Users\USER\.vscode\extensions\redhat.java-1.55.0-win32-x64\jre\21.0.11-win32-x86_64\bin\nio.dll
0x00007ffa3e450000 - 0x00007ffa3e460000 	C:\Users\USER\.vscode\extensions\redhat.java-1.55.0-win32-x64\jre\21.0.11-win32-x86_64\bin\verify.dll
0x00007ffa29300000 - 0x00007ffa29327000 	C:\Users\USER\.gradle\native\c067742578af261105cb4f569cf0c3c89f3d7b1fecec35dd04571415982c5e48\windows-amd64\native-platform.dll
0x00007ffa1ee80000 - 0x00007ffa1efc4000 	C:\Users\USER\.gradle\native\100fb08df4bc3b14c8652ba06237920a3bd2aa13389f12d3474272988ae205f9\windows-amd64\native-platform-file-events.dll
0x00007ffa1c2a0000 - 0x00007ffa1c2aa000 	C:\Users\USER\.vscode\extensions\redhat.java-1.55.0-win32-x64\jre\21.0.11-win32-x86_64\bin\management.dll
0x00007ff9e2e10000 - 0x00007ff9e2e1c000 	C:\Users\USER\.vscode\extensions\redhat.java-1.55.0-win32-x64\jre\21.0.11-win32-x86_64\bin\management_ext.dll
0x00007ffa5e030000 - 0x00007ffa5e038000 	C:\WINDOWS\System32\PSAPI.DLL
0x00007ffa5c9b0000 - 0x00007ffa5c9cb000 	C:\WINDOWS\SYSTEM32\CRYPTSP.dll
0x00007ffa5c0c0000 - 0x00007ffa5c0f9000 	C:\WINDOWS\system32\rsaenh.dll
0x00007ffa5c780000 - 0x00007ffa5c7b3000 	C:\WINDOWS\SYSTEM32\USERENV.dll
0x00007ffa5d2c0000 - 0x00007ffa5d2ea000 	C:\WINDOWS\SYSTEM32\bcrypt.dll
0x00007ffa5c9d0000 - 0x00007ffa5c9dc000 	C:\WINDOWS\SYSTEM32\CRYPTBASE.dll
0x00007ffa5bb00000 - 0x00007ffa5bb33000 	C:\WINDOWS\SYSTEM32\IPHLPAPI.DLL
0x00007ffa5e570000 - 0x00007ffa5e57a000 	C:\WINDOWS\System32\NSI.dll
0x00007ff9e2490000 - 0x00007ff9e2499000 	C:\Users\USER\.vscode\extensions\redhat.java-1.55.0-win32-x64\jre\21.0.11-win32-x86_64\bin\extnet.dll
0x00007ff9e3140000 - 0x00007ff9e314e000 	C:\Users\USER\.vscode\extensions\redhat.java-1.55.0-win32-x64\jre\21.0.11-win32-x86_64\bin\sunmscapi.dll
0x00007ffa5da60000 - 0x00007ffa5dbd8000 	C:\WINDOWS\System32\CRYPT32.dll
0x00007ffa5cbd0000 - 0x00007ffa5cc00000 	C:\WINDOWS\SYSTEM32\ncrypt.dll
0x00007ffa5cb80000 - 0x00007ffa5cbbf000 	C:\WINDOWS\SYSTEM32\NTASN1.dll
0x00007ffa31770000 - 0x00007ffa31778000 	C:\WINDOWS\system32\wshunix.dll

JVMTI agents:
C:\Users\USER\.gradle\wrapper\dists\gradle-8.9-bin\90cnw93cvbtalezasaz0blq0a\gradle-8.9\lib\agents\gradle-instrumentation-agent-8.9.jar path:C:\Users\USER\.vscode\extensions\redhat.java-1.55.0-win32-x64\jre\21.0.11-win32-x86_64\bin\instrument.dll, loaded, initialized, instrumentlib options:none

dbghelp: loaded successfully - version: 4.0.5 - missing functions: none
symbol engine: initialized successfully - sym options: 0x614 - pdb path: .;C:\Users\USER\.vscode\extensions\redhat.java-1.55.0-win32-x64\jre\21.0.11-win32-x86_64\bin;C:\WINDOWS\SYSTEM32;C:\WINDOWS\WinSxS\amd64_microsoft.windows.common-controls_6595b64144ccf1df_6.0.26100.8521_none_3e08b75ce33403b3;C:\Users\USER\.vscode\extensions\redhat.java-1.55.0-win32-x64\jre\21.0.11-win32-x86_64\bin\server;C:\Users\USER\.gradle\native\c067742578af261105cb4f569cf0c3c89f3d7b1fecec35dd04571415982c5e48\windows-amd64;C:\Users\USER\.gradle\native\100fb08df4bc3b14c8652ba06237920a3bd2aa13389f12d3474272988ae205f9\windows-amd64

VM Arguments:
jvm_args: --add-opens=java.base/java.util=ALL-UNNAMED --add-opens=java.base/java.lang=ALL-UNNAMED --add-opens=java.base/java.lang.invoke=ALL-UNNAMED --add-opens=java.prefs/java.util.prefs=ALL-UNNAMED --add-exports=jdk.compiler/com.sun.tools.javac.api=ALL-UNNAMED --add-exports=jdk.compiler/com.sun.tools.javac.util=ALL-UNNAMED --add-opens=java.base/java.nio.charset=ALL-UNNAMED --add-opens=java.base/java.net=ALL-UNNAMED --add-opens=java.base/java.util.concurrent.atomic=ALL-UNNAMED -XX:MaxMetaspaceSize=384m -XX:+HeapDumpOnOutOfMemoryError -Xms256m -Xmx512m -Dfile.encoding=utf8 -Duser.country=ZW -Duser.language=en -Duser.variant -javaagent:C:\Users\USER\.gradle\wrapper\dists\gradle-8.9-bin\90cnw93cvbtalezasaz0blq0a\gradle-8.9\lib\agents\gradle-instrumentation-agent-8.9.jar 
java_command: org.gradle.launcher.daemon.bootstrap.GradleDaemon 8.9
java_class_path (initial): C:\Users\USER\.gradle\wrapper\dists\gradle-8.9-bin\90cnw93cvbtalezasaz0blq0a\gradle-8.9\lib\gradle-daemon-main-8.9.jar
Launcher Type: SUN_STANDARD

[Global flags]
     intx CICompilerCount                          = 4                                         {product} {ergonomic}
   size_t CompressedClassSpaceSize                 = 335544320                                 {product} {ergonomic}
     uint ConcGCThreads                            = 2                                         {product} {ergonomic}
     uint G1ConcRefinementThreads                  = 8                                         {product} {ergonomic}
   size_t G1HeapRegionSize                         = 1048576                                   {product} {ergonomic}
    uintx GCDrainStackTargetSize                   = 64                                        {product} {ergonomic}
     bool HeapDumpOnOutOfMemoryError               = true                                   {manageable} {command line}
   size_t InitialHeapSize                          = 268435456                                 {product} {command line}
   size_t MarkStackSize                            = 4194304                                   {product} {ergonomic}
   size_t MaxHeapSize                              = 536870912                                 {product} {command line}
   size_t MaxMetaspaceSize                         = 402653184                                 {product} {command line}
   size_t MaxNewSize                               = 321912832                                 {product} {ergonomic}
   size_t MinHeapDeltaBytes                        = 1048576                                   {product} {ergonomic}
   size_t MinHeapSize                              = 268435456                                 {product} {command line}
    uintx NonNMethodCodeHeapSize                   = 5839372                                {pd product} {ergonomic}
    uintx NonProfiledCodeHeapSize                  = 122909434                              {pd product} {ergonomic}
    uintx ProfiledCodeHeapSize                     = 122909434                              {pd product} {ergonomic}
    uintx ReservedCodeCacheSize                    = 251658240                              {pd product} {ergonomic}
     bool SegmentedCodeCache                       = true                                      {product} {ergonomic}
   size_t SoftMaxHeapSize                          = 536870912                              {manageable} {ergonomic}
     bool UseCompressedOops                        = true                           {product lp64_product} {ergonomic}
     bool UseG1GC                                  = true                                      {product} {ergonomic}
     bool UseLargePagesIndividualAllocation        = false                                  {pd product} {ergonomic}

Logging:
Log output configuration:
 #0: stdout all=warning uptime,level,tags foldmultilines=false
 #1: stderr all=off uptime,level,tags foldmultilines=false

Release file:
JAVA_VERSION="21.0.11" 
MODULES="java.base java.compiler java.datatransfer java.xml java.prefs java.desktop java.instrument java.logging java.management java.security.sasl java.naming java.rmi java.management.rmi java.net.http java.scripting java.security.jgss java.transaction.xa java.sql java.sql.rowset java.xml.crypto java.se java.smartcardio jdk.accessibility jdk.internal.jvmstat jdk.attach jdk.charsets jdk.internal.opt jdk.zipfs jdk.compiler jdk.crypto.ec jdk.crypto.cryptoki jdk.crypto.mscapi jdk.dynalink jdk.internal.ed jdk.editpad jdk.hotspot.agent jdk.httpserver jdk.internal.le jdk.internal.vm.ci jdk.internal.vm.compiler jdk.internal.vm.compiler.management jdk.jartool jdk.javadoc jdk.jcmd jdk.management jdk.management.agent jdk.jconsole jdk.jdeps jdk.jdwp.agent jdk.jdi jdk.jfr jdk.jshell jdk.jsobject jdk.jstatd jdk.localedata jdk.management.jfr jdk.naming.dns jdk.naming.rmi jdk.net jdk.nio.mapmode jdk.random jdk.sctp jdk.security.auth jdk.security.jgss jdk.unsupported jdk.unsupported.desktop jdk.xml.dom" 

Environment Variables:
JAVA_HOME=C:\Program Files\Android\Android Studio\jbr
PATH=C:\Program Files\Eclipse Adoptium\jdk-17.0.19.10-hotspot\bin;C:\Program Files (x86)\Common Files\Intel\Shared Libraries\redist\intel64\compiler;C:\Program Files\Eclipse Adoptium\jdk-25.0.0.36-hotspot\bin;C:\Program Files (x86)\Common Files\Intel\Shared Files\cpp\bin\Intel64;C:\WINDOWS\system32;C:\WINDOWS;C:\WINDOWS\System32\Wbem;C:\WINDOWS\System32\WindowsPowerShell\v1.0\;C:\WINDOWS\System32\OpenSSH\;C:\ProgramData\chocolatey\bin;C:\Program Files\nodejs\;C:\Program Files\Git\cmd;C:\Users\USER\AppData\Local\Programs\Python\Python313\Scripts\;C:\Users\USER\AppData\Local\Programs\Python\Python313\;C:\Users\USER\AppData\Local\Microsoft\WindowsApps;C:\Users\USER\AppData\Local\Programs\Microsoft VS Code\bin;C:\Users\USER\AppData\Local\GitHubDesktop\bin;C:\Users\USER\AppData\Roaming\npm;C:\Users\USER\AppData\Local\Programs\mongosh\;
USERNAME=USER
OS=Windows_NT
PROCESSOR_IDENTIFIER=Intel64 Family 6 Model 186 Stepping 3, GenuineIntel
TMP=C:\Users\USER\AppData\Local\Temp
TEMP=C:\Users\USER\AppData\Local\Temp




Periodic native trim disabled

---------------  S Y S T E M  ---------------

OS:
 Windows 11 , 64 bit Build 26100 (10.0.26100.8521)
OS uptime: 0 days 1:04 hours

CPU: total 8 (initial active 8) (4 cores per cpu, 2 threads per core) family 6 model 186 stepping 3 microcode 0x6134, cx8, cmov, fxsr, ht, mmx, 3dnowpref, sse, sse2, sse3, ssse3, sse4.1, sse4.2, popcnt, lzcnt, tsc, tscinvbit, avx, avx2, aes, erms, clmul, bmi1, bmi2, adx, sha, fma, vzeroupper, clflush, clflushopt, clwb, serialize, rdtscp, rdpid, fsrm, f16c, pku, cet_ibt, cet_ss
Processor Information for the first 8 processors :
  Max Mhz: 1200, Current Mhz: 1200, Mhz Limit: 1200

Memory: 4k page, system-wide physical 7835M (125M free)
TotalPageFile size 31387M (AvailPageFile size 57M)
current process WorkingSet (physical memory assigned to process): 66M, peak: 104M
current process commit charge ("private bytes"): 399M, peak: 407M

vm_info: OpenJDK 64-Bit Server VM (21.0.11+10-LTS) for windows-amd64 JRE (21.0.11+10-LTS), built on 2026-04-21T00:00:00Z by "admin" with MS VC++ 17.12 (VS2022)

END.
