#
# There is insufficient memory for the Java Runtime Environment to continue.
# Native memory allocation (mmap) failed to map 65536 bytes. Error detail: Failed to commit metaspace.
# Possible reasons:
#   The system is out of physical RAM or swap space
#   This process is running with CompressedOops enabled, and the Java Heap may be blocking the growth of the native heap
# Possible solutions:
#   Reduce memory load on the system
#   Increase physical memory or swap space
#   Check if swap backing store is full
#   Decrease Java heap size (-Xmx/-Xms)
#   Decrease number of Java threads
#   Decrease Java thread stack sizes (-Xss)
#   Set larger code cache with -XX:ReservedCodeCacheSize=
#   JVM is running with Unscaled Compressed Oops mode in which the Java heap is
#     placed in the first 4GB address space. The Java Heap base address is the
#     maximum limit for the native heap growth. Please use -XX:HeapBaseMinAddress
#     to set the Java Heap base and to place the Java Heap above 4GB virtual address.
# This output file may be truncated or incomplete.
#
#  Out of Memory Error (virtualSpaceNode.cpp:113), pid=5060, tid=33008
#
# JRE version: OpenJDK Runtime Environment Temurin-21.0.11+10 (21.0.11+10) (build 21.0.11+10-LTS)
# Java VM: OpenJDK 64-Bit Server VM Temurin-21.0.11+10 (21.0.11+10-LTS, mixed mode, sharing, tiered, compressed oops, compressed class ptrs, g1 gc, windows-amd64)
# No core dump will be written. Minidumps are not enabled by default on client versions of Windows
#

---------------  S U M M A R Y ------------

Command Line: --add-opens=java.base/java.util=ALL-UNNAMED --add-opens=java.base/java.lang=ALL-UNNAMED --add-opens=java.base/java.lang.invoke=ALL-UNNAMED --add-opens=java.prefs/java.util.prefs=ALL-UNNAMED --add-exports=jdk.compiler/com.sun.tools.javac.api=ALL-UNNAMED --add-exports=jdk.compiler/com.sun.tools.javac.util=ALL-UNNAMED --add-opens=java.base/java.nio.charset=ALL-UNNAMED --add-opens=java.base/java.net=ALL-UNNAMED --add-opens=java.base/java.util.concurrent.atomic=ALL-UNNAMED -XX:MaxMetaspaceSize=384m -XX:+HeapDumpOnOutOfMemoryError -Xms256m -Xmx512m -Dfile.encoding=utf8 -Duser.country=ZW -Duser.language=en -Duser.variant -javaagent:C:\Users\USER\.gradle\wrapper\dists\gradle-8.9-bin\90cnw93cvbtalezasaz0blq0a\gradle-8.9\lib\agents\gradle-instrumentation-agent-8.9.jar org.gradle.launcher.daemon.bootstrap.GradleDaemon 8.9

Host: 13th Gen Intel(R) Core(TM) i3-1315U, 8 cores, 7G,  Windows 11 , 64 bit Build 26100 (10.0.26100.8521)
Time: Tue Jul 14 12:33:21 2026 South Africa Standard Time elapsed time: 25.766180 seconds (0d 0h 0m 25s)

---------------  T H R E A D  ---------------

Current thread (0x000001dae2278a30):  JavaThread "Daemon worker"        [_thread_in_vm, id=33008, stack(0x00000094d2b00000,0x00000094d2c00000) (1024K)]

Stack: [0x00000094d2b00000,0x00000094d2c00000]
Native frames: (J=compiled Java code, j=interpreted, Vv=VM code, C=native code)
V  [jvm.dll+0x6d7e19]
V  [jvm.dll+0x8b5096]
V  [jvm.dll+0x8b764e]
V  [jvm.dll+0x8b7d33]
V  [jvm.dll+0x284596]
V  [jvm.dll+0x8b0dde]
V  [jvm.dll+0x6795e4]
V  [jvm.dll+0x1e849b]
V  [jvm.dll+0x1e825e]
V  [jvm.dll+0x67bee2]
V  [jvm.dll+0x67bd12]
V  [jvm.dll+0x679fbe]
V  [jvm.dll+0x26f816]
V  [jvm.dll+0x21a11f]
V  [jvm.dll+0x20f80e]
V  [jvm.dll+0x5b658f]
V  [jvm.dll+0x82f1bd]
V  [jvm.dll+0x47963e]
V  [jvm.dll+0x48c9b6]
C  [java.dll+0x1657]

Java frames: (J=compiled Java code, j=interpreted, Vv=VM code)
J 1927  java.lang.ClassLoader.defineClass0(Ljava/lang/ClassLoader;Ljava/lang/Class;Ljava/lang/String;[BIILjava/security/ProtectionDomain;ZILjava/lang/Object;)Ljava/lang/Class; java.base@21.0.11 (0 bytes) @ 0x000001dabd46df3c [0x000001dabd46de40+0x00000000000000fc]
J 2698 c1 java.lang.System$2.defineClass(Ljava/lang/ClassLoader;Ljava/lang/Class;Ljava/lang/String;[BLjava/security/ProtectionDomain;ZILjava/lang/Object;)Ljava/lang/Class; java.base@21.0.11 (21 bytes) @ 0x000001dab5e02874 [0x000001dab5e027c0+0x00000000000000b4]
J 2477 c1 java.lang.invoke.MethodHandles$Lookup$ClassDefiner.defineClass(ZLjava/lang/Object;)Ljava/lang/Class; java.base@21.0.11 (213 bytes) @ 0x000001dab5d8ba7c [0x000001dab5d8b520+0x000000000000055c]
j  java.lang.invoke.InvokerBytecodeGenerator.loadMethod([B)Ljava/lang/invoke/MemberName;+22 java.base@21.0.11
J 2450 c1 java.lang.invoke.InvokerBytecodeGenerator.generateCustomizedCode(Ljava/lang/invoke/LambdaForm;Ljava/lang/invoke/MethodType;)Ljava/lang/invoke/MemberName; java.base@21.0.11 (34 bytes) @ 0x000001dab5d83a34 [0x000001dab5d83880+0x00000000000001b4]
J 2612 c1 java.lang.invoke.LambdaForm.compileToBytecode()V java.base@21.0.11 (164 bytes) @ 0x000001dab5dc8bf4 [0x000001dab5dc8a00+0x00000000000001f4]
j  java.lang.invoke.DirectMethodHandle.makePreparedLambdaForm(Ljava/lang/invoke/MethodType;I)Ljava/lang/invoke/LambdaForm;+750 java.base@21.0.11
J 1795 c1 java.lang.invoke.DirectMethodHandle.preparedLambdaForm(Ljava/lang/invoke/MemberName;Z)Ljava/lang/invoke/LambdaForm; java.base@21.0.11 (244 bytes) @ 0x000001dab5c42834 [0x000001dab5c41e80+0x00000000000009b4]
J 1965 c1 java.lang.invoke.DirectMethodHandle.make(BLjava/lang/Class;Ljava/lang/invoke/MemberName;Ljava/lang/Class;)Ljava/lang/invoke/DirectMethodHandle; java.base@21.0.11 (275 bytes) @ 0x000001dab5c892bc [0x000001dab5c886c0+0x0000000000000bfc]
J 2504 c1 java.lang.invoke.MethodHandles$Lookup.getDirectMethodCommon(BLjava/lang/Class;Ljava/lang/invoke/MemberName;ZZLjava/lang/invoke/MethodHandles$Lookup;)Ljava/lang/invoke/MethodHandle; java.base@21.0.11 (300 bytes) @ 0x000001dab5d95b04 [0x000001dab5d95100+0x0000000000000a04]
j  java.lang.invoke.MethodHandles$Lookup.getDirectMethodNoSecurityManager(BLjava/lang/Class;Ljava/lang/invoke/MemberName;Ljava/lang/invoke/MethodHandles$Lookup;)Ljava/lang/invoke/MethodHandle;+14 java.base@21.0.11
j  java.lang.invoke.MethodHandles$Lookup.getDirectMethodForConstant(BLjava/lang/Class;Ljava/lang/invoke/MemberName;)Ljava/lang/invoke/MethodHandle;+31 java.base@21.0.11
J 2604 c1 java.lang.invoke.MethodHandles$Lookup.linkMethodHandleConstant(BLjava/lang/Class;Ljava/lang/String;Ljava/lang/Object;)Ljava/lang/invoke/MethodHandle; java.base@21.0.11 (223 bytes) @ 0x000001dab5dc69bc [0x000001dab5dc5c80+0x0000000000000d3c]
J 2603 c1 java.lang.invoke.MethodHandleNatives.linkMethodHandleConstant(Ljava/lang/Class;ILjava/lang/Class;Ljava/lang/String;Ljava/lang/Object;)Ljava/lang/invoke/MethodHandle; java.base@21.0.11 (50 bytes) @ 0x000001dab5dc55bc [0x000001dab5dc54e0+0x00000000000000dc]
v  ~StubRoutines::call_stub 0x000001dabcdf100d
j  java.util.Comparator.comparing(Ljava/util/function/Function;)Ljava/util/Comparator;+6 java.base@21.0.11
j  org.gradle.api.internal.attributes.DefaultImmutableAttributes.<clinit>()V+5
v  ~StubRoutines::call_stub 0x000001dabcdf100d
j  org.gradle.api.internal.attributes.ImmutableAttributes.<clinit>()V+0
v  ~StubRoutines::call_stub 0x000001dabcdf100d
j  org.gradle.api.internal.attributes.DefaultImmutableAttributesFactory.<init>(Lorg/gradle/internal/isolation/IsolatableFactory;Lorg/gradle/api/internal/model/NamedObjectInstantiator;)V+15
J 1389 c1 java.lang.invoke.DirectMethodHandle$Holder.newInvokeSpecial(Ljava/lang/Object;Ljava/lang/Object;Ljava/lang/Object;)Ljava/lang/Object; java.base@21.0.11 (24 bytes) @ 0x000001dab5b4aacc [0x000001dab5b4a480+0x000000000000064c]
j  java.lang.invoke.LambdaForm$MH+0x000001daca095800.invoke(Ljava/lang/Object;Ljava/lang/Object;Ljava/lang/Object;)Ljava/lang/Object;+52 java.base@21.0.11
j  java.lang.invoke.Invokers$Holder.invokeExact_MT(Ljava/lang/Object;Ljava/lang/Object;Ljava/lang/Object;Ljava/lang/Object;)Ljava/lang/Object;+20 java.base@21.0.11
J 1862 c1 jdk.internal.reflect.DirectConstructorHandleAccessor.newInstance([Ljava/lang/Object;)Ljava/lang/Object; java.base@21.0.11 (130 bytes) @ 0x000001dab5c659a4 [0x000001dab5c65240+0x0000000000000764]
J 1562 c1 java.lang.reflect.Constructor.newInstanceWithCaller([Ljava/lang/Object;ZLjava/lang/Class;)Ljava/lang/Object; java.base@21.0.11 (51 bytes) @ 0x000001dab5bbc4cc [0x000001dab5bbc2e0+0x00000000000001ec]
J 1563 c1 java.lang.reflect.Constructor.newInstance([Ljava/lang/Object;)Ljava/lang/Object; java.base@21.0.11 (34 bytes) @ 0x000001dab5bbca44 [0x000001dab5bbc8e0+0x0000000000000164]
j  org.gradle.internal.service.DefaultServiceRegistry$ConstructorService.invokeMethod([Ljava/lang/Object;)Ljava/lang/Object;+5
j  org.gradle.internal.service.DefaultServiceRegistry$FactoryService.createServiceInstance()Ljava/lang/Object;+7
j  org.gradle.internal.service.DefaultServiceRegistry$ManagedObjectServiceProvider.getInstance()Ljava/lang/Object;+24
J 2642 c1 org.gradle.internal.service.DefaultServiceRegistry$SingletonService.get()Ljava/lang/Object; (5 bytes) @ 0x000001dab5de313c [0x000001dab5de30c0+0x000000000000007c]
j  org.gradle.internal.service.DefaultServiceRegistry$FactoryService.assembleParameters()[Ljava/lang/Object;+44
j  org.gradle.internal.service.DefaultServiceRegistry$FactoryService.createServiceInstance()Ljava/lang/Object;+1
j  org.gradle.internal.service.DefaultServiceRegistry$ManagedObjectServiceProvider.getInstance()Ljava/lang/Object;+24
J 2642 c1 org.gradle.internal.service.DefaultServiceRegistry$SingletonService.get()Ljava/lang/Object; (5 bytes) @ 0x000001dab5de313c [0x000001dab5de30c0+0x000000000000007c]
j  org.gradle.internal.service.DefaultServiceRegistry.getCollectionService(Ljava/lang/Class;Lorg/gradle/internal/service/ServiceProvider;)Lorg/gradle/internal/service/Service;+76
j  org.gradle.internal.service.DefaultServiceRegistry.getCollectionService(Ljava/lang/reflect/Type;Lorg/gradle/internal/service/ServiceProvider;)Lorg/gradle/internal/service/Service;+14
j  org.gradle.internal.service.DefaultServiceRegistry.find(Ljava/lang/reflect/Type;Lorg/gradle/internal/service/ServiceProvider;)Lorg/gradle/internal/service/Service;+77
j  org.gradle.internal.service.DefaultServiceRegistry.access$1700(Ljava/lang/reflect/Type;Lorg/gradle/internal/service/ServiceProvider;)Lorg/gradle/internal/service/Service;+2
j  org.gradle.internal.service.DefaultServiceRegistry$FactoryService.bind()V+143
J 2641 c1 org.gradle.internal.service.DefaultServiceRegistry$SingletonService.prepare()Lorg/gradle/internal/service/Service; (111 bytes) @ 0x000001dab5de2084 [0x000001dab5de1e40+0x0000000000000244]
j  org.gradle.internal.service.DefaultServiceRegistry$SingletonService.getService(Ljava/lang/reflect/Type;)Lorg/gradle/internal/service/Service;+14
j  org.gradle.internal.service.DefaultServiceRegistry$OwnServices.getService(Ljava/lang/reflect/Type;)Lorg/gradle/internal/service/Service;+41
j  org.gradle.internal.service.DefaultServiceRegistry$CompositeServiceProvider.getService(Ljava/lang/reflect/Type;)Lorg/gradle/internal/service/Service;+26
j  org.gradle.internal.service.DefaultServiceRegistry.find(Ljava/lang/reflect/Type;Lorg/gradle/internal/service/ServiceProvider;)Lorg/gradle/internal/service/Service;+112
j  org.gradle.internal.service.DefaultServiceRegistry.access$1700(Ljava/lang/reflect/Type;Lorg/gradle/internal/service/ServiceProvider;)Lorg/gradle/internal/service/Service;+2
j  org.gradle.internal.service.DefaultServiceRegistry$FactoryService.bind()V+143
J 2641 c1 org.gradle.internal.service.DefaultServiceRegistry$SingletonService.prepare()Lorg/gradle/internal/service/Service; (111 bytes) @ 0x000001dab5de2084 [0x000001dab5de1e40+0x0000000000000244]
j  org.gradle.internal.service.DefaultServiceRegistry$SingletonService.getService(Ljava/lang/reflect/Type;)Lorg/gradle/internal/service/Service;+14
j  org.gradle.internal.service.DefaultServiceRegistry$OwnServices.getService(Ljava/lang/reflect/Type;)Lorg/gradle/internal/service/Service;+41
j  org.gradle.internal.service.DefaultServiceRegistry$CompositeServiceProvider.getService(Ljava/lang/reflect/Type;)Lorg/gradle/internal/service/Service;+26
j  org.gradle.internal.service.DefaultServiceRegistry.find(Ljava/lang/reflect/Type;Lorg/gradle/internal/service/ServiceProvider;)Lorg/gradle/internal/service/Service;+112
j  org.gradle.internal.service.DefaultServiceRegistry.getService(Ljava/lang/reflect/Type;)Lorg/gradle/internal/service/Service;+9
j  org.gradle.internal.service.DefaultServiceRegistry.find(Ljava/lang/reflect/Type;)Ljava/lang/Object;+9
j  org.gradle.internal.service.DefaultServiceRegistry.get(Ljava/lang/reflect/Type;)Ljava/lang/Object;+2
j  org.gradle.internal.service.DefaultServiceRegistry.get(Ljava/lang/Class;)Ljava/lang/Object;+3
j  org.gradle.internal.session.DefaultBuildSessionContext.execute(Lorg/gradle/internal/invocation/BuildAction;)Lorg/gradle/internal/buildtree/BuildActionRunner$Result;+54
j  org.gradle.internal.buildprocess.execution.BuildSessionLifecycleBuildActionExecutor$ActionImpl.apply(Lorg/gradle/internal/session/BuildSessionContext;)Lorg/gradle/launcher/exec/BuildActionResult;+6
j  org.gradle.internal.buildprocess.execution.BuildSessionLifecycleBuildActionExecutor$ActionImpl.apply(Ljava/lang/Object;)Ljava/lang/Object;+5
j  org.gradle.internal.session.BuildSessionState.run(Ljava/util/function/Function;)Ljava/lang/Object;+5
j  org.gradle.internal.buildprocess.execution.BuildSessionLifecycleBuildActionExecutor.execute(Lorg/gradle/internal/invocation/BuildAction;Lorg/gradle/launcher/exec/BuildActionParameters;Lorg/gradle/initialization/BuildRequestContext;)Lorg/gradle/launcher/exec/BuildActionResult;+95
j  org.gradle.internal.buildprocess.execution.BuildSessionLifecycleBuildActionExecutor.execute(Lorg/gradle/internal/invocation/BuildAction;Ljava/lang/Object;Ljava/lang/Object;)Lorg/gradle/launcher/exec/BuildActionResult;+10
j  org.gradle.internal.buildprocess.execution.StartParamsValidatingActionExecutor.execute(Lorg/gradle/internal/invocation/BuildAction;Lorg/gradle/launcher/exec/BuildActionParameters;Lorg/gradle/initialization/BuildRequestContext;)Lorg/gradle/launcher/exec/BuildActionResult;+203
j  org.gradle.internal.buildprocess.execution.StartParamsValidatingActionExecutor.execute(Lorg/gradle/internal/invocation/BuildAction;Ljava/lang/Object;Ljava/lang/Object;)Lorg/gradle/launcher/exec/BuildActionResult;+10
j  org.gradle.internal.buildprocess.execution.SessionFailureReportingActionExecutor.execute(Lorg/gradle/internal/invocation/BuildAction;Lorg/gradle/launcher/exec/BuildActionParameters;Lorg/gradle/initialization/BuildRequestContext;)Lorg/gradle/launcher/exec/BuildActionResult;+7
j  org.gradle.internal.buildprocess.execution.SessionFailureReportingActionExecutor.execute(Lorg/gradle/internal/invocation/BuildAction;Ljava/lang/Object;Ljava/lang/Object;)Lorg/gradle/launcher/exec/BuildActionResult;+10
j  org.gradle.internal.buildprocess.execution.SetupLoggingActionExecutor.execute(Lorg/gradle/internal/invocation/BuildAction;Lorg/gradle/launcher/exec/BuildActionParameters;Lorg/gradle/initialization/BuildRequestContext;)Lorg/gradle/launcher/exec/BuildActionResult;+50
j  org.gradle.internal.buildprocess.execution.SetupLoggingActionExecutor.execute(Lorg/gradle/internal/invocation/BuildAction;Ljava/lang/Object;Ljava/lang/Object;)Lorg/gradle/launcher/exec/BuildActionResult;+10
j  org.gradle.launcher.daemon.server.exec.ExecuteBuild.doBuild(Lorg/gradle/launcher/daemon/server/api/DaemonCommandExecution;Lorg/gradle/launcher/daemon/protocol/Build;)V+147
j  org.gradle.launcher.daemon.server.exec.BuildCommandOnly.execute(Lorg/gradle/launcher/daemon/server/api/DaemonCommandExecution;)V+49
j  org.gradle.launcher.daemon.server.api.DaemonCommandExecution.proceed()Z+23
j  org.gradle.launcher.daemon.server.exec.WatchForDisconnection.execute(Lorg/gradle/launcher/daemon/server/api/DaemonCommandExecution;)V+19
j  org.gradle.launcher.daemon.server.api.DaemonCommandExecution.proceed()Z+23
j  org.gradle.launcher.daemon.server.exec.ResetDeprecationLogger.execute(Lorg/gradle/launcher/daemon/server/api/DaemonCommandExecution;)V+7
j  org.gradle.launcher.daemon.server.api.DaemonCommandExecution.proceed()Z+23
j  org.gradle.launcher.daemon.server.exec.RequestStopIfSingleUsedDaemon.execute(Lorg/gradle/launcher/daemon/server/api/DaemonCommandExecution;)V+33
j  org.gradle.launcher.daemon.server.api.DaemonCommandExecution.proceed()Z+23
j  org.gradle.launcher.daemon.server.exec.ForwardClientInput.lambda$execute$0(Lorg/gradle/launcher/daemon/server/api/DaemonCommandExecution;Lorg/gradle/internal/daemon/clientinput/StdinHandler;)Ljava/lang/Object;+11
j  org.gradle.launcher.daemon.server.exec.ForwardClientInput$$Lambda+0x000001daca18b6a8.apply(Ljava/lang/Object;)Ljava/lang/Object;+8
j  org.gradle.internal.daemon.clientinput.ClientInputForwarder.forwardInput(Ljava/util/function/Function;)Ljava/lang/Object;+46
j  org.gradle.launcher.daemon.server.exec.ForwardClientInput.execute(Lorg/gradle/launcher/daemon/server/api/DaemonCommandExecution;)V+10
j  org.gradle.launcher.daemon.server.api.DaemonCommandExecution.proceed()Z+23
j  org.gradle.launcher.daemon.server.exec.LogAndCheckHealth.execute(Lorg/gradle/launcher/daemon/server/api/DaemonCommandExecution;)V+51
j  org.gradle.launcher.daemon.server.api.DaemonCommandExecution.proceed()Z+23
j  org.gradle.launcher.daemon.server.exec.LogToClient.doBuild(Lorg/gradle/launcher/daemon/server/api/DaemonCommandExecution;Lorg/gradle/launcher/daemon/protocol/Build;)V+87
j  org.gradle.launcher.daemon.server.exec.BuildCommandOnly.execute(Lorg/gradle/launcher/daemon/server/api/DaemonCommandExecution;)V+49
j  org.gradle.launcher.daemon.server.api.DaemonCommandExecution.proceed()Z+23
j  org.gradle.launcher.daemon.server.exec.EstablishBuildEnvironment.doBuild(Lorg/gradle/launcher/daemon/server/api/DaemonCommandExecution;Lorg/gradle/launcher/daemon/protocol/Build;)V+356
j  org.gradle.launcher.daemon.server.exec.BuildCommandOnly.execute(Lorg/gradle/launcher/daemon/server/api/DaemonCommandExecution;)V+49
j  org.gradle.launcher.daemon.server.api.DaemonCommandExecution.proceed()Z+23
j  org.gradle.launcher.daemon.server.exec.StartBuildOrRespondWithBusy$1.run()V+44
j  org.gradle.launcher.daemon.server.DaemonStateCoordinator.lambda$runCommand$0(Ljava/lang/Runnable;)V+1
j  org.gradle.launcher.daemon.server.DaemonStateCoordinator$$Lambda+0x000001daca18a030.run()V+8
j  org.gradle.internal.concurrent.ExecutorPolicy$CatchAndRecordFailures.onExecute(Ljava/lang/Runnable;)V+1
j  org.gradle.internal.concurrent.AbstractManagedExecutor$1.run()V+25
j  java.util.concurrent.ThreadPoolExecutor.runWorker(Ljava/util/concurrent/ThreadPoolExecutor$Worker;)V+92 java.base@21.0.11
j  java.util.concurrent.ThreadPoolExecutor$Worker.run()V+5 java.base@21.0.11
j  java.lang.Thread.runWith(Ljava/lang/Object;Ljava/lang/Runnable;)V+5 java.base@21.0.11
j  java.lang.Thread.run()V+19 java.base@21.0.11
v  ~StubRoutines::call_stub 0x000001dabcdf100d

Compiled method (n/a) 25835 1927     n 0       java.lang.ClassLoader::defineClass0 (native)
 total in heap  [0x000001dabd46dc90,0x000001dabd46e250] = 1472
 relocation     [0x000001dabd46ddf0,0x000001dabd46de28] = 56
 main code      [0x000001dabd46de40,0x000001dabd46e24c] = 1036
 stub code      [0x000001dabd46e24c,0x000001dabd46e250] = 4

[Constant Pool (empty)]

[MachCode]
[Entry Point]
  # {method} {0x000001dac9434420} 'defineClass0' '(Ljava/lang/ClassLoader;Ljava/lang/Class;Ljava/lang/String;[BIILjava/security/ProtectionDomain;ZILjava/lang/Object;)Ljava/lang/Class;' in 'java/lang/ClassLoader'
  # parm0:    rdx:rdx   = 'java/lang/ClassLoader'
  # parm1:    r8:r8     = 'java/lang/Class'
  # parm2:    r9:r9     = 'java/lang/String'
  # parm3:    rdi:rdi   = '[B'
  # parm4:    rsi       = int
  # parm5:    rcx       = int
  # parm6:    [sp+0xb0]   = 'java/security/ProtectionDomain'  (sp of caller)
  # parm7:    [sp+0xb8]   = boolean
  # parm8:    [sp+0xc0]   = int
  # parm9:    [sp+0xc8]   = 'java/lang/Object'
  0x000001dabd46de40: 448b 5208 | 49bb 0000 | 00c9 da01 | 0000 4d03 | d349 3bc2 | 0f84 0600 

  0x000001dabd46de58: ;   {runtime_call ic_miss_stub}
  0x000001dabd46de58: 0000 e921 | 099d ff90 
[Verified Entry Point]
  0x000001dabd46de60: 8984 2400 | 80ff ff55 | 488b ec48 | 81ec a000 | 0000 6690 | 4181 7f20 | 0100 0000 

  0x000001dabd46de7c: ;   {runtime_call StubRoutines (final stubs)}
  0x000001dabd46de7c: 7405 e81d | 869b ff48 | 837d 2800 | 488d 4528 | 480f 4445 | 2848 8944 | 2458 4863 | 4520 4889 
  0x000001dabd46de9c: 4424 5048 | 6345 1848 | 8944 2448 | 4883 7d10 | 0048 8d45 | 1048 0f44 | 4510 4889 | 4424 4048 
  0x000001dabd46debc: 894c 2438 | 4889 7424 | 3048 897c | 2478 4883 | ff00 488d | 4424 7848 | 0f44 4424 | 7848 8944 
  0x000001dabd46dedc: 2428 4c89 | 4c24 7049 | 83f9 0048 | 8d44 2470 | 480f 4444 | 2470 4889 | 4424 204c | 8944 2468 
  0x000001dabd46defc: 4983 f800 | 4c8d 4c24 | 684c 0f44 | 4c24 6848 | 8954 2460 | 4883 fa00 | 4c8d 4424 | 604c 0f44 
  0x000001dabd46df1c: ;   {oop(a 'java/lang/Class'{0x00000000e080f1b8} = 'java/lang/ClassLoader')}
  0x000001dabd46df1c: 4424 6049 | beb8 f180 | e000 0000 | 004c 89b4 | 2490 0000 | 004c 8db4 | 2490 0000 | 0049 8bd6 
  0x000001dabd46df3c: ;   {internal_word}
  0x000001dabd46df3c: c5f8 7749 | ba3c df46 | bdda 0100 | 004d 8997 | a803 0000 | 4989 a7a0 

  0x000001dabd46df54: ;   {external_word}
  0x000001dabd46df54: 0300 0049 | bac6 6c8f | 5af9 7f00 | 0041 803a | 000f 844e | 0000 0052 | 4150 4151 

  0x000001dabd46df70: ;   {metadata({method} {0x000001dac9434420} 'defineClass0' '(Ljava/lang/ClassLoader;Ljava/lang/Class;Ljava/lang/String;[BIILjava/security/ProtectionDomain;ZILjava/lang/Object;)Ljava/lang/Class;' in 'java/lang/ClassLoader')}
  0x000001dabd46df70: 48ba 1844 | 43c9 da01 | 0000 498b | cf48 83ec | 2040 f6c4 | 0f0f 8419 | 0000 0048 

  0x000001dabd46df8c: ;   {runtime_call}
  0x000001dabd46df8c: 83ec 0848 | b820 e538 | 5af9 7f00 | 00ff d048 | 83c4 08e9 | 0c00 0000 

  0x000001dabd46dfa4: ;   {runtime_call}
  0x000001dabd46dfa4: 48b8 20e5 | 385a f97f | 0000 ffd0 | 4883 c420 | 4159 4158 | 5a49 8d8f | c003 0000 | 41c7 874c 
  0x000001dabd46dfc4: 0400 0004 

  0x000001dabd46dfc8: ;   {runtime_call}
  0x000001dabd46dfc8: 0000 0048 | b81c 1554 | 49fa 7f00 | 00ff d0c5 | f877 41c7 | 874c 0400 | 0005 0000 | 00f0 8344 
  0x000001dabd46dfe8: 24c0 0049 | 3baf 5004 | 0000 0f87 | 0e00 0000 | 4183 bf48 | 0400 0000 | 0f84 2b00 | 0000 c5f8 
  0x000001dabd46e008: 7748 8945 | f849 8bcf | 4c8b e448 | 83ec 2048 

  0x000001dabd46e018: ;   {runtime_call}
  0x000001dabd46e018: 83e4 f048 | b8e0 5304 | 5af9 7f00 | 00ff d049 | 8be4 4d33 | e448 8b45 | f841 c787 | 4c04 0000 
  0x000001dabd46e038: 0800 0000 | 4183 bfc8 | 0400 0002 | 0f84 d501 

  0x000001dabd46e048: ;   {external_word}
  0x000001dabd46e048: 0000 49ba | c66c 8f5a | f97f 0000 | 4180 3a00 | 0f84 4c00 | 0000 4889 

  0x000001dabd46e060: ;   {metadata({method} {0x000001dac9434420} 'defineClass0' '(Ljava/lang/ClassLoader;Ljava/lang/Class;Ljava/lang/String;[BIILjava/security/ProtectionDomain;ZILjava/lang/Object;)Ljava/lang/Class;' in 'java/lang/ClassLoader')}
  0x000001dabd46e060: 45f8 48ba | 1844 43c9 | da01 0000 | 498b cf48 | 83ec 2040 | f6c4 0f0f | 8419 0000 | 0048 83ec 
  0x000001dabd46e080: ;   {runtime_call}
  0x000001dabd46e080: 0848 b820 | e538 5af9 | 7f00 00ff | d048 83c4 | 08e9 0c00 

  0x000001dabd46e094: ;   {runtime_call}
  0x000001dabd46e094: 0000 48b8 | 20e5 385a | f97f 0000 | ffd0 4883 | c420 488b | 45f8 49c7 | 87a0 0300 | 0000 0000 
  0x000001dabd46e0b4: 0049 c787 | a803 0000 | 0000 0000 | c5f8 7748 | 85c0 0f84 | 3001 0000 | a803 0f85 | 0800 0000 
  0x000001dabd46e0d4: 488b 00e9 | 2001 0000 | a801 0f85 | 0900 0000 | 488b 40fe | e90f 0100 | 0048 8b40 | ff41 807f 
  0x000001dabd46e0f4: 4000 0f84 | 0001 0000 | 4883 f800 | 0f84 f600 | 0000 498b | 4f28 4883 | f900 0f84 | 1400 0000 
  0x000001dabd46e114: 4883 e908 | 4989 4f28 | 4903 4f38 | 4889 01e9 | d400 0000 | 4883 ec70 | 4889 0424 | 4889 4c24 
  0x000001dabd46e134: 0848 8954 | 2410 4c89 | 4424 184c | 894c 2420 | 4c89 5424 | 284c 895c | 2430 c5fb | 1144 2440 
  0x000001dabd46e154: c5fb 114c | 2448 c5fb | 1154 2450 | c5fb 115c | 2458 c5fb | 1164 2460 | c5fb 116c | 2468 498b 
  0x000001dabd46e174: d748 8bc8 | 4883 ec20 | 40f6 c40f | 0f84 1900 | 0000 4883 

  0x000001dabd46e188: ;   {runtime_call}
  0x000001dabd46e188: ec08 48b8 | 60a3 f759 | f97f 0000 | ffd0 4883 | c408 e90c 

  0x000001dabd46e19c: ;   {runtime_call}
  0x000001dabd46e19c: 0000 0048 | b860 a3f7 | 59f9 7f00 | 00ff d048 | 83c4 20c5 | fb10 6c24 | 68c5 fb10 | 6424 60c5 
  0x000001dabd46e1bc: fb10 5c24 | 58c5 fb10 | 5424 50c5 | fb10 4c24 | 48c5 fb10 | 4424 404c | 8b5c 2430 | 4c8b 5424 
  0x000001dabd46e1dc: 284c 8b4c | 2420 4c8b | 4424 1848 | 8b54 2410 | 488b 4c24 | 0848 8b04 | 2448 83c4 | 70c5 f877 
  0x000001dabd46e1fc: 498b 8f30 | 0400 00c7 | 8100 0100 | 0000 0000 | 00c9 4983 | 7f08 000f | 8501 0000 

  0x000001dabd46e218: ;   {runtime_call StubRoutines (initial stubs)}
  0x000001dabd46e218: 00c3 e9e1 | 2c98 ffc5 | f877 4889 | 45f8 4c8b | e448 83ec | 2048 83e4 

  0x000001dabd46e230: ;   {runtime_call}
  0x000001dabd46e230: f048 b870 | 1c39 5af9 | 7f00 00ff | d049 8be4 | 4d33 e448 | 8b45 f8e9 | fefd ffff 
[Stub Code]
  0x000001dabd46e24c: f4f4 f4f4 
[/MachCode]


Compiled method (c1) 25856 2698       3       java.lang.System$2::defineClass (21 bytes)
 total in heap  [0x000001dab5e02610,0x000001dab5e029f0] = 992
 relocation     [0x000001dab5e02770,0x000001dab5e027b0] = 64
 main code      [0x000001dab5e027c0,0x000001dab5e028f8] = 312
 stub code      [0x000001dab5e028f8,0x000001dab5e02938] = 64
 metadata       [0x000001dab5e02938,0x000001dab5e02940] = 8
 scopes data    [0x000001dab5e02940,0x000001dab5e02988] = 72
 scopes pcs     [0x000001dab5e02988,0x000001dab5e029d8] = 80
 dependencies   [0x000001dab5e029d8,0x000001dab5e029e0] = 8
 nul chk table  [0x000001dab5e029e0,0x000001dab5e029f0] = 16

[Constant Pool (empty)]

[MachCode]
[Entry Point]
  # {method} {0x000001dac9019588} 'defineClass' '(Ljava/lang/ClassLoader;Ljava/lang/Class;Ljava/lang/String;[BLjava/security/ProtectionDomain;ZILjava/lang/Object;)Ljava/lang/Class;' in 'java/lang/System$2'
  # this:     rdx:rdx   = 'java/lang/System$2'
  # parm0:    r8:r8     = 'java/lang/ClassLoader'
  # parm1:    r9:r9     = 'java/lang/Class'
  # parm2:    rdi:rdi   = 'java/lang/String'
  # parm3:    rsi:rsi   = '[B'
  # parm4:    rcx:rcx   = 'java/security/ProtectionDomain'
  # parm5:    [sp+0x70]   = boolean  (sp of caller)
  # parm6:    [sp+0x78]   = int
  # parm7:    [sp+0x80]   = 'java/lang/Object'
  0x000001dab5e027c0: 448b 5208 | 49bb 0000 | 00c9 da01 | 0000 4d03 | d34c 3bd0 

  0x000001dab5e027d4: ;   {runtime_call ic_miss_stub}
  0x000001dab5e027d4: 0f85 a6bf | 0307 660f | 1f44 0000 
[Verified Entry Point]
  0x000001dab5e027e0: 8984 2400 | 80ff ff55 | 4883 ec60 | 4181 7f20 | 0100 0000 

  0x000001dab5e027f4: ;   {runtime_call StubRoutines (final stubs)}
  0x000001dab5e027f4: 7405 e8a5 | 3c02 0748 

  0x000001dab5e027fc: ;   {metadata(method data for {method} {0x000001dac9019588} 'defineClass' '(Ljava/lang/ClassLoader;Ljava/lang/Class;Ljava/lang/String;[BLjava/security/ProtectionDomain;ZILjava/lang/Object;)Ljava/lang/Class;' in 'java/lang/System$2')}
  0x000001dab5e027fc: 8bd9 48b9 | 4898 98de | da01 0000 | 8b81 cc00 | 0000 83c0 | 0289 81cc | 0000 0025 | fe07 0000 
  0x000001dab5e0281c: 85c0 0f84 | 6b00 0000 | 4c8b ac24 | 8000 0000 | 448b 5c24 | 788b 4424 | 708b 4e0c 

  0x000001dab5e02838: ;   {metadata(method data for {method} {0x000001dac9019588} 'defineClass' '(Ljava/lang/ClassLoader;Ljava/lang/Class;Ljava/lang/String;[BLjava/security/ProtectionDomain;ZILjava/lang/Object;)Ljava/lang/Class;' in 'java/lang/System$2')}
  0x000001dab5e02838: 48ba 4898 | 98de da01 | 0000 4883 | 8210 0100 | 0001 498b | d04d 8bc1 | 4c8b cf48 | 8bfe be00 
  0x000001dab5e02858: 0000 0048 | 891c 2489 | 4424 0844 | 895c 2410 | 4c89 6c24 

  0x000001dab5e0286c: ;   {static_call}
  0x000001dab5e0286c: 1866 90e8 

  0x000001dab5e02870: ; ImmutableOopMap {}
                      ;*invokestatic defineClass0 {reexecute=0 rethrow=0 return_oop=0}
                      ; - java.lang.System$2::defineClass@17
  0x000001dab5e02870: ecb5 6607 

  0x000001dab5e02874: ;   {other}
  0x000001dab5e02874: 0f1f 8400 | 6402 0000 | 4883 c460 

  0x000001dab5e02880: ;   {poll_return}
  0x000001dab5e02880: 5d49 3ba7 | 5004 0000 | 0f87 2700 

  0x000001dab5e0288c: ;   {metadata({method} {0x000001dac9019588} 'defineClass' '(Ljava/lang/ClassLoader;Ljava/lang/Class;Ljava/lang/String;[BLjava/security/ProtectionDomain;ZILjava/lang/Object;)Ljava/lang/Class;' in 'java/lang/System$2')}
  0x000001dab5e0288c: 0000 c349 | ba80 9501 | c9da 0100 | 004c 8954 | 2408 48c7 | 0424 ffff 

  0x000001dab5e028a4: ;   {runtime_call counter_overflow Runtime1 stub}
  0x000001dab5e028a4: ffff e8d5 

  0x000001dab5e028a8: ; ImmutableOopMap {rdx=Oop r8=Oop r9=Oop rdi=Oop rsi=Oop rbx=Oop [128]=Oop }
                      ;*synchronization entry
                      ; - java.lang.System$2::defineClass@-1
  0x000001dab5e028a8: 2510 07e9 | 74ff ffff 

  0x000001dab5e028b0: ;   {runtime_call throw_null_pointer_exception Runtime1 stub}
  0x000001dab5e028b0: e8cb fe06 

  0x000001dab5e028b4: ; ImmutableOopMap {r8=Oop r9=Oop rdi=Oop rsi=Oop rbx=Oop r13=Oop [128]=Oop }
                      ;*arraylength {reexecute=0 rethrow=0 return_oop=0}
                      ; - java.lang.System$2::defineClass@8
                      ;   {internal_word}
  0x000001dab5e028b4: 0749 ba81 | 28e0 b5da | 0100 004d | 8997 6804 

  0x000001dab5e028c4: ;   {runtime_call SafepointBlob}
  0x000001dab5e028c4: 0000 e9b5 | 2b04 0749 | 8b87 0005 | 0000 49c7 | 8700 0500 | 0000 0000 | 0049 c787 | 0805 0000 
  0x000001dab5e028e4: 0000 0000 | 4883 c460 

  0x000001dab5e028ec: ;   {runtime_call unwind_exception Runtime1 stub}
  0x000001dab5e028ec: 5de9 0ec1 | 0607 f4f4 | f4f4 f4f4 
[Stub Code]
  0x000001dab5e028f8: ;   {no_reloc}
  0x000001dab5e028f8: 48bb 0000 | 0000 0000 

  0x000001dab5e02900: ;   {runtime_call nmethod}
  0x000001dab5e02900: 0000 e9fb 

  0x000001dab5e02904: ;   {runtime_call handle_exception_from_callee Runtime1 stub}
  0x000001dab5e02904: ffff ffe8 | 74ed 0f07 

  0x000001dab5e0290c: ;   {external_word}
  0x000001dab5e0290c: 48b9 4063 | 655a f97f | 0000 4883 

  0x000001dab5e02918: ;   {runtime_call}
  0x000001dab5e02918: e4f0 48b8 | d0c4 275a | f97f 0000 

  0x000001dab5e02924: ;   {section_word}
  0x000001dab5e02924: ffd0 f449 | ba27 29e0 | b5da 0100 

  0x000001dab5e02930: ;   {runtime_call DeoptimizationBlob}
  0x000001dab5e02930: 0041 52e9 | e81d 0407 
[/MachCode]


Compiled method (c1) 25866 2477   !   3       java.lang.invoke.MethodHandles$Lookup$ClassDefiner::defineClass (213 bytes)
 total in heap  [0x000001dab5d8b290,0x000001dab5d8c4f0] = 4704
 relocation     [0x000001dab5d8b3f0,0x000001dab5d8b510] = 288
 main code      [0x000001dab5d8b520,0x000001dab5d8bf88] = 2664
 stub code      [0x000001dab5d8bf88,0x000001dab5d8c000] = 120
 metadata       [0x000001dab5d8c000,0x000001dab5d8c070] = 112
 scopes data    [0x000001dab5d8c070,0x000001dab5d8c288] = 536
 scopes pcs     [0x000001dab5d8c288,0x000001dab5d8c448] = 448
 dependencies   [0x000001dab5d8c448,0x000001dab5d8c460] = 24
 handler table  [0x000001dab5d8c460,0x000001dab5d8c4a8] = 72
 nul chk table  [0x000001dab5d8c4a8,0x000001dab5d8c4f0] = 72

[Constant Pool (empty)]

[MachCode]
[Entry Point]
  # {method} {0x000001dac91eace0} 'defineClass' '(ZLjava/lang/Object;)Ljava/lang/Class;' in 'java/lang/invoke/MethodHandles$Lookup$ClassDefiner'
  # this:     rdx:rdx   = 'java/lang/invoke/MethodHandles$Lookup$ClassDefiner'
  # parm0:    r8        = boolean
  # parm1:    r9:r9     = 'java/lang/Object'
  #           [sp+0xf0]  (sp of caller)
  0x000001dab5d8b520: 448b 5208 | 49bb 0000 | 00c9 da01 | 0000 4d03 | d34c 3bd0 

  0x000001dab5d8b534: ;   {runtime_call ic_miss_stub}
  0x000001dab5d8b534: 0f85 4632 | 0b07 660f | 1f44 0000 
[Verified Entry Point]
  0x000001dab5d8b540: 8984 2400 | 80ff ff55 | 4881 ece0 | 0000 0090 | 4181 7f20 | 0100 0000 

  0x000001dab5d8b558: ;   {runtime_call StubRoutines (final stubs)}
  0x000001dab5d8b558: 7405 e841 | af09 0748 | 8994 2498 | 0000 0044 | 8984 24b0 | 0000 004c | 898c 24b8 

  0x000001dab5d8b574: ;   {metadata(method data for {method} {0x000001dac91eace0} 'defineClass' '(ZLjava/lang/Object;)Ljava/lang/Class;' in 'java/lang/invoke/MethodHandles$Lookup$ClassDefiner')}
  0x000001dab5d8b574: 0000 0048 | be20 8d98 | deda 0100 | 008b becc | 0000 0083 | c702 89be | cc00 0000 | 81e7 fe07 
  0x000001dab5d8b594: 0000 85ff | 0f84 6b07 | 0000 8b72 | 1048 89b4 | 2490 0000 | 0048 3b06 

  0x000001dab5d8b5ac: ;   {metadata(method data for {method} {0x000001dac91eace0} 'defineClass' '(ZLjava/lang/Object;)Ljava/lang/Class;' in 'java/lang/invoke/MethodHandles$Lookup$ClassDefiner')}
  0x000001dab5d8b5ac: 488b fe48 | bb20 8d98 | deda 0100 | 0048 8383 | 1001 0000 | 018b 7e10 | 4889 bc24 | a800 0000 
  0x000001dab5d8b5cc: ; implicit exception: dispatches to 0x000001dab5d8bd2f
  0x000001dab5d8b5cc: 483b 0748 

  0x000001dab5d8b5d0: ;   {metadata(method data for {method} {0x000001dac91eace0} 'defineClass' '(ZLjava/lang/Object;)Ljava/lang/Class;' in 'java/lang/invoke/MethodHandles$Lookup$ClassDefiner')}
  0x000001dab5d8b5d0: 8bdf 48b8 | 208d 98de | da01 0000 | 4883 8048 | 0100 0001 

  0x000001dab5d8b5e4: ;   {metadata(method data for {method} {0x000001dac9468c70} 'getClassLoader' '()Ljava/lang/ClassLoader;' in 'java/lang/Class')}
  0x000001dab5d8b5e4: 48bb 503e | 02de da01 | 0000 8b83 | cc00 0000 | 83c0 0289 | 83cc 0000 | 0025 feff | 1f00 85c0 
  0x000001dab5d8b604: 0f84 2a07 | 0000 8b5f | 3448 85db 

  0x000001dab5d8b610: ;   {metadata(method data for {method} {0x000001dac9468c70} 'getClassLoader' '()Ljava/lang/ClassLoader;' in 'java/lang/Class')}
  0x000001dab5d8b610: 48b8 503e | 02de da01 | 0000 48c7 | c110 0100 | 0075 0748 | c7c1 2001 | 0000 4c8b | 1c08 4d8d 
  0x000001dab5d8b630: 5b01 4c89 | 1c08 0f85 | 0f00 0000 

  0x000001dab5d8b63c: ;   {oop(nullptr)}
  0x000001dab5d8b63c: 48bb 0000 | 0000 0000 | 0000 e9a2 

  0x000001dab5d8b648: ;   {metadata(method data for {method} {0x000001dac9468c70} 'getClassLoader' '()Ljava/lang/ClassLoader;' in 'java/lang/Class')}
  0x000001dab5d8b648: 0000 0048 | b850 3e02 | deda 0100 | 0048 8380 | 3001 0000 

  0x000001dab5d8b65c: ;   {metadata(method data for {method} {0x000001dac901b1d0} 'getSecurityManager' '()Ljava/lang/SecurityManager;' in 'java/lang/System')}
  0x000001dab5d8b65c: 0148 b810 | 4002 deda | 0100 008b | 88cc 0000 | 0083 c102 | 8988 cc00 | 0000 81e1 | feff 1f00 
  0x000001dab5d8b67c: 85c9 0f84 | d106 0000 

  0x000001dab5d8b684: ;   {metadata(method data for {method} {0x000001dac901b1d0} 'getSecurityManager' '()Ljava/lang/SecurityManager;' in 'java/lang/System')}
  0x000001dab5d8b684: 48b8 1040 | 02de da01 | 0000 4883 | 8010 0100 

  0x000001dab5d8b694: ;   {metadata(method data for {method} {0x000001dac901b2e8} 'allowSecurityManager' '()Z' in 'java/lang/System')}
  0x000001dab5d8b694: 0001 48b8 | 8841 02de | da01 0000 | 8b88 cc00 | 0000 83c1 | 0289 88cc | 0000 0081 | e1fe ff1f 
  0x000001dab5d8b6b4: 0085 c90f | 84b9 0600 

  0x000001dab5d8b6bc: ;   {metadata(method data for {method} {0x000001dac901b2e8} 'allowSecurityManager' '()Z' in 'java/lang/System')}
  0x000001dab5d8b6bc: 0048 b888 | 4102 deda | 0100 00ff | 8010 0100 

  0x000001dab5d8b6cc: ;   {metadata(method data for {method} {0x000001dac901b1d0} 'getSecurityManager' '()Ljava/lang/SecurityManager;' in 'java/lang/System')}
  0x000001dab5d8b6cc: 0048 b810 | 4002 deda | 0100 00ff | 8020 0100 

  0x000001dab5d8b6dc: ;   {metadata(method data for {method} {0x000001dac9468c70} 'getClassLoader' '()Ljava/lang/ClassLoader;' in 'java/lang/Class')}
  0x000001dab5d8b6dc: 0048 b850 | 3e02 deda | 0100 00ff | 8040 0100 | 0048 85db 

  0x000001dab5d8b6f0: ;   {metadata(method data for {method} {0x000001dac91eace0} 'defineClass' '(ZLjava/lang/Object;)Ljava/lang/Class;' in 'java/lang/invoke/MethodHandles$Lookup$ClassDefiner')}
  0x000001dab5d8b6f0: 48b8 208d | 98de da01 | 0000 48c7 | c180 0100 | 0074 0748 | c7c1 9001 | 0000 4c8b | 1c08 4d8d 
  0x000001dab5d8b710: 5b01 4c89 | 1c08 0f84 | 4b02 0000 

  0x000001dab5d8b71c: ;   {metadata(method data for {method} {0x000001dac91eace0} 'defineClass' '(ZLjava/lang/Object;)Ljava/lang/Class;' in 'java/lang/invoke/MethodHandles$Lookup$ClassDefiner')}
  0x000001dab5d8b71c: 488b c648 | b920 8d98 | deda 0100 | 0048 8381 | a001 0000 

  0x000001dab5d8b730: ;   {metadata(method data for {method} {0x000001dac93e0388} 'lookupClassProtectionDomain' '()Ljava/security/ProtectionDomain;' in 'java/lang/invoke/MethodHandles$Lookup')}
  0x000001dab5d8b730: 0148 b858 | 9398 deda | 0100 008b | 88cc 0000 | 0083 c102 | 8988 cc00 | 0000 81e1 | feff 1f00 
  0x000001dab5d8b750: 85c9 0f84 | 3f06 0000 | 8b46 1848 

  0x000001dab5d8b75c: ;   {metadata(method data for {method} {0x000001dac93e0388} 'lookupClassProtectionDomain' '()Ljava/security/ProtectionDomain;' in 'java/lang/invoke/MethodHandles$Lookup')}
  0x000001dab5d8b75c: 85c0 48b9 | 5893 98de | da01 0000 | 49c7 c310 | 0100 0075 | 0749 c7c3 | 2001 0000 | 4e8b 2c19 
  0x000001dab5d8b77c: 4d8d 6d01 | 4e89 2c19 | 4889 9c24 | a000 0000 | 0f85 bf01 

  0x000001dab5d8b790: ;   {metadata(method data for {method} {0x000001dac93e0388} 'lookupClassProtectionDomain' '()Ljava/security/ProtectionDomain;' in 'java/lang/invoke/MethodHandles$Lookup')}
  0x000001dab5d8b790: 0000 48b8 | 5893 98de | da01 0000 | 4883 8030 | 0100 0001 

  0x000001dab5d8b7a4: ;   {metadata(method data for {method} {0x000001dac9473998} 'getJavaLangAccess' '()Ljdk/internal/access/JavaLangAccess;' in 'jdk/internal/access/SharedSecrets')}
  0x000001dab5d8b7a4: 48b8 d8eb | 17de da01 | 0000 8b88 | cc00 0000 | 83c1 0289 | 88cc 0000 | 0081 e1fe | ff1f 0085 
  0x000001dab5d8b7c4: c90f 84ed 

  0x000001dab5d8b7c8: ;   {oop(a 'java/lang/Class'{0x00000000e046b4e0} = 'jdk/internal/access/SharedSecrets')}
  0x000001dab5d8b7c8: 0500 0048 | b8e0 b446 | e000 0000 | 008b 407c | 8b4e 1048 | 85c0 0f84 | 2a00 0000 

  0x000001dab5d8b7e4: ;   {metadata('java/lang/System$2')}
  0x000001dab5d8b7e4: 48be 6082 | 01c9 da01 | 0000 448b | 7008 49ba | 0000 00c9 | da01 0000 | 4d03 f249 | 3b76 380f 
  0x000001dab5d8b804: 85d0 0500 | 00e9 0000 | 0000 4c8b | d848 3b00 

  0x000001dab5d8b814: ;   {metadata(method data for {method} {0x000001dac93e0388} 'lookupClassProtectionDomain' '()Ljava/security/ProtectionDomain;' in 'java/lang/invoke/MethodHandles$Lookup')}
  0x000001dab5d8b814: 48be 5893 | 98de da01 

  0x000001dab5d8b81c: ;   {metadata('java/lang/System$2')}
  0x000001dab5d8b81c: 0000 49ba | 6082 01c9 | da01 0000 | 4c89 9650 | 0100 0048 | 8386 5801 

  0x000001dab5d8b834: ;   {metadata(method data for {method} {0x000001dac90192c8} 'protectionDomain' '(Ljava/lang/Class;)Ljava/security/ProtectionDomain;' in 'java/lang/System$2')}
  0x000001dab5d8b834: 0000 0148 | be10 9598 | deda 0100 | 008b 86cc | 0000 0083 | c002 8986 | cc00 0000 | 25fe ff1f 
  0x000001dab5d8b854: 0085 c00f | 8486 0500 | 0048 3b01 

  0x000001dab5d8b860: ;   {metadata(method data for {method} {0x000001dac90192c8} 'protectionDomain' '(Ljava/lang/Class;)Ljava/security/ProtectionDomain;' in 'java/lang/System$2')}
  0x000001dab5d8b860: 488b f148 | b810 9598 | deda 0100 | 0048 8380 | 1001 0000 

  0x000001dab5d8b874: ;   {metadata(method data for {method} {0x000001dac94679c8} 'protectionDomain' '()Ljava/security/ProtectionDomain;' in 'java/lang/Class')}
  0x000001dab5d8b874: 0148 bea0 | 9698 deda | 0100 008b | 86cc 0000 | 0083 c002 | 8986 cc00 | 0000 25fe | ff1f 0085 
  0x000001dab5d8b894: c00f 846e | 0500 0048 

  0x000001dab5d8b89c: ;   {metadata(method data for {method} {0x000001dac94679c8} 'protectionDomain' '()Ljava/security/ProtectionDomain;' in 'java/lang/Class')}
  0x000001dab5d8b89c: 8bf1 48b8 | a096 98de | da01 0000 | 4883 8010 | 0100 0001 | 488b d10f 

  0x000001dab5d8b8b4: ;   {optimized virtual_call}
  0x000001dab5d8b8b4: 1f40 00e8 

  0x000001dab5d8b8b8: ; ImmutableOopMap {[144]=Oop [152]=Oop [160]=Oop [168]=Oop [184]=Oop }
                      ;*invokevirtual getProtectionDomain0 {reexecute=0 rethrow=0 return_oop=0}
                      ; - java.lang.Class::protectionDomain@1
                      ; - java.lang.System$2::protectionDomain@1
                      ; - java.lang.invoke.MethodHandles$Lookup::lookupClassProtectionDomain@17
                      ; - java.lang.invoke.MethodHandles$Lookup$ClassDefiner::defineClass@23
  0x000001dab5d8b8b8: e006 0000 

  0x000001dab5d8b8bc: ;   {other}
  0x000001dab5d8b8bc: 0f1f 8400 | 2c06 0000 

  0x000001dab5d8b8c4: ;   {metadata(method data for {method} {0x000001dac94679c8} 'protectionDomain' '()Ljava/security/ProtectionDomain;' in 'java/lang/Class')}
  0x000001dab5d8b8c4: 4885 c049 | b8a0 9698 | deda 0100 | 0049 c7c1 | 4801 0000 | 7507 49c7 | c158 0100 | 004b 8b3c 
  0x000001dab5d8b8e4: 0848 8d7f | 014b 893c | 080f 8521 | 0000 000f | 1f44 0000 

  0x000001dab5d8b8f8: ;   {no_reloc}
  0x000001dab5d8b8f8: e9a5 0500 | 0000 0000 | 0000 660f | 1f44 0000 

  0x000001dab5d8b908: ; implicit exception: dispatches to 0x000001dab5d8beac
  0x000001dab5d8b908: e9b0 0500 | 0090 90e9 | 0300 0000 | 4c8b c048 | 8bb4 2490 | 0000 0045 | 0fbe 4f40 | 4585 c90f 
  0x000001dab5d8b928: 859a 0500 | 004d 8bd0 | 4489 5618 | f083 4424 | c000 4c8b | ce4d 33c8 | 49c1 e914 | 4983 f900 
  0x000001dab5d8b948: 0f85 9505 | 0000 498b 

  0x000001dab5d8b950: ;   {metadata(method data for {method} {0x000001dac91eace0} 'defineClass' '(ZLjava/lang/Object;)Ljava/lang/Class;' in 'java/lang/invoke/MethodHandles$Lookup$ClassDefiner')}
  0x000001dab5d8b950: c049 b820 | 8d98 deda | 0100 0041 | ff80 d801 | 0000 e912 | 0000 0048 | 899c 24a0 

  0x000001dab5d8b96c: ;   {oop(nullptr)}
  0x000001dab5d8b96c: 0000 0048 | b800 0000 | 0000 0000 | 0048 8b9c | 24a0 0000 | 0048 8bbc | 24a8 0000 | 0048 8b94 
  0x000001dab5d8b98c: 2498 0000 

  0x000001dab5d8b990: ;   {metadata(method data for {method} {0x000001dac91eace0} 'defineClass' '(ZLjava/lang/Object;)Ljava/lang/Class;' in 'java/lang/invoke/MethodHandles$Lookup$ClassDefiner')}
  0x000001dab5d8b990: 0049 b820 | 8d98 deda | 0100 0049 | 8380 f001 

  0x000001dab5d8b9a0: ;   {metadata(method data for {method} {0x000001dac9473998} 'getJavaLangAccess' '()Ljdk/internal/access/JavaLangAccess;' in 'jdk/internal/access/SharedSecrets')}
  0x000001dab5d8b9a0: 0000 0149 | b8d8 eb17 | deda 0100 | 0045 8b88 | cc00 0000 | 4183 c102 | 4589 88cc | 0000 0041 
  0x000001dab5d8b9c0: 81e1 feff | 1f00 4585 | c90f 842c 

  0x000001dab5d8b9cc: ;   {oop(a 'java/lang/Class'{0x00000000e046b4e0} = 'jdk/internal/access/SharedSecrets')}
  0x000001dab5d8b9cc: 0500 0049 | b8e0 b446 | e000 0000 | 0045 8b70 | 7c8b 7214 | 8b4a 1844 | 8b4a 0c4d | 85f6 0f84 
  0x000001dab5d8b9ec: 2a00 0000 

  0x000001dab5d8b9f0: ;   {metadata('java/lang/System$2')}
  0x000001dab5d8b9f0: 49bb 6082 | 01c9 da01 | 0000 458b | 6e08 49ba | 0000 00c9 | da01 0000 | 4d03 ea4d | 3b5d 380f 
  0x000001dab5d8ba10: 8507 0500 | 00e9 0000 | 0000 4d8b | c649 3b06 

  0x000001dab5d8ba20: ;   {metadata(method data for {method} {0x000001dac91eace0} 'defineClass' '(ZLjava/lang/Object;)Ljava/lang/Class;' in 'java/lang/invoke/MethodHandles$Lookup$ClassDefiner')}
  0x000001dab5d8ba20: 4d8b c648 | ba20 8d98 | deda 0100 

  0x000001dab5d8ba2c: ;   {metadata('java/lang/System$2')}
  0x000001dab5d8ba2c: 0049 ba60 | 8201 c9da | 0100 004c | 8992 1002 | 0000 4883 | 8218 0200 | 0001 4c8b | c349 8bd1 
  0x000001dab5d8ba4c: 4c8b cf48 | 8bfe 488b | f148 8bc8 | 8b84 24b0 | 0000 0089 | 0424 8954 | 2408 488b | 9424 b800 
  0x000001dab5d8ba6c: 0000 4889 | 5424 1049 

  0x000001dab5d8ba74: ;   {optimized virtual_call}
  0x000001dab5d8ba74: 8bd6 90e8 

  0x000001dab5d8ba78: ; ImmutableOopMap {[152]=Oop [168]=Oop }
                      ;*invokeinterface defineClass {reexecute=0 rethrow=0 return_oop=0}
                      ; - java.lang.invoke.MethodHandles$Lookup$ClassDefiner::defineClass@57
  0x000001dab5d8ba78: 646d 0700 

  0x000001dab5d8ba7c: ;   {other}
  0x000001dab5d8ba7c: 0f1f 8400 | ec07 0001 

  0x000001dab5d8ba84: ;   {metadata(method data for {method} {0x000001dac91eace0} 'defineClass' '(ZLjava/lang/Object;)Ljava/lang/Class;' in 'java/lang/invoke/MethodHandles$Lookup$ClassDefiner')}
  0x000001dab5d8ba84: 49b8 208d | 98de da01 | 0000 41ff | 8038 0200 | 0048 8b94 | 2498 0000 | 008b 721c 

  0x000001dab5d8baa0: ; implicit exception: dispatches to 0x000001dab5d8bf26
  0x000001dab5d8baa0: 483b 064c 

  0x000001dab5d8baa4: ;   {metadata(method data for {method} {0x000001dac91eace0} 'defineClass' '(ZLjava/lang/Object;)Ljava/lang/Class;' in 'java/lang/invoke/MethodHandles$Lookup$ClassDefiner')}
  0x000001dab5d8baa4: 8bc6 49b9 | 208d 98de | da01 0000 | 4983 8150 | 0300 0001 | 440f be46 | 0c41 83e0 | 0145 85c0 
  0x000001dab5d8bac4: ;   {metadata(method data for {method} {0x000001dac91eace0} 'defineClass' '(ZLjava/lang/Object;)Ljava/lang/Class;' in 'java/lang/invoke/MethodHandles$Lookup$ClassDefiner')}
  0x000001dab5d8bac4: 49b8 208d | 98de da01 | 0000 49c7 | c188 0300 | 0074 0749 | c7c1 9803 | 0000 4b8b | 3c08 488d 
  0x000001dab5d8bae4: 7f01 4b89 | 3c08 0f84 | c401 0000 

  0x000001dab5d8baf0: ;   {metadata(method data for {method} {0x000001dac91eace0} 'defineClass' '(ZLjava/lang/Object;)Ljava/lang/Class;' in 'java/lang/invoke/MethodHandles$Lookup$ClassDefiner')}
  0x000001dab5d8baf0: 4c8b c249 | b920 8d98 | deda 0100 

  0x000001dab5d8bafc: ;   {metadata('java/lang/invoke/MethodHandles$Lookup$ClassDefiner')}
  0x000001dab5d8bafc: 0049 baa0 | aa1e c9da | 0100 004d | 8991 b803 | 0000 4983 | 81c0 0300 | 0001 8b7a | 1448 85c0 
  0x000001dab5d8bb1c: ;   {metadata(method data for {method} {0x000001dac91eace0} 'defineClass' '(ZLjava/lang/Object;)Ljava/lang/Class;' in 'java/lang/invoke/MethodHandles$Lookup$ClassDefiner')}
  0x000001dab5d8bb1c: 49b8 208d | 98de da01 | 0000 49c7 | c1e0 0300 | 0074 0749 | c7c1 f003 | 0000 4b8b | 1c08 488d 
  0x000001dab5d8bb3c: 5b01 4b89 | 1c08 0f84 | 2b01 0000 | e9bd 0000 | 0048 8b94 | 2498 0000 | 0049 8b87 | 0005 0000 
  0x000001dab5d8bb5c: 4d33 d24d | 8997 0005 | 0000 4d33 | d24d 8997 | 0805 0000 | 8b72 1c48 | 3b06 4c8b 

  0x000001dab5d8bb78: ;   {metadata(method data for {method} {0x000001dac91eace0} 'defineClass' '(ZLjava/lang/Object;)Ljava/lang/Class;' in 'java/lang/invoke/MethodHandles$Lookup$ClassDefiner')}
  0x000001dab5d8bb78: c649 b920 | 8d98 deda | 0100 0049 | 8381 8804 | 0000 0144 | 0fbe 460c | 4183 e001 

  0x000001dab5d8bb94: ;   {metadata(method data for {method} {0x000001dac91eace0} 'defineClass' '(ZLjava/lang/Object;)Ljava/lang/Class;' in 'java/lang/invoke/MethodHandles$Lookup$ClassDefiner')}
  0x000001dab5d8bb94: 4585 c049 | b820 8d98 | deda 0100 | 0049 c7c1 | c004 0000 | 7407 49c7 | c1d0 0400 | 004b 8b3c 
  0x000001dab5d8bbb4: 0848 8d7f | 014b 893c | 080f 8441 | 0100 004c 

  0x000001dab5d8bbc4: ;   {metadata(method data for {method} {0x000001dac91eace0} 'defineClass' '(ZLjava/lang/Object;)Ljava/lang/Class;' in 'java/lang/invoke/MethodHandles$Lookup$ClassDefiner')}
  0x000001dab5d8bbc4: 8bc2 49b9 | 208d 98de | da01 0000 

  0x000001dab5d8bbd0: ;   {metadata('java/lang/invoke/MethodHandles$Lookup$ClassDefiner')}
  0x000001dab5d8bbd0: 49ba a0aa | 1ec9 da01 | 0000 4d89 | 91f0 0400 | 0049 8381 | f804 0000 | 018b 7a14 

  0x000001dab5d8bbec: ;   {metadata(method data for {method} {0x000001dac91eace0} 'defineClass' '(ZLjava/lang/Object;)Ljava/lang/Class;' in 'java/lang/invoke/MethodHandles$Lookup$ClassDefiner')}
  0x000001dab5d8bbec: 49b8 208d | 98de da01 | 0000 41ff | 8018 0500 | 0048 8984 | 24c8 0000 | 00e9 c000 | 0000 8b52 
  0x000001dab5d8bc0c: 184c 8bc6 

  0x000001dab5d8bc10: ;   {metadata(method data for {method} {0x000001dac91eace0} 'defineClass' '(ZLjava/lang/Object;)Ljava/lang/Class;' in 'java/lang/invoke/MethodHandles$Lookup$ClassDefiner')}
  0x000001dab5d8bc10: 49b9 208d | 98de da01 | 0000 4983 | 8100 0400 | 0001 4c8b | c74c 8bc8 | 488b fa48 | 8bd6 4889 
  0x000001dab5d8bc30: 8424 c000 

  0x000001dab5d8bc34: ;   {optimized virtual_call}
  0x000001dab5d8bc34: 0000 90e8 

  0x000001dab5d8bc38: ; ImmutableOopMap {[192]=Oop }
                      ;*invokevirtual dumpClass {reexecute=0 rethrow=0 return_oop=0}
                      ; - java.lang.invoke.MethodHandles$Lookup$ClassDefiner::defineClass@134
  0x000001dab5d8bc38: 442e 0b07 

  0x000001dab5d8bc3c: ;   {other}
  0x000001dab5d8bc3c: 0f1f 8400 | ac09 0002 

  0x000001dab5d8bc44: ;   {metadata(method data for {method} {0x000001dac91eace0} 'defineClass' '(ZLjava/lang/Object;)Ljava/lang/Class;' in 'java/lang/invoke/MethodHandles$Lookup$ClassDefiner')}
  0x000001dab5d8bc44: 49b8 208d | 98de da01 | 0000 41ff | 8038 0400 | 0048 8b84 | 24c0 0000 | 0048 81c4 | e000 0000 
  0x000001dab5d8bc64: ;   {poll_return}
  0x000001dab5d8bc64: 5d49 3ba7 | 5004 0000 | 0f87 be02 | 0000 c348 | 8984 24c0 | 0000 0044 | 8b4a 184c 

  0x000001dab5d8bc80: ;   {metadata(method data for {method} {0x000001dac91eace0} 'defineClass' '(ZLjava/lang/Object;)Ljava/lang/Class;' in 'java/lang/invoke/MethodHandles$Lookup$ClassDefiner')}
  0x000001dab5d8bc80: 8bc6 48ba | 208d 98de | da01 0000 | 4883 8250 | 0400 0001 | 4c8b c748 | 8bd6 0f1f 

  0x000001dab5d8bc9c: ;   {optimized virtual_call}
  0x000001dab5d8bc9c: 4400 00e8 

  0x000001dab5d8bca0: ; ImmutableOopMap {[192]=Oop }
                      ;*invokevirtual dumpFailedClass {reexecute=0 rethrow=0 return_oop=0}
                      ; - java.lang.invoke.MethodHandles$Lookup$ClassDefiner::defineClass@150
  0x000001dab5d8bca0: dc2d 0b07 

  0x000001dab5d8bca4: ;   {other}
  0x000001dab5d8bca4: 0f1f 8400 | 140a 0003 | 488b 8424 | c000 0000 | 4881 c4e0 | 0000 005d 

  0x000001dab5d8bcbc: ;   {poll_return}
  0x000001dab5d8bcbc: 493b a750 | 0400 000f | 877d 0200 | 00c3 448b | 4a18 4c8b 

  0x000001dab5d8bcd0: ;   {metadata(method data for {method} {0x000001dac91eace0} 'defineClass' '(ZLjava/lang/Object;)Ljava/lang/Class;' in 'java/lang/invoke/MethodHandles$Lookup$ClassDefiner')}
  0x000001dab5d8bcd0: c648 ba20 | 8d98 deda | 0100 0048 | 8382 8805 | 0000 014c | 8bc7 488b | d666 0f1f 

  0x000001dab5d8bcec: ;   {optimized virtual_call}
  0x000001dab5d8bcec: 4400 00e8 

  0x000001dab5d8bcf0: ; ImmutableOopMap {[200]=Oop }
                      ;*invokevirtual dumpFailedClass {reexecute=0 rethrow=0 return_oop=0}
                      ; - java.lang.invoke.MethodHandles$Lookup$ClassDefiner::defineClass@207
  0x000001dab5d8bcf0: 8c2d 0b07 

  0x000001dab5d8bcf4: ;   {other}
  0x000001dab5d8bcf4: 0f1f 8400 | 640a 0004 | 488b 8424 | c800 0000 | e970 0200 

  0x000001dab5d8bd08: ;   {metadata({method} {0x000001dac91eace0} 'defineClass' '(ZLjava/lang/Object;)Ljava/lang/Class;' in 'java/lang/invoke/MethodHandles$Lookup$ClassDefiner')}
  0x000001dab5d8bd08: 0049 bad8 | ac1e c9da | 0100 004c | 8954 2408 | 48c7 0424 | ffff ffff 

  0x000001dab5d8bd20: ;   {runtime_call counter_overflow Runtime1 stub}
  0x000001dab5d8bd20: e85b 9117 

  0x000001dab5d8bd24: ; ImmutableOopMap {rdx=Oop r9=Oop [152]=Oop [184]=Oop }
                      ;*synchronization entry
                      ; - java.lang.invoke.MethodHandles$Lookup$ClassDefiner::defineClass@-1
  0x000001dab5d8bd24: 07e9 74f8 

  0x000001dab5d8bd28: ;   {runtime_call throw_null_pointer_exception Runtime1 stub}
  0x000001dab5d8bd28: ffff e851 

  0x000001dab5d8bd2c: ; ImmutableOopMap {rdx=Oop r9=Oop rsi=Oop [144]=Oop [152]=Oop [184]=Oop }
                      ;*invokevirtual lookupClass {reexecute=0 rethrow=0 return_oop=0}
                      ; - java.lang.invoke.MethodHandles$Lookup$ClassDefiner::defineClass@4
                      ;   {runtime_call throw_null_pointer_exception Runtime1 stub}
  0x000001dab5d8bd2c: 6a0e 07e8 

  0x000001dab5d8bd30: ; ImmutableOopMap {rdx=Oop r9=Oop rsi=Oop rdi=Oop [144]=Oop [152]=Oop [168]=Oop [184]=Oop }
                      ;*invokevirtual getClassLoader {reexecute=0 rethrow=0 return_oop=0}
                      ; - java.lang.invoke.MethodHandles$Lookup$ClassDefiner::defineClass@9
  0x000001dab5d8bd30: 4c6a 0e07 

  0x000001dab5d8bd34: ;   {metadata({method} {0x000001dac9468c70} 'getClassLoader' '()Ljava/lang/ClassLoader;' in 'java/lang/Class')}
  0x000001dab5d8bd34: 49ba 688c | 46c9 da01 | 0000 4c89 | 5424 0848 | c704 24ff 

  0x000001dab5d8bd48: ;   {runtime_call counter_overflow Runtime1 stub}
  0x000001dab5d8bd48: ffff ffe8 

  0x000001dab5d8bd4c: ; ImmutableOopMap {rdx=Oop r9=Oop rsi=Oop rdi=Oop [144]=Oop [152]=Oop [168]=Oop [184]=Oop }
                      ;*synchronization entry
                      ; - java.lang.Class::getClassLoader@-1
                      ; - java.lang.invoke.MethodHandles$Lookup$ClassDefiner::defineClass@9
  0x000001dab5d8bd4c: 3091 1707 | e9b5 f8ff 

  0x000001dab5d8bd54: ;   {metadata({method} {0x000001dac901b1d0} 'getSecurityManager' '()Ljava/lang/SecurityManager;' in 'java/lang/System')}
  0x000001dab5d8bd54: ff49 bac8 | b101 c9da | 0100 004c | 8954 2408 | 48c7 0424 | ffff ffff 

  0x000001dab5d8bd6c: ;   {runtime_call counter_overflow Runtime1 stub}
  0x000001dab5d8bd6c: e80f 9117 

  0x000001dab5d8bd70: ; ImmutableOopMap {rdx=Oop r9=Oop rsi=Oop rdi=Oop rbx=Oop [144]=Oop [152]=Oop [168]=Oop [184]=Oop }
                      ;*synchronization entry
                      ; - java.lang.System::getSecurityManager@-1
                      ; - java.lang.Class::getClassLoader@11
                      ; - java.lang.invoke.MethodHandles$Lookup$ClassDefiner::defineClass@9
  0x000001dab5d8bd70: 07e9 0ef9 

  0x000001dab5d8bd74: ;   {metadata({method} {0x000001dac901b2e8} 'allowSecurityManager' '()Z' in 'java/lang/System')}
  0x000001dab5d8bd74: ffff 49ba | e0b2 01c9 | da01 0000 | 4c89 5424 | 0848 c704 | 24ff ffff 

  0x000001dab5d8bd8c: ;   {runtime_call counter_overflow Runtime1 stub}
  0x000001dab5d8bd8c: ffe8 ee90 

  0x000001dab5d8bd90: ; ImmutableOopMap {rdx=Oop r9=Oop rsi=Oop rdi=Oop rbx=Oop [144]=Oop [152]=Oop [168]=Oop [184]=Oop }
                      ;*synchronization entry
                      ; - java.lang.System::allowSecurityManager@-1
                      ; - java.lang.System::getSecurityManager@0
                      ; - java.lang.Class::getClassLoader@11
                      ; - java.lang.invoke.MethodHandles$Lookup$ClassDefiner::defineClass@9
  0x000001dab5d8bd90: 1707 e926 

  0x000001dab5d8bd94: ;   {metadata({method} {0x000001dac93e0388} 'lookupClassProtectionDomain' '()Ljava/security/ProtectionDomain;' in 'java/lang/invoke/MethodHandles$Lookup')}
  0x000001dab5d8bd94: f9ff ff49 | ba80 033e | c9da 0100 | 004c 8954 | 2408 48c7 | 0424 ffff 

  0x000001dab5d8bdac: ;   {runtime_call counter_overflow Runtime1 stub}
  0x000001dab5d8bdac: ffff e8cd 

  0x000001dab5d8bdb0: ; ImmutableOopMap {rdx=Oop r9=Oop rsi=Oop rdi=Oop rbx=Oop [144]=Oop [152]=Oop [168]=Oop [184]=Oop }
                      ;*synchronization entry
                      ; - java.lang.invoke.MethodHandles$Lookup::lookupClassProtectionDomain@-1
                      ; - java.lang.invoke.MethodHandles$Lookup$ClassDefiner::defineClass@23
  0x000001dab5d8bdb0: 9017 07e9 | a0f9 ffff 

  0x000001dab5d8bdb8: ;   {metadata({method} {0x000001dac9473998} 'getJavaLangAccess' '()Ljdk/internal/access/JavaLangAccess;' in 'jdk/internal/access/SharedSecrets')}
  0x000001dab5d8bdb8: 49ba 9039 | 47c9 da01 | 0000 4c89 | 5424 0848 | c704 24ff 

  0x000001dab5d8bdcc: ;   {runtime_call counter_overflow Runtime1 stub}
  0x000001dab5d8bdcc: ffff ffe8 

  0x000001dab5d8bdd0: ; ImmutableOopMap {rsi=Oop [144]=Oop [152]=Oop [160]=Oop [168]=Oop [184]=Oop }
                      ;*synchronization entry
                      ; - jdk.internal.access.SharedSecrets::getJavaLangAccess@-1
                      ; - java.lang.invoke.MethodHandles$Lookup::lookupClassProtectionDomain@10
                      ; - java.lang.invoke.MethodHandles$Lookup$ClassDefiner::defineClass@23
  0x000001dab5d8bdd0: ac90 1707 | e9f2 f9ff 

  0x000001dab5d8bdd8: ;   {runtime_call throw_incompatible_class_change_error Runtime1 stub}
  0x000001dab5d8bdd8: ffe8 a24f 

  0x000001dab5d8bddc: ; ImmutableOopMap {rax=Oop rcx=Oop [144]=Oop [152]=Oop [160]=Oop [168]=Oop [184]=Oop }
                      ;*invokeinterface protectionDomain {reexecute=0 rethrow=0 return_oop=0}
                      ; - java.lang.invoke.MethodHandles$Lookup::lookupClassProtectionDomain@17
                      ; - java.lang.invoke.MethodHandles$Lookup$ClassDefiner::defineClass@23
                      ;   {runtime_call throw_null_pointer_exception Runtime1 stub}
  0x000001dab5d8bddc: 1707 e89d 

  0x000001dab5d8bde0: ; ImmutableOopMap {rax=Oop rcx=Oop [144]=Oop [152]=Oop [160]=Oop [168]=Oop [184]=Oop }
                      ;*invokeinterface protectionDomain {reexecute=0 rethrow=0 return_oop=0}
                      ; - java.lang.invoke.MethodHandles$Lookup::lookupClassProtectionDomain@17
                      ; - java.lang.invoke.MethodHandles$Lookup$ClassDefiner::defineClass@23
                      ;   {metadata({method} {0x000001dac90192c8} 'protectionDomain' '(Ljava/lang/Class;)Ljava/security/ProtectionDomain;' in 'java/lang/System$2')}
  0x000001dab5d8bde0: 690e 0749 | bac0 9201 | c9da 0100 | 004c 8954 | 2408 48c7 | 0424 ffff 

  0x000001dab5d8bdf8: ;   {runtime_call counter_overflow Runtime1 stub}
  0x000001dab5d8bdf8: ffff e881 

  0x000001dab5d8bdfc: ; ImmutableOopMap {rcx=Oop [144]=Oop [152]=Oop [160]=Oop [168]=Oop [184]=Oop }
                      ;*synchronization entry
                      ; - java.lang.System$2::protectionDomain@-1
                      ; - java.lang.invoke.MethodHandles$Lookup::lookupClassProtectionDomain@17
                      ; - java.lang.invoke.MethodHandles$Lookup$ClassDefiner::defineClass@23
  0x000001dab5d8bdfc: 9017 07e9 | 59fa ffff 

  0x000001dab5d8be04: ;   {runtime_call throw_null_pointer_exception Runtime1 stub}
  0x000001dab5d8be04: e877 690e 

  0x000001dab5d8be08: ; ImmutableOopMap {rcx=Oop [144]=Oop [152]=Oop [160]=Oop [168]=Oop [184]=Oop }
                      ;*invokevirtual protectionDomain {reexecute=0 rethrow=0 return_oop=0}
                      ; - java.lang.System$2::protectionDomain@1
                      ; - java.lang.invoke.MethodHandles$Lookup::lookupClassProtectionDomain@17
                      ; - java.lang.invoke.MethodHandles$Lookup$ClassDefiner::defineClass@23
                      ;   {metadata({method} {0x000001dac94679c8} 'protectionDomain' '()Ljava/security/ProtectionDomain;' in 'java/lang/Class')}
  0x000001dab5d8be08: 0749 bac0 | 7946 c9da | 0100 004c | 8954 2408 | 48c7 0424 | ffff ffff 

  0x000001dab5d8be20: ;   {runtime_call counter_overflow Runtime1 stub}
  0x000001dab5d8be20: e85b 9017 

  0x000001dab5d8be24: ; ImmutableOopMap {rcx=Oop [144]=Oop [152]=Oop [160]=Oop [168]=Oop [184]=Oop }
                      ;*synchronization entry
                      ; - java.lang.Class::protectionDomain@-1
                      ; - java.lang.System$2::protectionDomain@1
                      ; - java.lang.invoke.MethodHandles$Lookup::lookupClassProtectionDomain@17
                      ; - java.lang.invoke.MethodHandles$Lookup$ClassDefiner::defineClass@23
  0x000001dab5d8be24: 07e9 71fa 

  0x000001dab5d8be28: ;   {oop(nullptr)}
  0x000001dab5d8be28: ffff 49b8 | 0000 0000 | 0000 0000 | 5053 498b | 5810 5756 | 5251 4150 | 4151 4152 | 4153 4883 
  0x000001dab5d8be48: ec20 40f6 | c40f 0f84 | 1900 0000 | 4883 ec08 

  0x000001dab5d8be58: ;   {runtime_call}
  0x000001dab5d8be58: 48b8 a0a0 | c559 f97f | 0000 ffd0 | 4883 c408 | e90c 0000 

  0x000001dab5d8be6c: ;   {runtime_call}
  0x000001dab5d8be6c: 0048 b8a0 | a0c5 59f9 | 7f00 00ff | d048 83c4 | 2041 5b41 | 5a41 5941 | 5859 5a5e | 5f48 3b83 
  0x000001dab5d8be8c: 3801 0000 | 5b58 0f85 | 0a00 0000 | e965 faff | ffb8 0078 

  0x000001dab5d8bea0: ;   {runtime_call load_mirror_patching Runtime1 stub}
  0x000001dab5d8bea0: 6e0a e8d9 

  0x000001dab5d8bea4: ; ImmutableOopMap {[144]=Oop [152]=Oop [160]=Oop [168]=Oop [184]=Oop }
                      ;*getstatic allPermDomain {reexecute=1 rethrow=0 return_oop=0}
                      ; - (reexecute) java.lang.Class::protectionDomain@9
                      ; - java.lang.System$2::protectionDomain@1
                      ; - java.lang.invoke.MethodHandles$Lookup::lookupClassProtectionDomain@17
                      ; - java.lang.invoke.MethodHandles$Lookup$ClassDefiner::defineClass@23
  0x000001dab5d8bea4: 6317 07e9 | 4cfa ffff 

  0x000001dab5d8beac: ;   {runtime_call throw_null_pointer_exception Runtime1 stub}
  0x000001dab5d8beac: e8cf 680e 

  0x000001dab5d8beb0: ; ImmutableOopMap {r8=Oop [144]=Oop [152]=Oop [160]=Oop [168]=Oop [184]=Oop }
                      ;*getstatic allPermDomain {reexecute=1 rethrow=0 return_oop=0}
                      ; - (reexecute) java.lang.Class::protectionDomain@9
                      ; - java.lang.System$2::protectionDomain@1
                      ; - java.lang.invoke.MethodHandles$Lookup::lookupClassProtectionDomain@17
                      ; - java.lang.invoke.MethodHandles$Lookup$ClassDefiner::defineClass@23
  0x000001dab5d8beb0: 0745 8b80 | 0000 0000 | b800 0c05 

  0x000001dab5d8bebc: ;   {runtime_call access_field_patching Runtime1 stub}
  0x000001dab5d8bebc: 07e8 be6e 

  0x000001dab5d8bec0: ; ImmutableOopMap {r8=Oop [144]=Oop [152]=Oop [160]=Oop [168]=Oop [184]=Oop }
                      ;*getstatic allPermDomain {reexecute=1 rethrow=0 return_oop=0}
                      ; - (reexecute) java.lang.Class::protectionDomain@9
                      ; - java.lang.System$2::protectionDomain@1
                      ; - java.lang.invoke.MethodHandles$Lookup::lookupClassProtectionDomain@17
                      ; - java.lang.invoke.MethodHandles$Lookup$ClassDefiner::defineClass@23
  0x000001dab5d8bec0: 1707 e941 | faff ff44 | 8b4e 1849 | 83f9 000f | 8458 faff | ff4c 890c 

  0x000001dab5d8bed8: ;   {runtime_call g1_pre_barrier_slow}
  0x000001dab5d8bed8: 24e8 22b0 | 1707 e94a | faff ff49 | 83f8 000f | 8461 faff | ff48 8934 

  0x000001dab5d8bef0: ;   {runtime_call g1_post_barrier_slow}
  0x000001dab5d8bef0: 24e8 8ace | 1707 e953 

  0x000001dab5d8bef8: ;   {metadata({method} {0x000001dac9473998} 'getJavaLangAccess' '()Ljdk/internal/access/JavaLangAccess;' in 'jdk/internal/access/SharedSecrets')}
  0x000001dab5d8bef8: faff ff49 | ba90 3947 | c9da 0100 | 004c 8954 | 2408 48c7 | 0424 ffff 

  0x000001dab5d8bf10: ;   {runtime_call counter_overflow Runtime1 stub}
  0x000001dab5d8bf10: ffff e869 

  0x000001dab5d8bf14: ; ImmutableOopMap {rax=Oop rdi=Oop rbx=Oop rdx=Oop [152]=Oop [168]=Oop [184]=Oop }
                      ;*synchronization entry
                      ; - jdk.internal.access.SharedSecrets::getJavaLangAccess@-1
                      ; - java.lang.invoke.MethodHandles$Lookup$ClassDefiner::defineClass@35
  0x000001dab5d8bf14: 8f17 07e9 | b3fa ffff 

  0x000001dab5d8bf1c: ;   {runtime_call throw_incompatible_class_change_error Runtime1 stub}
  0x000001dab5d8bf1c: e85f 4e17 

  0x000001dab5d8bf20: ; ImmutableOopMap {rax=Oop rdi=Oop rbx=Oop r14=Oop rsi=Oop rcx=Oop [152]=Oop [168]=Oop [184]=Oop }
                      ;*invokeinterface defineClass {reexecute=0 rethrow=0 return_oop=0}
                      ; - java.lang.invoke.MethodHandles$Lookup$ClassDefiner::defineClass@57
                      ;   {runtime_call throw_null_pointer_exception Runtime1 stub}
  0x000001dab5d8bf20: 07e8 5a68 

  0x000001dab5d8bf24: ; ImmutableOopMap {rax=Oop rdi=Oop rbx=Oop r14=Oop rsi=Oop rcx=Oop [152]=Oop [168]=Oop [184]=Oop }
                      ;*invokeinterface defineClass {reexecute=0 rethrow=0 return_oop=0}
                      ; - java.lang.invoke.MethodHandles$Lookup$ClassDefiner::defineClass@57
                      ;   {runtime_call throw_null_pointer_exception Runtime1 stub}
  0x000001dab5d8bf24: 0e07 e855 

  0x000001dab5d8bf28: ; ImmutableOopMap {rax=Oop rdx=Oop rsi=Oop [152]=Oop }
                      ;*invokevirtual isEnabled {reexecute=0 rethrow=0 return_oop=0}
                      ; - java.lang.invoke.MethodHandles$Lookup$ClassDefiner::defineClass@105
                      ;   {runtime_call throw_null_pointer_exception Runtime1 stub}
  0x000001dab5d8bf28: 680e 07e8 

  0x000001dab5d8bf2c: ; ImmutableOopMap {rdx=Oop rax=Oop rsi=Oop [152]=Oop }
                      ;*invokevirtual isEnabled {reexecute=0 rethrow=0 return_oop=0}
                      ; - java.lang.invoke.MethodHandles$Lookup$ClassDefiner::defineClass@162
  0x000001dab5d8bf2c: 5068 0e07 

  0x000001dab5d8bf30: ;   {internal_word}
  0x000001dab5d8bf30: 49ba 65bc | d8b5 da01 | 0000 4d89 | 9768 0400 

  0x000001dab5d8bf40: ;   {runtime_call SafepointBlob}
  0x000001dab5d8bf40: 00e9 3a95 

  0x000001dab5d8bf44: ;   {internal_word}
  0x000001dab5d8bf44: 0b07 49ba | bcbc d8b5 | da01 0000 | 4d89 9768 

  0x000001dab5d8bf54: ;   {runtime_call SafepointBlob}
  0x000001dab5d8bf54: 0400 00e9 | 2495 0b07 | 498b 8700 | 0500 0049 | c787 0005 | 0000 0000 | 0000 49c7 | 8708 0500 
  0x000001dab5d8bf74: 0000 0000 | 0048 81c4 | e000 0000 

  0x000001dab5d8bf80: ;   {runtime_call unwind_exception Runtime1 stub}
  0x000001dab5d8bf80: 5de9 7a2a | 0e07 f4f4 
[Stub Code]
  0x000001dab5d8bf88: ;   {no_reloc}
  0x000001dab5d8bf88: 0f1f 4400 

  0x000001dab5d8bf8c: ;   {static_stub}
  0x000001dab5d8bf8c: 0048 bb80 | 9501 c9da 

  0x000001dab5d8bf94: ;   {runtime_call I2C/C2I adapters}
  0x000001dab5d8bf94: 0100 00e9 | 7aec 0b07 

  0x000001dab5d8bf9c: ;   {static_stub}
  0x000001dab5d8bf9c: 48bb 5879 | 46c9 da01 

  0x000001dab5d8bfa4: ;   {runtime_call I2C/C2I adapters}
  0x000001dab5d8bfa4: 0000 e9b8 

  0x000001dab5d8bfa8: ;   {static_stub}
  0x000001dab5d8bfa8: 740b 0748 | bb00 0000 | 0000 0000 

  0x000001dab5d8bfb4: ;   {runtime_call nmethod}
  0x000001dab5d8bfb4: 00e9 fbff 

  0x000001dab5d8bfb8: ;   {static_stub}
  0x000001dab5d8bfb8: ffff 48bb | 0000 0000 | 0000 0000 

  0x000001dab5d8bfc4: ;   {runtime_call nmethod}
  0x000001dab5d8bfc4: e9fb ffff 

  0x000001dab5d8bfc8: ;   {runtime_call handle_exception_from_callee Runtime1 stub}
  0x000001dab5d8bfc8: ffe8 b256 

  0x000001dab5d8bfcc: ;   {external_word}
  0x000001dab5d8bfcc: 1707 48b9 | 4063 655a | f97f 0000 | 4883 e4f0 

  0x000001dab5d8bfdc: ;   {runtime_call}
  0x000001dab5d8bfdc: 48b8 d0c4 | 275a f97f | 0000 ffd0 

  0x000001dab5d8bfe8: ;   {section_word}
  0x000001dab5d8bfe8: f449 bae9 | bfd8 b5da | 0100 0041 

  0x000001dab5d8bff4: ;   {runtime_call DeoptimizationBlob}
  0x000001dab5d8bff4: 52e9 2687 | 0b07 f4f4 | f4f4 f4f4 
[/MachCode]


---------------  P R O C E S S  ---------------

Threads class SMR info:
_java_thread_list=0x000001dae387a5c0, length=25, elements={
0x000001dab10a0300, 0x000001dac87d3560, 0x000001dac87d5fd0, 0x000001dac87d9310,
0x000001dac87d9fd0, 0x000001dac87db430, 0x000001dac87dc240, 0x000001dac87dcfd0,
0x000001dac8848770, 0x000001dac8a712a0, 0x000001dac8a866f0, 0x000001dae207f3e0,
0x000001dac8a45720, 0x000001dac8af12d0, 0x000001dae2ab9030, 0x000001dae2c578f0,
0x000001dae22783c0, 0x000001dae2278a30, 0x000001dae2a45c50, 0x000001dae2a42e60,
0x000001dae2a434f0, 0x000001dae2a43b80, 0x000001dae2a44f30, 0x000001dae2a462e0,
0x000001dae2a44210
}

Java Threads: ( => current thread )
  0x000001dab10a0300 JavaThread "main"                              [_thread_blocked, id=35048, stack(0x00000094d0e00000,0x00000094d0f00000) (1024K)]
  0x000001dac87d3560 JavaThread "Reference Handler"          daemon [_thread_blocked, id=16572, stack(0x00000094d1600000,0x00000094d1700000) (1024K)]
  0x000001dac87d5fd0 JavaThread "Finalizer"                  daemon [_thread_blocked, id=29988, stack(0x00000094d1700000,0x00000094d1800000) (1024K)]
  0x000001dac87d9310 JavaThread "Signal Dispatcher"          daemon [_thread_blocked, id=28944, stack(0x00000094d1800000,0x00000094d1900000) (1024K)]
  0x000001dac87d9fd0 JavaThread "Attach Listener"            daemon [_thread_blocked, id=29084, stack(0x00000094d1900000,0x00000094d1a00000) (1024K)]
  0x000001dac87db430 JavaThread "Service Thread"             daemon [_thread_blocked, id=29088, stack(0x00000094d1a00000,0x00000094d1b00000) (1024K)]
  0x000001dac87dc240 JavaThread "Monitor Deflation Thread"   daemon [_thread_blocked, id=29092, stack(0x00000094d1b00000,0x00000094d1c00000) (1024K)]
  0x000001dac87dcfd0 JavaThread "C2 CompilerThread0"         daemon [_thread_blocked, id=584, stack(0x00000094d1c00000,0x00000094d1d00000) (1024K)]
  0x000001dac8848770 JavaThread "C1 CompilerThread0"         daemon [_thread_blocked, id=6292, stack(0x00000094d1d00000,0x00000094d1e00000) (1024K)]
  0x000001dac8a712a0 JavaThread "Common-Cleaner"             daemon [_thread_blocked, id=28924, stack(0x00000094d1e00000,0x00000094d1f00000) (1024K)]
  0x000001dac8a866f0 JavaThread "Notification Thread"        daemon [_thread_blocked, id=32436, stack(0x00000094d1f00000,0x00000094d2000000) (1024K)]
  0x000001dae207f3e0 JavaThread "Daemon health stats"               [_thread_blocked, id=28036, stack(0x00000094d2000000,0x00000094d2100000) (1024K)]
  0x000001dac8a45720 JavaThread "Incoming local TCP Connector on port 53667"        [_thread_in_native, id=24972, stack(0x00000094d2600000,0x00000094d2700000) (1024K)]
  0x000001dac8af12d0 JavaThread "Daemon periodic checks"            [_thread_blocked, id=17280, stack(0x00000094d2700000,0x00000094d2800000) (1024K)]
  0x000001dae2ab9030 JavaThread "Daemon"                            [_thread_blocked, id=26144, stack(0x00000094d2800000,0x00000094d2900000) (1024K)]
  0x000001dae2c578f0 JavaThread "Handler for socket connection from /127.0.0.1:53667 to /127.0.0.1:53670"        [_thread_in_native, id=27444, stack(0x00000094d2900000,0x00000094d2a00000) (1024K)]
  0x000001dae22783c0 JavaThread "Cancel handler"                    [_thread_blocked, id=27484, stack(0x00000094d2a00000,0x00000094d2b00000) (1024K)]
=>0x000001dae2278a30 JavaThread "Daemon worker"                     [_thread_in_vm, id=33008, stack(0x00000094d2b00000,0x00000094d2c00000) (1024K)]
  0x000001dae2a45c50 JavaThread "Asynchronous log dispatcher for DefaultDaemonConnection: socket connection from /127.0.0.1:53667 to /127.0.0.1:53670"        [_thread_blocked, id=33448, stack(0x00000094d2c00000,0x00000094d2d00000) (1024K)]
  0x000001dae2a42e60 JavaThread "Stdin handler"                     [_thread_blocked, id=4164, stack(0x00000094d2d00000,0x00000094d2e00000) (1024K)]
  0x000001dae2a434f0 JavaThread "Daemon client event forwarder"        [_thread_blocked, id=25992, stack(0x00000094d2e00000,0x00000094d2f00000) (1024K)]
  0x000001dae2a43b80 JavaThread "Cache worker for journal cache (C:\Users\USER\.gradle\caches\journal-1)"        [_thread_blocked, id=29660, stack(0x00000094d2f00000,0x00000094d3000000) (1024K)]
  0x000001dae2a44f30 JavaThread "File lock request listener"        [_thread_in_native, id=30504, stack(0x00000094d3000000,0x00000094d3100000) (1024K)]
  0x000001dae2a462e0 JavaThread "File lock release action executor"        [_thread_blocked, id=29624, stack(0x00000094d3100000,0x00000094d3200000) (1024K)]
  0x000001dae2a44210 JavaThread "Cache worker for file hash cache (C:\Users\USER\.gradle\caches\8.9\fileHashes)"        [_thread_blocked, id=30204, stack(0x00000094d3200000,0x00000094d3300000) (1024K)]
Total: 25

Other Threads:
  0x000001dac87ae900 VMThread "VM Thread"                           [id=27964, stack(0x00000094d1500000,0x00000094d1600000) (1024K)] _threads_hazard_ptr=0x000001dae387a5c0
  0x000001dac879bde0 WatcherThread "VM Periodic Task Thread"        [id=27856, stack(0x00000094d1400000,0x00000094d1500000) (1024K)]
  0x000001dab10ca6f0 WorkerThread "GC Thread#0"                     [id=20848, stack(0x00000094d0f00000,0x00000094d1000000) (1024K)]
  0x000001dae2838c30 WorkerThread "GC Thread#1"                     [id=30520, stack(0x00000094d2100000,0x00000094d2200000) (1024K)]
  0x000001dae25c8610 WorkerThread "GC Thread#2"                     [id=31252, stack(0x00000094d2200000,0x00000094d2300000) (1024K)]
  0x000001dae25d4ab0 WorkerThread "GC Thread#3"                     [id=34808, stack(0x00000094d2300000,0x00000094d2400000) (1024K)]
  0x000001dae2306220 WorkerThread "GC Thread#4"                     [id=31140, stack(0x00000094d2400000,0x00000094d2500000) (1024K)]
  0x000001dae23065d0 WorkerThread "GC Thread#5"                     [id=34600, stack(0x00000094d2500000,0x00000094d2600000) (1024K)]
  0x000001dab10cf5f0 ConcurrentGCThread "G1 Main Marker"            [id=7680, stack(0x00000094d1000000,0x00000094d1100000) (1024K)]
  0x000001dab10d16a0 WorkerThread "G1 Conc#0"                       [id=27912, stack(0x00000094d1100000,0x00000094d1200000) (1024K)]
  0x000001dac866da60 ConcurrentGCThread "G1 Refine#0"               [id=19528, stack(0x00000094d1200000,0x00000094d1300000) (1024K)]
  0x000001dac866e3f0 ConcurrentGCThread "G1 Service"                [id=27144, stack(0x00000094d1300000,0x00000094d1400000) (1024K)]
Total: 12

Threads with active compile tasks:
Total: 0

VM state: synchronizing (normal execution)

VM Mutex/Monitor currently owned by a thread:  ([mutex/lock_event])
[0x00007ff95a90d4f0] Metaspace_lock - owner thread: 0x000001dae2278a30
[0x00007ff95a90f570] Threads_lock - owner thread: 0x000001dac87ae900

Heap address: 0x00000000e0000000, size: 512 MB, Compressed Oops mode: 32-bit

CDS archive(s) mapped at: [0x000001dac9000000-0x000001dac9ba0000-0x000001dac9ba0000), size 12189696, SharedBaseAddress: 0x000001dac9000000, ArchiveRelocationMode: 1.
Compressed class space mapped at: 0x000001daca000000-0x000001dade000000, reserved size: 335544320
Narrow klass base: 0x000001dac9000000, Narrow klass shift: 0, Narrow klass range: 0x100000000

GC Precious Log:
 CardTable entry size: 512
 Card Set container configuration: InlinePtr #cards 5 size 8 Array Of Cards #cards 12 size 40 Howl #buckets 4 coarsen threshold 1843 Howl Bitmap #cards 512 size 80 coarsen threshold 460 Card regions per heap region 1 cards per card region 2048
 CPUs: 8 total, 8 available
 Memory: 7835M
 Large Page Support: Disabled
 NUMA Support: Disabled
 Compressed Oops: Enabled (32-bit)
 Heap Region Size: 1M
 Heap Min Capacity: 256M
 Heap Initial Capacity: 256M
 Heap Max Capacity: 512M
 Pre-touch: Disabled
 Parallel Workers: 8
 Concurrent Workers: 2
 Concurrent Refinement Workers: 8
 Periodic GC: Disabled

Heap:
 garbage-first heap   total 262144K, used 106347K [0x00000000e0000000, 0x0000000100000000)
  region size 1024K, 94 young (96256K), 2 survivors (2048K)
 Metaspace       used 16088K, committed 16512K, reserved 393216K
  class space    used 2248K, committed 2432K, reserved 327680K

Heap Regions: E=young(eden), S=young(survivor), O=old, HS=humongous(starts), HC=humongous(continues), CS=collection set, F=free, TAMS=top-at-mark-start, PB=parsable bottom
|   0|0x00000000e0000000, 0x00000000e0100000, 0x00000000e0100000|100%|HS|  |TAMS 0x00000000e0000000| PB 0x00000000e0000000| Complete 
|   1|0x00000000e0100000, 0x00000000e0200000, 0x00000000e0200000|100%|HC|  |TAMS 0x00000000e0100000| PB 0x00000000e0100000| Complete 
|   2|0x00000000e0200000, 0x00000000e0300000, 0x00000000e0300000|100%|HC|  |TAMS 0x00000000e0200000| PB 0x00000000e0200000| Complete 
|   3|0x00000000e0300000, 0x00000000e0400000, 0x00000000e0400000|100%|HC|  |TAMS 0x00000000e0300000| PB 0x00000000e0300000| Complete 
|   4|0x00000000e0400000, 0x00000000e0500000, 0x00000000e0500000|100%| O|  |TAMS 0x00000000e0400000| PB 0x00000000e0400000| Untracked 
|   5|0x00000000e0500000, 0x00000000e0600000, 0x00000000e0600000|100%| O|  |TAMS 0x00000000e0500000| PB 0x00000000e0500000| Untracked 
|   6|0x00000000e0600000, 0x00000000e0700000, 0x00000000e0700000|100%| O|  |TAMS 0x00000000e0600000| PB 0x00000000e0600000| Untracked 
|   7|0x00000000e0700000, 0x00000000e0800000, 0x00000000e0800000|100%| O|  |TAMS 0x00000000e0700000| PB 0x00000000e0700000| Untracked 
|   8|0x00000000e0800000, 0x00000000e0900000, 0x00000000e0900000|100%| O|  |TAMS 0x00000000e0800000| PB 0x00000000e0800000| Untracked 
|   9|0x00000000e0900000, 0x00000000e0a00000, 0x00000000e0a00000|100%| O|  |TAMS 0x00000000e0900000| PB 0x00000000e0900000| Untracked 
|  10|0x00000000e0a00000, 0x00000000e0a589d8, 0x00000000e0b00000| 34%| O|  |TAMS 0x00000000e0a00000| PB 0x00000000e0a00000| Untracked 
|  11|0x00000000e0b00000, 0x00000000e0c00000, 0x00000000e0c00000|100%|HS|  |TAMS 0x00000000e0b00000| PB 0x00000000e0b00000| Complete 
|  12|0x00000000e0c00000, 0x00000000e0d00000, 0x00000000e0d00000|100%|HS|  |TAMS 0x00000000e0c00000| PB 0x00000000e0c00000| Complete 
|  13|0x00000000e0d00000, 0x00000000e0d00000, 0x00000000e0e00000|  0%| F|  |TAMS 0x00000000e0d00000| PB 0x00000000e0d00000| Untracked 
|  14|0x00000000e0e00000, 0x00000000e0e00000, 0x00000000e0f00000|  0%| F|  |TAMS 0x00000000e0e00000| PB 0x00000000e0e00000| Untracked 
|  15|0x00000000e0f00000, 0x00000000e0f00000, 0x00000000e1000000|  0%| F|  |TAMS 0x00000000e0f00000| PB 0x00000000e0f00000| Untracked 
|  16|0x00000000e1000000, 0x00000000e1000000, 0x00000000e1100000|  0%| F|  |TAMS 0x00000000e1000000| PB 0x00000000e1000000| Untracked 
|  17|0x00000000e1100000, 0x00000000e1100000, 0x00000000e1200000|  0%| F|  |TAMS 0x00000000e1100000| PB 0x00000000e1100000| Untracked 
|  18|0x00000000e1200000, 0x00000000e1200000, 0x00000000e1300000|  0%| F|  |TAMS 0x00000000e1200000| PB 0x00000000e1200000| Untracked 
|  19|0x00000000e1300000, 0x00000000e1300000, 0x00000000e1400000|  0%| F|  |TAMS 0x00000000e1300000| PB 0x00000000e1300000| Untracked 
|  20|0x00000000e1400000, 0x00000000e1400000, 0x00000000e1500000|  0%| F|  |TAMS 0x00000000e1400000| PB 0x00000000e1400000| Untracked 
|  21|0x00000000e1500000, 0x00000000e1500000, 0x00000000e1600000|  0%| F|  |TAMS 0x00000000e1500000| PB 0x00000000e1500000| Untracked 
|  22|0x00000000e1600000, 0x00000000e1600000, 0x00000000e1700000|  0%| F|  |TAMS 0x00000000e1600000| PB 0x00000000e1600000| Untracked 
|  23|0x00000000e1700000, 0x00000000e1700000, 0x00000000e1800000|  0%| F|  |TAMS 0x00000000e1700000| PB 0x00000000e1700000| Untracked 
|  24|0x00000000e1800000, 0x00000000e1800000, 0x00000000e1900000|  0%| F|  |TAMS 0x00000000e1800000| PB 0x00000000e1800000| Untracked 
|  25|0x00000000e1900000, 0x00000000e1900000, 0x00000000e1a00000|  0%| F|  |TAMS 0x00000000e1900000| PB 0x00000000e1900000| Untracked 
|  26|0x00000000e1a00000, 0x00000000e1a00000, 0x00000000e1b00000|  0%| F|  |TAMS 0x00000000e1a00000| PB 0x00000000e1a00000| Untracked 
|  27|0x00000000e1b00000, 0x00000000e1b00000, 0x00000000e1c00000|  0%| F|  |TAMS 0x00000000e1b00000| PB 0x00000000e1b00000| Untracked 
|  28|0x00000000e1c00000, 0x00000000e1c00000, 0x00000000e1d00000|  0%| F|  |TAMS 0x00000000e1c00000| PB 0x00000000e1c00000| Untracked 
|  29|0x00000000e1d00000, 0x00000000e1d00000, 0x00000000e1e00000|  0%| F|  |TAMS 0x00000000e1d00000| PB 0x00000000e1d00000| Untracked 
|  30|0x00000000e1e00000, 0x00000000e1e00000, 0x00000000e1f00000|  0%| F|  |TAMS 0x00000000e1e00000| PB 0x00000000e1e00000| Untracked 
|  31|0x00000000e1f00000, 0x00000000e1f00000, 0x00000000e2000000|  0%| F|  |TAMS 0x00000000e1f00000| PB 0x00000000e1f00000| Untracked 
|  32|0x00000000e2000000, 0x00000000e2000000, 0x00000000e2100000|  0%| F|  |TAMS 0x00000000e2000000| PB 0x00000000e2000000| Untracked 
|  33|0x00000000e2100000, 0x00000000e2100000, 0x00000000e2200000|  0%| F|  |TAMS 0x00000000e2100000| PB 0x00000000e2100000| Untracked 
|  34|0x00000000e2200000, 0x00000000e2200000, 0x00000000e2300000|  0%| F|  |TAMS 0x00000000e2200000| PB 0x00000000e2200000| Untracked 
|  35|0x00000000e2300000, 0x00000000e2300000, 0x00000000e2400000|  0%| F|  |TAMS 0x00000000e2300000| PB 0x00000000e2300000| Untracked 
|  36|0x00000000e2400000, 0x00000000e2400000, 0x00000000e2500000|  0%| F|  |TAMS 0x00000000e2400000| PB 0x00000000e2400000| Untracked 
|  37|0x00000000e2500000, 0x00000000e2500000, 0x00000000e2600000|  0%| F|  |TAMS 0x00000000e2500000| PB 0x00000000e2500000| Untracked 
|  38|0x00000000e2600000, 0x00000000e2600000, 0x00000000e2700000|  0%| F|  |TAMS 0x00000000e2600000| PB 0x00000000e2600000| Untracked 
|  39|0x00000000e2700000, 0x00000000e2700000, 0x00000000e2800000|  0%| F|  |TAMS 0x00000000e2700000| PB 0x00000000e2700000| Untracked 
|  40|0x00000000e2800000, 0x00000000e2800000, 0x00000000e2900000|  0%| F|  |TAMS 0x00000000e2800000| PB 0x00000000e2800000| Untracked 
|  41|0x00000000e2900000, 0x00000000e2900000, 0x00000000e2a00000|  0%| F|  |TAMS 0x00000000e2900000| PB 0x00000000e2900000| Untracked 
|  42|0x00000000e2a00000, 0x00000000e2a00000, 0x00000000e2b00000|  0%| F|  |TAMS 0x00000000e2a00000| PB 0x00000000e2a00000| Untracked 
|  43|0x00000000e2b00000, 0x00000000e2b00000, 0x00000000e2c00000|  0%| F|  |TAMS 0x00000000e2b00000| PB 0x00000000e2b00000| Untracked 
|  44|0x00000000e2c00000, 0x00000000e2c00000, 0x00000000e2d00000|  0%| F|  |TAMS 0x00000000e2c00000| PB 0x00000000e2c00000| Untracked 
|  45|0x00000000e2d00000, 0x00000000e2d00000, 0x00000000e2e00000|  0%| F|  |TAMS 0x00000000e2d00000| PB 0x00000000e2d00000| Untracked 
|  46|0x00000000e2e00000, 0x00000000e2e00000, 0x00000000e2f00000|  0%| F|  |TAMS 0x00000000e2e00000| PB 0x00000000e2e00000| Untracked 
|  47|0x00000000e2f00000, 0x00000000e2f00000, 0x00000000e3000000|  0%| F|  |TAMS 0x00000000e2f00000| PB 0x00000000e2f00000| Untracked 
|  48|0x00000000e3000000, 0x00000000e3000000, 0x00000000e3100000|  0%| F|  |TAMS 0x00000000e3000000| PB 0x00000000e3000000| Untracked 
|  49|0x00000000e3100000, 0x00000000e3100000, 0x00000000e3200000|  0%| F|  |TAMS 0x00000000e3100000| PB 0x00000000e3100000| Untracked 
|  50|0x00000000e3200000, 0x00000000e3200000, 0x00000000e3300000|  0%| F|  |TAMS 0x00000000e3200000| PB 0x00000000e3200000| Untracked 
|  51|0x00000000e3300000, 0x00000000e3300000, 0x00000000e3400000|  0%| F|  |TAMS 0x00000000e3300000| PB 0x00000000e3300000| Untracked 
|  52|0x00000000e3400000, 0x00000000e3400000, 0x00000000e3500000|  0%| F|  |TAMS 0x00000000e3400000| PB 0x00000000e3400000| Untracked 
|  53|0x00000000e3500000, 0x00000000e3500000, 0x00000000e3600000|  0%| F|  |TAMS 0x00000000e3500000| PB 0x00000000e3500000| Untracked 
|  54|0x00000000e3600000, 0x00000000e3600000, 0x00000000e3700000|  0%| F|  |TAMS 0x00000000e3600000| PB 0x00000000e3600000| Untracked 
|  55|0x00000000e3700000, 0x00000000e3700000, 0x00000000e3800000|  0%| F|  |TAMS 0x00000000e3700000| PB 0x00000000e3700000| Untracked 
|  56|0x00000000e3800000, 0x00000000e3800000, 0x00000000e3900000|  0%| F|  |TAMS 0x00000000e3800000| PB 0x00000000e3800000| Untracked 
|  57|0x00000000e3900000, 0x00000000e3900000, 0x00000000e3a00000|  0%| F|  |TAMS 0x00000000e3900000| PB 0x00000000e3900000| Untracked 
|  58|0x00000000e3a00000, 0x00000000e3a00000, 0x00000000e3b00000|  0%| F|  |TAMS 0x00000000e3a00000| PB 0x00000000e3a00000| Untracked 
|  59|0x00000000e3b00000, 0x00000000e3b00000, 0x00000000e3c00000|  0%| F|  |TAMS 0x00000000e3b00000| PB 0x00000000e3b00000| Untracked 
|  60|0x00000000e3c00000, 0x00000000e3c00000, 0x00000000e3d00000|  0%| F|  |TAMS 0x00000000e3c00000| PB 0x00000000e3c00000| Untracked 
|  61|0x00000000e3d00000, 0x00000000e3d00000, 0x00000000e3e00000|  0%| F|  |TAMS 0x00000000e3d00000| PB 0x00000000e3d00000| Untracked 
|  62|0x00000000e3e00000, 0x00000000e3e00000, 0x00000000e3f00000|  0%| F|  |TAMS 0x00000000e3e00000| PB 0x00000000e3e00000| Untracked 
|  63|0x00000000e3f00000, 0x00000000e3f00000, 0x00000000e4000000|  0%| F|  |TAMS 0x00000000e3f00000| PB 0x00000000e3f00000| Untracked 
|  64|0x00000000e4000000, 0x00000000e4000000, 0x00000000e4100000|  0%| F|  |TAMS 0x00000000e4000000| PB 0x00000000e4000000| Untracked 
|  65|0x00000000e4100000, 0x00000000e4100000, 0x00000000e4200000|  0%| F|  |TAMS 0x00000000e4100000| PB 0x00000000e4100000| Untracked 
|  66|0x00000000e4200000, 0x00000000e4200000, 0x00000000e4300000|  0%| F|  |TAMS 0x00000000e4200000| PB 0x00000000e4200000| Untracked 
|  67|0x00000000e4300000, 0x00000000e4300000, 0x00000000e4400000|  0%| F|  |TAMS 0x00000000e4300000| PB 0x00000000e4300000| Untracked 
|  68|0x00000000e4400000, 0x00000000e4400000, 0x00000000e4500000|  0%| F|  |TAMS 0x00000000e4400000| PB 0x00000000e4400000| Untracked 
|  69|0x00000000e4500000, 0x00000000e4500000, 0x00000000e4600000|  0%| F|  |TAMS 0x00000000e4500000| PB 0x00000000e4500000| Untracked 
|  70|0x00000000e4600000, 0x00000000e4600000, 0x00000000e4700000|  0%| F|  |TAMS 0x00000000e4600000| PB 0x00000000e4600000| Untracked 
|  71|0x00000000e4700000, 0x00000000e4700000, 0x00000000e4800000|  0%| F|  |TAMS 0x00000000e4700000| PB 0x00000000e4700000| Untracked 
|  72|0x00000000e4800000, 0x00000000e4800000, 0x00000000e4900000|  0%| F|  |TAMS 0x00000000e4800000| PB 0x00000000e4800000| Untracked 
|  73|0x00000000e4900000, 0x00000000e4900000, 0x00000000e4a00000|  0%| F|  |TAMS 0x00000000e4900000| PB 0x00000000e4900000| Untracked 
|  74|0x00000000e4a00000, 0x00000000e4a00000, 0x00000000e4b00000|  0%| F|  |TAMS 0x00000000e4a00000| PB 0x00000000e4a00000| Untracked 
|  75|0x00000000e4b00000, 0x00000000e4b00000, 0x00000000e4c00000|  0%| F|  |TAMS 0x00000000e4b00000| PB 0x00000000e4b00000| Untracked 
|  76|0x00000000e4c00000, 0x00000000e4c00000, 0x00000000e4d00000|  0%| F|  |TAMS 0x00000000e4c00000| PB 0x00000000e4c00000| Untracked 
|  77|0x00000000e4d00000, 0x00000000e4d00000, 0x00000000e4e00000|  0%| F|  |TAMS 0x00000000e4d00000| PB 0x00000000e4d00000| Untracked 
|  78|0x00000000e4e00000, 0x00000000e4e00000, 0x00000000e4f00000|  0%| F|  |TAMS 0x00000000e4e00000| PB 0x00000000e4e00000| Untracked 
|  79|0x00000000e4f00000, 0x00000000e4f00000, 0x00000000e5000000|  0%| F|  |TAMS 0x00000000e4f00000| PB 0x00000000e4f00000| Untracked 
|  80|0x00000000e5000000, 0x00000000e5000000, 0x00000000e5100000|  0%| F|  |TAMS 0x00000000e5000000| PB 0x00000000e5000000| Untracked 
|  81|0x00000000e5100000, 0x00000000e5100000, 0x00000000e5200000|  0%| F|  |TAMS 0x00000000e5100000| PB 0x00000000e5100000| Untracked 
|  82|0x00000000e5200000, 0x00000000e5200000, 0x00000000e5300000|  0%| F|  |TAMS 0x00000000e5200000| PB 0x00000000e5200000| Untracked 
|  83|0x00000000e5300000, 0x00000000e5300000, 0x00000000e5400000|  0%| F|  |TAMS 0x00000000e5300000| PB 0x00000000e5300000| Untracked 
|  84|0x00000000e5400000, 0x00000000e5400000, 0x00000000e5500000|  0%| F|  |TAMS 0x00000000e5400000| PB 0x00000000e5400000| Untracked 
|  85|0x00000000e5500000, 0x00000000e5500000, 0x00000000e5600000|  0%| F|  |TAMS 0x00000000e5500000| PB 0x00000000e5500000| Untracked 
|  86|0x00000000e5600000, 0x00000000e5600000, 0x00000000e5700000|  0%| F|  |TAMS 0x00000000e5600000| PB 0x00000000e5600000| Untracked 
|  87|0x00000000e5700000, 0x00000000e5700000, 0x00000000e5800000|  0%| F|  |TAMS 0x00000000e5700000| PB 0x00000000e5700000| Untracked 
|  88|0x00000000e5800000, 0x00000000e5800000, 0x00000000e5900000|  0%| F|  |TAMS 0x00000000e5800000| PB 0x00000000e5800000| Untracked 
|  89|0x00000000e5900000, 0x00000000e5900000, 0x00000000e5a00000|  0%| F|  |TAMS 0x00000000e5900000| PB 0x00000000e5900000| Untracked 
|  90|0x00000000e5a00000, 0x00000000e5a00000, 0x00000000e5b00000|  0%| F|  |TAMS 0x00000000e5a00000| PB 0x00000000e5a00000| Untracked 
|  91|0x00000000e5b00000, 0x00000000e5b00000, 0x00000000e5c00000|  0%| F|  |TAMS 0x00000000e5b00000| PB 0x00000000e5b00000| Untracked 
|  92|0x00000000e5c00000, 0x00000000e5c00000, 0x00000000e5d00000|  0%| F|  |TAMS 0x00000000e5c00000| PB 0x00000000e5c00000| Untracked 
|  93|0x00000000e5d00000, 0x00000000e5d00000, 0x00000000e5e00000|  0%| F|  |TAMS 0x00000000e5d00000| PB 0x00000000e5d00000| Untracked 
|  94|0x00000000e5e00000, 0x00000000e5e00000, 0x00000000e5f00000|  0%| F|  |TAMS 0x00000000e5e00000| PB 0x00000000e5e00000| Untracked 
|  95|0x00000000e5f00000, 0x00000000e5f00000, 0x00000000e6000000|  0%| F|  |TAMS 0x00000000e5f00000| PB 0x00000000e5f00000| Untracked 
|  96|0x00000000e6000000, 0x00000000e6000000, 0x00000000e6100000|  0%| F|  |TAMS 0x00000000e6000000| PB 0x00000000e6000000| Untracked 
|  97|0x00000000e6100000, 0x00000000e6100000, 0x00000000e6200000|  0%| F|  |TAMS 0x00000000e6100000| PB 0x00000000e6100000| Untracked 
|  98|0x00000000e6200000, 0x00000000e6200000, 0x00000000e6300000|  0%| F|  |TAMS 0x00000000e6200000| PB 0x00000000e6200000| Untracked 
|  99|0x00000000e6300000, 0x00000000e6300000, 0x00000000e6400000|  0%| F|  |TAMS 0x00000000e6300000| PB 0x00000000e6300000| Untracked 
| 100|0x00000000e6400000, 0x00000000e6400000, 0x00000000e6500000|  0%| F|  |TAMS 0x00000000e6400000| PB 0x00000000e6400000| Untracked 
| 101|0x00000000e6500000, 0x00000000e6500000, 0x00000000e6600000|  0%| F|  |TAMS 0x00000000e6500000| PB 0x00000000e6500000| Untracked 
| 102|0x00000000e6600000, 0x00000000e6600000, 0x00000000e6700000|  0%| F|  |TAMS 0x00000000e6600000| PB 0x00000000e6600000| Untracked 
| 103|0x00000000e6700000, 0x00000000e6700000, 0x00000000e6800000|  0%| F|  |TAMS 0x00000000e6700000| PB 0x00000000e6700000| Untracked 
| 104|0x00000000e6800000, 0x00000000e6800000, 0x00000000e6900000|  0%| F|  |TAMS 0x00000000e6800000| PB 0x00000000e6800000| Untracked 
| 105|0x00000000e6900000, 0x00000000e6900000, 0x00000000e6a00000|  0%| F|  |TAMS 0x00000000e6900000| PB 0x00000000e6900000| Untracked 
| 106|0x00000000e6a00000, 0x00000000e6a00000, 0x00000000e6b00000|  0%| F|  |TAMS 0x00000000e6a00000| PB 0x00000000e6a00000| Untracked 
| 107|0x00000000e6b00000, 0x00000000e6b00000, 0x00000000e6c00000|  0%| F|  |TAMS 0x00000000e6b00000| PB 0x00000000e6b00000| Untracked 
| 108|0x00000000e6c00000, 0x00000000e6c00000, 0x00000000e6d00000|  0%| F|  |TAMS 0x00000000e6c00000| PB 0x00000000e6c00000| Untracked 
| 109|0x00000000e6d00000, 0x00000000e6d00000, 0x00000000e6e00000|  0%| F|  |TAMS 0x00000000e6d00000| PB 0x00000000e6d00000| Untracked 
| 110|0x00000000e6e00000, 0x00000000e6e00000, 0x00000000e6f00000|  0%| F|  |TAMS 0x00000000e6e00000| PB 0x00000000e6e00000| Untracked 
| 111|0x00000000e6f00000, 0x00000000e6f00000, 0x00000000e7000000|  0%| F|  |TAMS 0x00000000e6f00000| PB 0x00000000e6f00000| Untracked 
| 112|0x00000000e7000000, 0x00000000e7000000, 0x00000000e7100000|  0%| F|  |TAMS 0x00000000e7000000| PB 0x00000000e7000000| Untracked 
| 113|0x00000000e7100000, 0x00000000e7100000, 0x00000000e7200000|  0%| F|  |TAMS 0x00000000e7100000| PB 0x00000000e7100000| Untracked 
| 114|0x00000000e7200000, 0x00000000e7200000, 0x00000000e7300000|  0%| F|  |TAMS 0x00000000e7200000| PB 0x00000000e7200000| Untracked 
| 115|0x00000000e7300000, 0x00000000e7300000, 0x00000000e7400000|  0%| F|  |TAMS 0x00000000e7300000| PB 0x00000000e7300000| Untracked 
| 116|0x00000000e7400000, 0x00000000e7400000, 0x00000000e7500000|  0%| F|  |TAMS 0x00000000e7400000| PB 0x00000000e7400000| Untracked 
| 117|0x00000000e7500000, 0x00000000e7500000, 0x00000000e7600000|  0%| F|  |TAMS 0x00000000e7500000| PB 0x00000000e7500000| Untracked 
| 118|0x00000000e7600000, 0x00000000e7600000, 0x00000000e7700000|  0%| F|  |TAMS 0x00000000e7600000| PB 0x00000000e7600000| Untracked 
| 119|0x00000000e7700000, 0x00000000e7700000, 0x00000000e7800000|  0%| F|  |TAMS 0x00000000e7700000| PB 0x00000000e7700000| Untracked 
| 120|0x00000000e7800000, 0x00000000e7800000, 0x00000000e7900000|  0%| F|  |TAMS 0x00000000e7800000| PB 0x00000000e7800000| Untracked 
| 121|0x00000000e7900000, 0x00000000e7900000, 0x00000000e7a00000|  0%| F|  |TAMS 0x00000000e7900000| PB 0x00000000e7900000| Untracked 
| 122|0x00000000e7a00000, 0x00000000e7a00000, 0x00000000e7b00000|  0%| F|  |TAMS 0x00000000e7a00000| PB 0x00000000e7a00000| Untracked 
| 123|0x00000000e7b00000, 0x00000000e7b00000, 0x00000000e7c00000|  0%| F|  |TAMS 0x00000000e7b00000| PB 0x00000000e7b00000| Untracked 
| 124|0x00000000e7c00000, 0x00000000e7c00000, 0x00000000e7d00000|  0%| F|  |TAMS 0x00000000e7c00000| PB 0x00000000e7c00000| Untracked 
| 125|0x00000000e7d00000, 0x00000000e7d00000, 0x00000000e7e00000|  0%| F|  |TAMS 0x00000000e7d00000| PB 0x00000000e7d00000| Untracked 
| 126|0x00000000e7e00000, 0x00000000e7e00000, 0x00000000e7f00000|  0%| F|  |TAMS 0x00000000e7e00000| PB 0x00000000e7e00000| Untracked 
| 127|0x00000000e7f00000, 0x00000000e7f00000, 0x00000000e8000000|  0%| F|  |TAMS 0x00000000e7f00000| PB 0x00000000e7f00000| Untracked 
| 128|0x00000000e8000000, 0x00000000e8000000, 0x00000000e8100000|  0%| F|  |TAMS 0x00000000e8000000| PB 0x00000000e8000000| Untracked 
| 129|0x00000000e8100000, 0x00000000e8100000, 0x00000000e8200000|  0%| F|  |TAMS 0x00000000e8100000| PB 0x00000000e8100000| Untracked 
| 130|0x00000000e8200000, 0x00000000e8200000, 0x00000000e8300000|  0%| F|  |TAMS 0x00000000e8200000| PB 0x00000000e8200000| Untracked 
| 131|0x00000000e8300000, 0x00000000e8300000, 0x00000000e8400000|  0%| F|  |TAMS 0x00000000e8300000| PB 0x00000000e8300000| Untracked 
| 132|0x00000000e8400000, 0x00000000e8400000, 0x00000000e8500000|  0%| F|  |TAMS 0x00000000e8400000| PB 0x00000000e8400000| Untracked 
| 133|0x00000000e8500000, 0x00000000e8500000, 0x00000000e8600000|  0%| F|  |TAMS 0x00000000e8500000| PB 0x00000000e8500000| Untracked 
| 134|0x00000000e8600000, 0x00000000e8600000, 0x00000000e8700000|  0%| F|  |TAMS 0x00000000e8600000| PB 0x00000000e8600000| Untracked 
| 135|0x00000000e8700000, 0x00000000e8700000, 0x00000000e8800000|  0%| F|  |TAMS 0x00000000e8700000| PB 0x00000000e8700000| Untracked 
| 136|0x00000000e8800000, 0x00000000e8800000, 0x00000000e8900000|  0%| F|  |TAMS 0x00000000e8800000| PB 0x00000000e8800000| Untracked 
| 137|0x00000000e8900000, 0x00000000e8900000, 0x00000000e8a00000|  0%| F|  |TAMS 0x00000000e8900000| PB 0x00000000e8900000| Untracked 
| 138|0x00000000e8a00000, 0x00000000e8a00000, 0x00000000e8b00000|  0%| F|  |TAMS 0x00000000e8a00000| PB 0x00000000e8a00000| Untracked 
| 139|0x00000000e8b00000, 0x00000000e8b00000, 0x00000000e8c00000|  0%| F|  |TAMS 0x00000000e8b00000| PB 0x00000000e8b00000| Untracked 
| 140|0x00000000e8c00000, 0x00000000e8c00000, 0x00000000e8d00000|  0%| F|  |TAMS 0x00000000e8c00000| PB 0x00000000e8c00000| Untracked 
| 141|0x00000000e8d00000, 0x00000000e8d00000, 0x00000000e8e00000|  0%| F|  |TAMS 0x00000000e8d00000| PB 0x00000000e8d00000| Untracked 
| 142|0x00000000e8e00000, 0x00000000e8e00000, 0x00000000e8f00000|  0%| F|  |TAMS 0x00000000e8e00000| PB 0x00000000e8e00000| Untracked 
| 143|0x00000000e8f00000, 0x00000000e8f00000, 0x00000000e9000000|  0%| F|  |TAMS 0x00000000e8f00000| PB 0x00000000e8f00000| Untracked 
| 144|0x00000000e9000000, 0x00000000e9000000, 0x00000000e9100000|  0%| F|  |TAMS 0x00000000e9000000| PB 0x00000000e9000000| Untracked 
| 145|0x00000000e9100000, 0x00000000e9100000, 0x00000000e9200000|  0%| F|  |TAMS 0x00000000e9100000| PB 0x00000000e9100000| Untracked 
| 146|0x00000000e9200000, 0x00000000e9200000, 0x00000000e9300000|  0%| F|  |TAMS 0x00000000e9200000| PB 0x00000000e9200000| Untracked 
| 147|0x00000000e9300000, 0x00000000e9300000, 0x00000000e9400000|  0%| F|  |TAMS 0x00000000e9300000| PB 0x00000000e9300000| Untracked 
| 148|0x00000000e9400000, 0x00000000e9400000, 0x00000000e9500000|  0%| F|  |TAMS 0x00000000e9400000| PB 0x00000000e9400000| Untracked 
| 149|0x00000000e9500000, 0x00000000e9500000, 0x00000000e9600000|  0%| F|  |TAMS 0x00000000e9500000| PB 0x00000000e9500000| Untracked 
| 150|0x00000000e9600000, 0x00000000e9600000, 0x00000000e9700000|  0%| F|  |TAMS 0x00000000e9600000| PB 0x00000000e9600000| Untracked 
| 151|0x00000000e9700000, 0x00000000e9700000, 0x00000000e9800000|  0%| F|  |TAMS 0x00000000e9700000| PB 0x00000000e9700000| Untracked 
| 152|0x00000000e9800000, 0x00000000e9800000, 0x00000000e9900000|  0%| F|  |TAMS 0x00000000e9800000| PB 0x00000000e9800000| Untracked 
| 153|0x00000000e9900000, 0x00000000e9900000, 0x00000000e9a00000|  0%| F|  |TAMS 0x00000000e9900000| PB 0x00000000e9900000| Untracked 
| 154|0x00000000e9a00000, 0x00000000e9a00000, 0x00000000e9b00000|  0%| F|  |TAMS 0x00000000e9a00000| PB 0x00000000e9a00000| Untracked 
| 155|0x00000000e9b00000, 0x00000000e9b00000, 0x00000000e9c00000|  0%| F|  |TAMS 0x00000000e9b00000| PB 0x00000000e9b00000| Untracked 
| 156|0x00000000e9c00000, 0x00000000e9c00000, 0x00000000e9d00000|  0%| F|  |TAMS 0x00000000e9c00000| PB 0x00000000e9c00000| Untracked 
| 157|0x00000000e9d00000, 0x00000000e9d00000, 0x00000000e9e00000|  0%| F|  |TAMS 0x00000000e9d00000| PB 0x00000000e9d00000| Untracked 
| 158|0x00000000e9e00000, 0x00000000e9e00000, 0x00000000e9f00000|  0%| F|  |TAMS 0x00000000e9e00000| PB 0x00000000e9e00000| Untracked 
| 159|0x00000000e9f00000, 0x00000000e9f00000, 0x00000000ea000000|  0%| F|  |TAMS 0x00000000e9f00000| PB 0x00000000e9f00000| Untracked 
| 160|0x00000000ea000000, 0x00000000ea000000, 0x00000000ea100000|  0%| F|  |TAMS 0x00000000ea000000| PB 0x00000000ea000000| Untracked 
| 161|0x00000000ea100000, 0x00000000ea100000, 0x00000000ea200000|  0%| F|  |TAMS 0x00000000ea100000| PB 0x00000000ea100000| Untracked 
| 162|0x00000000ea200000, 0x00000000ea280000, 0x00000000ea300000| 50%| E|  |TAMS 0x00000000ea200000| PB 0x00000000ea200000| Complete 
| 163|0x00000000ea300000, 0x00000000ea400000, 0x00000000ea400000|100%| E|CS|TAMS 0x00000000ea300000| PB 0x00000000ea300000| Complete 
| 164|0x00000000ea400000, 0x00000000ea500000, 0x00000000ea500000|100%| E|CS|TAMS 0x00000000ea400000| PB 0x00000000ea400000| Complete 
| 165|0x00000000ea500000, 0x00000000ea600000, 0x00000000ea600000|100%| E|CS|TAMS 0x00000000ea500000| PB 0x00000000ea500000| Complete 
| 166|0x00000000ea600000, 0x00000000ea700000, 0x00000000ea700000|100%| E|CS|TAMS 0x00000000ea600000| PB 0x00000000ea600000| Complete 
| 167|0x00000000ea700000, 0x00000000ea800000, 0x00000000ea800000|100%| E|CS|TAMS 0x00000000ea700000| PB 0x00000000ea700000| Complete 
| 168|0x00000000ea800000, 0x00000000ea900000, 0x00000000ea900000|100%| E|CS|TAMS 0x00000000ea800000| PB 0x00000000ea800000| Complete 
| 169|0x00000000ea900000, 0x00000000eaa00000, 0x00000000eaa00000|100%| E|CS|TAMS 0x00000000ea900000| PB 0x00000000ea900000| Complete 
| 170|0x00000000eaa00000, 0x00000000eab00000, 0x00000000eab00000|100%| E|CS|TAMS 0x00000000eaa00000| PB 0x00000000eaa00000| Complete 
| 171|0x00000000eab00000, 0x00000000eac00000, 0x00000000eac00000|100%| E|CS|TAMS 0x00000000eab00000| PB 0x00000000eab00000| Complete 
| 172|0x00000000eac00000, 0x00000000ead00000, 0x00000000ead00000|100%| E|CS|TAMS 0x00000000eac00000| PB 0x00000000eac00000| Complete 
| 173|0x00000000ead00000, 0x00000000eae00000, 0x00000000eae00000|100%| E|CS|TAMS 0x00000000ead00000| PB 0x00000000ead00000| Complete 
| 174|0x00000000eae00000, 0x00000000eaf00000, 0x00000000eaf00000|100%| E|CS|TAMS 0x00000000eae00000| PB 0x00000000eae00000| Complete 
| 175|0x00000000eaf00000, 0x00000000eb000000, 0x00000000eb000000|100%| E|CS|TAMS 0x00000000eaf00000| PB 0x00000000eaf00000| Complete 
| 176|0x00000000eb000000, 0x00000000eb100000, 0x00000000eb100000|100%| E|CS|TAMS 0x00000000eb000000| PB 0x00000000eb000000| Complete 
| 177|0x00000000eb100000, 0x00000000eb200000, 0x00000000eb200000|100%| E|CS|TAMS 0x00000000eb100000| PB 0x00000000eb100000| Complete 
| 178|0x00000000eb200000, 0x00000000eb300000, 0x00000000eb300000|100%| E|CS|TAMS 0x00000000eb200000| PB 0x00000000eb200000| Complete 
| 179|0x00000000eb300000, 0x00000000eb400000, 0x00000000eb400000|100%| E|CS|TAMS 0x00000000eb300000| PB 0x00000000eb300000| Complete 
| 180|0x00000000eb400000, 0x00000000eb500000, 0x00000000eb500000|100%| E|CS|TAMS 0x00000000eb400000| PB 0x00000000eb400000| Complete 
| 181|0x00000000eb500000, 0x00000000eb600000, 0x00000000eb600000|100%| E|CS|TAMS 0x00000000eb500000| PB 0x00000000eb500000| Complete 
| 182|0x00000000eb600000, 0x00000000eb700000, 0x00000000eb700000|100%| E|CS|TAMS 0x00000000eb600000| PB 0x00000000eb600000| Complete 
| 183|0x00000000eb700000, 0x00000000eb800000, 0x00000000eb800000|100%| E|CS|TAMS 0x00000000eb700000| PB 0x00000000eb700000| Complete 
| 184|0x00000000eb800000, 0x00000000eb900000, 0x00000000eb900000|100%| E|CS|TAMS 0x00000000eb800000| PB 0x00000000eb800000| Complete 
| 185|0x00000000eb900000, 0x00000000eba00000, 0x00000000eba00000|100%| E|CS|TAMS 0x00000000eb900000| PB 0x00000000eb900000| Complete 
| 186|0x00000000eba00000, 0x00000000ebb00000, 0x00000000ebb00000|100%| E|CS|TAMS 0x00000000eba00000| PB 0x00000000eba00000| Complete 
| 187|0x00000000ebb00000, 0x00000000ebc00000, 0x00000000ebc00000|100%| E|CS|TAMS 0x00000000ebb00000| PB 0x00000000ebb00000| Complete 
| 188|0x00000000ebc00000, 0x00000000ebd00000, 0x00000000ebd00000|100%| E|CS|TAMS 0x00000000ebc00000| PB 0x00000000ebc00000| Complete 
| 189|0x00000000ebd00000, 0x00000000ebe00000, 0x00000000ebe00000|100%| E|CS|TAMS 0x00000000ebd00000| PB 0x00000000ebd00000| Complete 
| 190|0x00000000ebe00000, 0x00000000ebf00000, 0x00000000ebf00000|100%| E|CS|TAMS 0x00000000ebe00000| PB 0x00000000ebe00000| Complete 
| 191|0x00000000ebf00000, 0x00000000ec000000, 0x00000000ec000000|100%| E|CS|TAMS 0x00000000ebf00000| PB 0x00000000ebf00000| Complete 
| 192|0x00000000ec000000, 0x00000000ec100000, 0x00000000ec100000|100%| E|CS|TAMS 0x00000000ec000000| PB 0x00000000ec000000| Complete 
| 193|0x00000000ec100000, 0x00000000ec200000, 0x00000000ec200000|100%| E|CS|TAMS 0x00000000ec100000| PB 0x00000000ec100000| Complete 
| 194|0x00000000ec200000, 0x00000000ec300000, 0x00000000ec300000|100%| E|CS|TAMS 0x00000000ec200000| PB 0x00000000ec200000| Complete 
| 195|0x00000000ec300000, 0x00000000ec400000, 0x00000000ec400000|100%| E|CS|TAMS 0x00000000ec300000| PB 0x00000000ec300000| Complete 
| 196|0x00000000ec400000, 0x00000000ec500000, 0x00000000ec500000|100%| E|CS|TAMS 0x00000000ec400000| PB 0x00000000ec400000| Complete 
| 197|0x00000000ec500000, 0x00000000ec600000, 0x00000000ec600000|100%| E|CS|TAMS 0x00000000ec500000| PB 0x00000000ec500000| Complete 
| 198|0x00000000ec600000, 0x00000000ec700000, 0x00000000ec700000|100%| E|CS|TAMS 0x00000000ec600000| PB 0x00000000ec600000| Complete 
| 199|0x00000000ec700000, 0x00000000ec800000, 0x00000000ec800000|100%| E|CS|TAMS 0x00000000ec700000| PB 0x00000000ec700000| Complete 
| 200|0x00000000ec800000, 0x00000000ec900000, 0x00000000ec900000|100%| E|CS|TAMS 0x00000000ec800000| PB 0x00000000ec800000| Complete 
| 201|0x00000000ec900000, 0x00000000eca00000, 0x00000000eca00000|100%| E|CS|TAMS 0x00000000ec900000| PB 0x00000000ec900000| Complete 
| 202|0x00000000eca00000, 0x00000000ecb00000, 0x00000000ecb00000|100%| E|CS|TAMS 0x00000000eca00000| PB 0x00000000eca00000| Complete 
| 203|0x00000000ecb00000, 0x00000000ecc00000, 0x00000000ecc00000|100%| E|CS|TAMS 0x00000000ecb00000| PB 0x00000000ecb00000| Complete 
| 204|0x00000000ecc00000, 0x00000000ecd00000, 0x00000000ecd00000|100%| E|CS|TAMS 0x00000000ecc00000| PB 0x00000000ecc00000| Complete 
| 205|0x00000000ecd00000, 0x00000000ece00000, 0x00000000ece00000|100%| E|CS|TAMS 0x00000000ecd00000| PB 0x00000000ecd00000| Complete 
| 206|0x00000000ece00000, 0x00000000ecf00000, 0x00000000ecf00000|100%| E|CS|TAMS 0x00000000ece00000| PB 0x00000000ece00000| Complete 
| 207|0x00000000ecf00000, 0x00000000ed000000, 0x00000000ed000000|100%| E|CS|TAMS 0x00000000ecf00000| PB 0x00000000ecf00000| Complete 
| 208|0x00000000ed000000, 0x00000000ed100000, 0x00000000ed100000|100%| E|CS|TAMS 0x00000000ed000000| PB 0x00000000ed000000| Complete 
| 209|0x00000000ed100000, 0x00000000ed200000, 0x00000000ed200000|100%| E|CS|TAMS 0x00000000ed100000| PB 0x00000000ed100000| Complete 
| 210|0x00000000ed200000, 0x00000000ed300000, 0x00000000ed300000|100%| E|CS|TAMS 0x00000000ed200000| PB 0x00000000ed200000| Complete 
| 211|0x00000000ed300000, 0x00000000ed400000, 0x00000000ed400000|100%| E|CS|TAMS 0x00000000ed300000| PB 0x00000000ed300000| Complete 
| 212|0x00000000ed400000, 0x00000000ed500000, 0x00000000ed500000|100%| E|CS|TAMS 0x00000000ed400000| PB 0x00000000ed400000| Complete 
| 213|0x00000000ed500000, 0x00000000ed600000, 0x00000000ed600000|100%| E|CS|TAMS 0x00000000ed500000| PB 0x00000000ed500000| Complete 
| 214|0x00000000ed600000, 0x00000000ed700000, 0x00000000ed700000|100%| E|CS|TAMS 0x00000000ed600000| PB 0x00000000ed600000| Complete 
| 215|0x00000000ed700000, 0x00000000ed800000, 0x00000000ed800000|100%| E|CS|TAMS 0x00000000ed700000| PB 0x00000000ed700000| Complete 
| 216|0x00000000ed800000, 0x00000000ed900000, 0x00000000ed900000|100%| E|CS|TAMS 0x00000000ed800000| PB 0x00000000ed800000| Complete 
| 217|0x00000000ed900000, 0x00000000eda00000, 0x00000000eda00000|100%| E|CS|TAMS 0x00000000ed900000| PB 0x00000000ed900000| Complete 
| 218|0x00000000eda00000, 0x00000000edb00000, 0x00000000edb00000|100%| E|CS|TAMS 0x00000000eda00000| PB 0x00000000eda00000| Complete 
| 219|0x00000000edb00000, 0x00000000edc00000, 0x00000000edc00000|100%| E|CS|TAMS 0x00000000edb00000| PB 0x00000000edb00000| Complete 
| 220|0x00000000edc00000, 0x00000000edd00000, 0x00000000edd00000|100%| E|CS|TAMS 0x00000000edc00000| PB 0x00000000edc00000| Complete 
| 221|0x00000000edd00000, 0x00000000edd823d8, 0x00000000ede00000| 50%| S|CS|TAMS 0x00000000edd00000| PB 0x00000000edd00000| Complete 
| 222|0x00000000ede00000, 0x00000000edf00000, 0x00000000edf00000|100%| S|CS|TAMS 0x00000000ede00000| PB 0x00000000ede00000| Complete 
| 223|0x00000000edf00000, 0x00000000ee000000, 0x00000000ee000000|100%| E|CS|TAMS 0x00000000edf00000| PB 0x00000000edf00000| Complete 
| 224|0x00000000ee000000, 0x00000000ee100000, 0x00000000ee100000|100%| E|CS|TAMS 0x00000000ee000000| PB 0x00000000ee000000| Complete 
| 225|0x00000000ee100000, 0x00000000ee200000, 0x00000000ee200000|100%| E|CS|TAMS 0x00000000ee100000| PB 0x00000000ee100000| Complete 
| 226|0x00000000ee200000, 0x00000000ee300000, 0x00000000ee300000|100%| E|CS|TAMS 0x00000000ee200000| PB 0x00000000ee200000| Complete 
| 227|0x00000000ee300000, 0x00000000ee400000, 0x00000000ee400000|100%| E|CS|TAMS 0x00000000ee300000| PB 0x00000000ee300000| Complete 
| 228|0x00000000ee400000, 0x00000000ee500000, 0x00000000ee500000|100%| E|CS|TAMS 0x00000000ee400000| PB 0x00000000ee400000| Complete 
| 229|0x00000000ee500000, 0x00000000ee600000, 0x00000000ee600000|100%| E|CS|TAMS 0x00000000ee500000| PB 0x00000000ee500000| Complete 
| 230|0x00000000ee600000, 0x00000000ee700000, 0x00000000ee700000|100%| E|CS|TAMS 0x00000000ee600000| PB 0x00000000ee600000| Complete 
| 231|0x00000000ee700000, 0x00000000ee800000, 0x00000000ee800000|100%| E|CS|TAMS 0x00000000ee700000| PB 0x00000000ee700000| Complete 
| 232|0x00000000ee800000, 0x00000000ee900000, 0x00000000ee900000|100%| E|CS|TAMS 0x00000000ee800000| PB 0x00000000ee800000| Complete 
| 233|0x00000000ee900000, 0x00000000eea00000, 0x00000000eea00000|100%| E|  |TAMS 0x00000000ee900000| PB 0x00000000ee900000| Complete 
| 234|0x00000000eea00000, 0x00000000eeb00000, 0x00000000eeb00000|100%| E|CS|TAMS 0x00000000eea00000| PB 0x00000000eea00000| Complete 
| 235|0x00000000eeb00000, 0x00000000eec00000, 0x00000000eec00000|100%| E|CS|TAMS 0x00000000eeb00000| PB 0x00000000eeb00000| Complete 
| 236|0x00000000eec00000, 0x00000000eed00000, 0x00000000eed00000|100%| E|CS|TAMS 0x00000000eec00000| PB 0x00000000eec00000| Complete 
| 237|0x00000000eed00000, 0x00000000eee00000, 0x00000000eee00000|100%| E|CS|TAMS 0x00000000eed00000| PB 0x00000000eed00000| Complete 
| 238|0x00000000eee00000, 0x00000000eef00000, 0x00000000eef00000|100%| E|CS|TAMS 0x00000000eee00000| PB 0x00000000eee00000| Complete 
| 239|0x00000000eef00000, 0x00000000ef000000, 0x00000000ef000000|100%| E|CS|TAMS 0x00000000eef00000| PB 0x00000000eef00000| Complete 
| 240|0x00000000ef000000, 0x00000000ef100000, 0x00000000ef100000|100%| E|CS|TAMS 0x00000000ef000000| PB 0x00000000ef000000| Complete 
| 241|0x00000000ef100000, 0x00000000ef200000, 0x00000000ef200000|100%| E|CS|TAMS 0x00000000ef100000| PB 0x00000000ef100000| Complete 
| 242|0x00000000ef200000, 0x00000000ef300000, 0x00000000ef300000|100%| E|CS|TAMS 0x00000000ef200000| PB 0x00000000ef200000| Complete 
| 243|0x00000000ef300000, 0x00000000ef400000, 0x00000000ef400000|100%| E|CS|TAMS 0x00000000ef300000| PB 0x00000000ef300000| Complete 
| 244|0x00000000ef400000, 0x00000000ef500000, 0x00000000ef500000|100%| E|CS|TAMS 0x00000000ef400000| PB 0x00000000ef400000| Complete 
| 245|0x00000000ef500000, 0x00000000ef600000, 0x00000000ef600000|100%| E|CS|TAMS 0x00000000ef500000| PB 0x00000000ef500000| Complete 
| 246|0x00000000ef600000, 0x00000000ef700000, 0x00000000ef700000|100%| E|CS|TAMS 0x00000000ef600000| PB 0x00000000ef600000| Complete 
| 247|0x00000000ef700000, 0x00000000ef800000, 0x00000000ef800000|100%| E|CS|TAMS 0x00000000ef700000| PB 0x00000000ef700000| Complete 
| 248|0x00000000ef800000, 0x00000000ef900000, 0x00000000ef900000|100%| E|CS|TAMS 0x00000000ef800000| PB 0x00000000ef800000| Complete 
| 249|0x00000000ef900000, 0x00000000efa00000, 0x00000000efa00000|100%| E|CS|TAMS 0x00000000ef900000| PB 0x00000000ef900000| Complete 
| 250|0x00000000efa00000, 0x00000000efb00000, 0x00000000efb00000|100%| E|CS|TAMS 0x00000000efa00000| PB 0x00000000efa00000| Complete 
| 251|0x00000000efb00000, 0x00000000efc00000, 0x00000000efc00000|100%| E|CS|TAMS 0x00000000efb00000| PB 0x00000000efb00000| Complete 
| 252|0x00000000efc00000, 0x00000000efd00000, 0x00000000efd00000|100%| E|CS|TAMS 0x00000000efc00000| PB 0x00000000efc00000| Complete 
| 253|0x00000000efd00000, 0x00000000efe00000, 0x00000000efe00000|100%| E|CS|TAMS 0x00000000efd00000| PB 0x00000000efd00000| Complete 
| 254|0x00000000efe00000, 0x00000000eff00000, 0x00000000eff00000|100%| E|CS|TAMS 0x00000000efe00000| PB 0x00000000efe00000| Complete 
| 255|0x00000000eff00000, 0x00000000f0000000, 0x00000000f0000000|100%| E|CS|TAMS 0x00000000eff00000| PB 0x00000000eff00000| Complete 

Card table byte_map: [0x000001dac5430000,0x000001dac5530000] _byte_map_base: 0x000001dac4d30000

Marking Bits: (CMBitMap*) 0x000001dab10cad10
 Bits: [0x000001dac5530000, 0x000001dac5d30000)

Polling page: 0x000001dab0e20000

Metaspace:

Usage:
  Non-class:     13.52 MB used.
      Class:      2.20 MB used.
       Both:     15.71 MB used.

Virtual space:
  Non-class space:       64.00 MB reserved,      13.75 MB ( 21%) committed,  1 nodes.
      Class space:      320.00 MB reserved,       2.38 MB ( <1%) committed,  1 nodes.
             Both:      384.00 MB reserved,      16.12 MB (  4%) committed. 

Chunk freelists:
   Non-Class:  1.81 MB
       Class:  13.63 MB
        Both:  15.44 MB

MaxMetaspaceSize: 384.00 MB
CompressedClassSpaceSize: 320.00 MB
Initial GC threshold: 21.00 MB
Current GC threshold: 21.00 MB
CDS: on
 - commit_granule_bytes: 65536.
 - commit_granule_words: 8192.
 - virtual_space_node_default_size: 8388608.
 - enlarge_chunks_in_place: 1.
 - use_allocation_guard: 0.


Internal statistics:

num_allocs_failed_limit: 0.
num_arena_births: 584.
num_arena_deaths: 0.
num_vsnodes_births: 2.
num_vsnodes_deaths: 0.
num_space_committed: 258.
num_space_uncommitted: 0.
num_chunks_returned_to_freelist: 0.
num_chunks_taken_from_freelist: 1131.
num_chunk_merges: 0.
num_chunk_splits: 743.
num_chunks_enlarged: 526.
num_inconsistent_stats: 0.

CodeHeap 'non-profiled nmethods': size=120000Kb used=1449Kb max_used=1449Kb free=118550Kb
 bounds [0x000001dabd390000, 0x000001dabd600000, 0x000001dac48c0000]
CodeHeap 'profiled nmethods': size=120000Kb used=5758Kb max_used=5758Kb free=114242Kb
 bounds [0x000001dab58c0000, 0x000001dab5e60000, 0x000001dabcdf0000]
CodeHeap 'non-nmethods': size=5760Kb used=1400Kb max_used=1449Kb free=4360Kb
 bounds [0x000001dabcdf0000, 0x000001dabd060000, 0x000001dabd390000]
CodeCache: size=245760Kb, used=8607Kb, max_used=8656Kb, free=237152Kb
 total_blobs=3399, nmethods=2843, adapters=460, full_count=0
Compilation: enabled, stopped_count=0, restarted_count=0

Compilation events (20 events):
Event: 22.655 Thread 0x000001dac8848770 2831       3       java.lang.invoke.MethodHandleImpl::valueConversion (325 bytes)
Event: 22.656 Thread 0x000001dac8848770 nmethod 2831 0x000001dab5e59290 code [0x000001dab5e595a0, 0x000001dab5e5a1d0]
Event: 22.656 Thread 0x000001dac8848770 2832       3       java.lang.invoke.LambdaFormBuffer::replaceParameterByCopy (38 bytes)
Event: 22.657 Thread 0x000001dac8848770 nmethod 2832 0x000001dab5e5a610 code [0x000001dab5e5a7e0, 0x000001dab5e5a9c8]
Event: 22.657 Thread 0x000001dac8848770 2834       3       java.lang.invoke.InvokerBytecodeGenerator::<init> (129 bytes)
Event: 22.657 Thread 0x000001dac8848770 nmethod 2834 0x000001dab5e5ab10 code [0x000001dab5e5ae00, 0x000001dab5e5bdc8]
Event: 22.657 Thread 0x000001dac8848770 2833       3       java.lang.invoke.LambdaFormBuffer::noteDuplicate (115 bytes)
Event: 22.658 Thread 0x000001dac8848770 nmethod 2833 0x000001dab5e5c390 code [0x000001dab5e5c5a0, 0x000001dab5e5cd70]
Event: 22.840 Thread 0x000001dac8848770 2837       3       java.util.Collections$EmptyList::spliterator (4 bytes)
Event: 22.841 Thread 0x000001dac8848770 nmethod 2837 0x000001dab5e5d090 code [0x000001dab5e5d240, 0x000001dab5e5d3b0]
Event: 22.841 Thread 0x000001dac8848770 2838       3       java.util.Spliterators::emptySpliterator (4 bytes)
Event: 22.841 Thread 0x000001dac8848770 nmethod 2838 0x000001dab5e5d490 code [0x000001dab5e5d620, 0x000001dab5e5d718]
Event: 22.978 Thread 0x000001dac8848770 2839       3       java.util.concurrent.locks.AbstractQueuedSynchronizer$Node::setStatusRelaxed (12 bytes)
Event: 22.978 Thread 0x000001dac8848770 nmethod 2839 0x000001dab5e5d790 code [0x000001dab5e5d920, 0x000001dab5e5da38]
Event: 23.115 Thread 0x000001dac8848770 2840       3       jdk.internal.misc.Unsafe::putIntOpaque (9 bytes)
Event: 23.115 Thread 0x000001dac8848770 nmethod 2840 0x000001dab5e5db10 code [0x000001dab5e5dca0, 0x000001dab5e5ddb8]
Event: 23.847 Thread 0x000001dac8848770 2842       3       java.util.concurrent.locks.AbstractQueuedSynchronizer$ConditionObject::enableWait (84 bytes)
Event: 23.848 Thread 0x000001dac8848770 nmethod 2842 0x000001dab5e5de90 code [0x000001dab5e5e0c0, 0x000001dab5e5e800]
Event: 24.301 Thread 0x000001dac8848770 2843   !   3       java.lang.Thread::sleep (82 bytes)
Event: 24.302 Thread 0x000001dac8848770 nmethod 2843 0x000001dab5e5ea90 code [0x000001dab5e5ecc0, 0x000001dab5e5f530]

GC Heap History (4 events):
Event: 1.172 GC heap before
{Heap before GC invocations=0 (full 0):
 garbage-first heap   total 262144K, used 26624K [0x00000000e0000000, 0x0000000100000000)
  region size 1024K, 23 young (23552K), 0 survivors (0K)
 Metaspace       used 1125K, committed 1216K, reserved 393216K
  class space    used 83K, committed 128K, reserved 327680K
}
Event: 1.179 GC heap after
{Heap after GC invocations=1 (full 0):
 garbage-first heap   total 262144K, used 10668K [0x00000000e0000000, 0x0000000100000000)
  region size 1024K, 3 young (3072K), 3 survivors (3072K)
 Metaspace       used 1125K, committed 1216K, reserved 393216K
  class space    used 83K, committed 128K, reserved 327680K
}
Event: 2.069 GC heap before
{Heap before GC invocations=1 (full 0):
 garbage-first heap   total 262144K, used 41388K [0x00000000e0000000, 0x0000000100000000)
  region size 1024K, 33 young (33792K), 3 survivors (3072K)
 Metaspace       used 4298K, committed 4480K, reserved 393216K
  class space    used 545K, committed 640K, reserved 327680K
}
Event: 2.074 GC heap after
{Heap after GC invocations=2 (full 0):
 garbage-first heap   total 262144K, used 12139K [0x00000000e0000000, 0x0000000100000000)
  region size 1024K, 2 young (2048K), 2 survivors (2048K)
 Metaspace       used 4298K, committed 4480K, reserved 393216K
  class space    used 545K, committed 640K, reserved 327680K
}

Dll operation events (14 events):
Event: 0.032 Loaded shared library C:\Users\USER\.vscode\extensions\redhat.java-1.55.0-win32-x64\jre\21.0.11-win32-x86_64\bin\java.dll
Event: 0.451 Loaded shared library C:\Users\USER\.vscode\extensions\redhat.java-1.55.0-win32-x64\jre\21.0.11-win32-x86_64\bin\zip.dll
Event: 0.474 Loaded shared library C:\Users\USER\.vscode\extensions\redhat.java-1.55.0-win32-x64\jre\21.0.11-win32-x86_64\bin\instrument.dll
Event: 0.478 Loaded shared library C:\Users\USER\.vscode\extensions\redhat.java-1.55.0-win32-x64\jre\21.0.11-win32-x86_64\bin\net.dll
Event: 0.480 Loaded shared library C:\Users\USER\.vscode\extensions\redhat.java-1.55.0-win32-x64\jre\21.0.11-win32-x86_64\bin\nio.dll
Event: 0.482 Loaded shared library C:\Users\USER\.vscode\extensions\redhat.java-1.55.0-win32-x64\jre\21.0.11-win32-x86_64\bin\zip.dll
Event: 0.926 Loaded shared library C:\Users\USER\.vscode\extensions\redhat.java-1.55.0-win32-x64\jre\21.0.11-win32-x86_64\bin\jimage.dll
Event: 1.186 Loaded shared library C:\Users\USER\.vscode\extensions\redhat.java-1.55.0-win32-x64\jre\21.0.11-win32-x86_64\bin\verify.dll
Event: 1.401 Loaded shared library C:\Users\USER\.gradle\native\c067742578af261105cb4f569cf0c3c89f3d7b1fecec35dd04571415982c5e48\windows-amd64\native-platform.dll
Event: 1.408 Loaded shared library C:\Users\USER\.gradle\native\100fb08df4bc3b14c8652ba06237920a3bd2aa13389f12d3474272988ae205f9\windows-amd64\native-platform-file-events.dll
Event: 5.541 Loaded shared library C:\Users\USER\.vscode\extensions\redhat.java-1.55.0-win32-x64\jre\21.0.11-win32-x86_64\bin\management.dll
Event: 5.574 Loaded shared library C:\Users\USER\.vscode\extensions\redhat.java-1.55.0-win32-x64\jre\21.0.11-win32-x86_64\bin\management_ext.dll
Event: 7.403 Loaded shared library C:\Users\USER\.vscode\extensions\redhat.java-1.55.0-win32-x64\jre\21.0.11-win32-x86_64\bin\extnet.dll
Event: 11.479 Loaded shared library C:\Users\USER\.vscode\extensions\redhat.java-1.55.0-win32-x64\jre\21.0.11-win32-x86_64\bin\sunmscapi.dll

Deoptimization events (20 events):
Event: 19.807 Thread 0x000001dae2278a30 Uncommon trap: trap_request=0xffffffde fr.pc=0x000001dabd45d6e4 relative=0x0000000000000304
Event: 19.807 Thread 0x000001dae2278a30 Uncommon trap: reason=class_check action=maybe_recompile pc=0x000001dabd45d6e4 method=java.util.regex.Pattern$BmpCharPropertyGreedy.match(Ljava/util/regex/Matcher;ILjava/lang/CharSequence;)Z @ 26 c2
Event: 19.807 Thread 0x000001dae2278a30 DEOPT PACKING pc=0x000001dabd45d6e4 sp=0x00000094d2bfc4e0
Event: 19.807 Thread 0x000001dae2278a30 DEOPT UNPACKING pc=0x000001dabce44422 sp=0x00000094d2bfc498 mode 2
Event: 19.807 Thread 0x000001dae2278a30 Uncommon trap: trap_request=0xffffffde fr.pc=0x000001dabd45d6e4 relative=0x0000000000000304
Event: 19.807 Thread 0x000001dae2278a30 Uncommon trap: reason=class_check action=maybe_recompile pc=0x000001dabd45d6e4 method=java.util.regex.Pattern$BmpCharPropertyGreedy.match(Ljava/util/regex/Matcher;ILjava/lang/CharSequence;)Z @ 26 c2
Event: 19.807 Thread 0x000001dae2278a30 DEOPT PACKING pc=0x000001dabd45d6e4 sp=0x00000094d2bfc450
Event: 19.807 Thread 0x000001dae2278a30 DEOPT UNPACKING pc=0x000001dabce44422 sp=0x00000094d2bfc408 mode 2
Event: 20.537 Thread 0x000001dae2278a30 Uncommon trap: trap_request=0xffffff45 fr.pc=0x000001dabd3b4084 relative=0x00000000000001c4
Event: 20.537 Thread 0x000001dae2278a30 Uncommon trap: reason=unstable_if action=reinterpret pc=0x000001dabd3b4084 method=java.util.regex.Matcher.reset()Ljava/util/regex/Matcher; @ 47 c2
Event: 20.537 Thread 0x000001dae2278a30 DEOPT PACKING pc=0x000001dabd3b4084 sp=0x00000094d2bfb0c0
Event: 20.537 Thread 0x000001dae2278a30 DEOPT UNPACKING pc=0x000001dabce44422 sp=0x00000094d2bfb050 mode 2
Event: 21.698 Thread 0x000001dae2278a30 Uncommon trap: trap_request=0xffffff45 fr.pc=0x000001dabd3b8504 relative=0x0000000000000d04
Event: 21.698 Thread 0x000001dae2278a30 Uncommon trap: reason=unstable_if action=reinterpret pc=0x000001dabd3b8504 method=java.io.WinNTFileSystem.resolve(Ljava/lang/String;Ljava/lang/String;)Ljava/lang/String; @ 19 c2
Event: 21.698 Thread 0x000001dae2278a30 DEOPT PACKING pc=0x000001dabd3b8504 sp=0x00000094d2bfbc00
Event: 21.698 Thread 0x000001dae2278a30 DEOPT UNPACKING pc=0x000001dabce44422 sp=0x00000094d2bfbb98 mode 2
Event: 21.700 Thread 0x000001dae2278a30 Uncommon trap: trap_request=0xffffff45 fr.pc=0x000001dabd426298 relative=0x0000000000000638
Event: 21.700 Thread 0x000001dae2278a30 Uncommon trap: reason=unstable_if action=reinterpret pc=0x000001dabd426298 method=java.io.File.getName()Ljava/lang/String; @ 16 c2
Event: 21.700 Thread 0x000001dae2278a30 DEOPT PACKING pc=0x000001dabd426298 sp=0x00000094d2bfbbc0
Event: 21.700 Thread 0x000001dae2278a30 DEOPT UNPACKING pc=0x000001dabce44422 sp=0x00000094d2bfbb90 mode 2

Classes loaded (20 events):
Event: 21.049 Loading class sun/security/provider/MD5
Event: 21.049 Loading class sun/security/provider/MD5 done
Event: 21.049 Loading class sun/security/provider/SHA5$SHA512
Event: 21.049 Loading class sun/security/provider/SHA5
Event: 21.050 Loading class sun/security/provider/SHA5 done
Event: 21.050 Loading class sun/security/provider/SHA5$SHA512 done
Event: 21.064 Loading class sun/security/provider/ByteArrayAccess$LE
Event: 21.077 Loading class sun/security/provider/ByteArrayAccess$LE done
Event: 21.700 Loading class java/io/File$TempDirectory
Event: 21.700 Loading class java/io/File$TempDirectory done
Event: 21.748 Loading class java/io/PrintWriter
Event: 21.748 Loading class java/io/PrintWriter done
Event: 22.303 Loading class java/util/concurrent/Semaphore
Event: 22.303 Loading class java/util/concurrent/Semaphore done
Event: 22.319 Loading class java/nio/file/FileVisitOption
Event: 22.319 Loading class java/nio/file/FileVisitOption done
Event: 22.387 Loading class java/util/stream/ReduceOps$1
Event: 22.388 Loading class java/util/stream/ReduceOps$1 done
Event: 22.388 Loading class java/util/stream/ReduceOps$1ReducingSink
Event: 22.388 Loading class java/util/stream/ReduceOps$1ReducingSink done

Classes unloaded (0 events):
No events

Classes redefined (0 events):
No events

Internal exceptions (20 events):
Event: 12.669 Thread 0x000001dae2ab9030 Exception <a 'java/lang/NoSuchMethodError'{0x00000000ec4eae68}: 'void java.lang.invoke.DirectMethodHandle$Holder.invokeSpecial(java.lang.Object, java.lang.Object, java.lang.Object)'> (0x00000000ec4eae68) 
thrown [s\src\hotspot\share\interpreter\linkResolver.cpp, line 773]
Event: 13.503 Thread 0x000001dae2278a30 Exception <a 'java/lang/NoSuchMethodError'{0x00000000ebed27c8}: 'long java.lang.invoke.DirectMethodHandle$Holder.invokeInterface(java.lang.Object, java.lang.Object)'> (0x00000000ebed27c8) 
thrown [s\src\hotspot\share\interpreter\linkResolver.cpp, line 773]
Event: 15.052 Thread 0x000001dae2278a30 Exception <a 'java/lang/NoSuchMethodError'{0x00000000eb911ca8}: 'void java.lang.invoke.DirectMethodHandle$Holder.invokeStatic(java.lang.Object, java.lang.Object)'> (0x00000000eb911ca8) 
thrown [s\src\hotspot\share\interpreter\linkResolver.cpp, line 773]
Event: 15.141 Thread 0x000001dae2278a30 Exception <a 'java/lang/NoSuchMethodError'{0x00000000eb95e148}: 'java.lang.Object java.lang.invoke.DirectMethodHandle$Holder.invokeVirtual(java.lang.Object, java.lang.Object, java.lang.Object, java.lang.Object, java.lang.Object, java.lang.Object, java.lang.Object, java.lang.Object, java.lang.Object, java.lang.Object, java.lang.Object, java.lang.Object)'> (0x00000000eb95e148) 
thrown [s\src\hotspot\share\interpreter\linkResolver.cpp, line 773]
Event: 15.153 Thread 0x000001dae2278a30 Exception <a 'java/lang/NoSuchMethodError'{0x00000000eb963170}: 'java.lang.Object java.lang.invoke.DirectMethodHandle$Holder.invokeSpecial(java.lang.Object, java.lang.Object, java.lang.Object, java.lang.Object, java.lang.Object, java.lang.Object, java.lang.Object, java.lang.Object, java.lang.Object, java.lang.Object, java.lang.Object, java.lang.Object, java.lang.Object)'> (0x00000000eb963170) 
thrown [s\src\hotspot\share\interpreter\linkResolver.cpp, line 773]
Event: 15.597 Thread 0x000001dae2278a30 Exception <a 'java/lang/NoSuchMethodError'{0x00000000eb70aa68}: 'java.lang.Object java.lang.invoke.DirectMethodHandle$Holder.newInvokeSpecial(java.lang.Object, java.lang.Object, java.lang.Object, java.lang.Object, java.lang.Object)'> (0x00000000eb70aa68) 
thrown [s\src\hotspot\share\interpreter\linkResolver.cpp, line 773]
Event: 15.787 Thread 0x000001dae2278a30 Exception <a 'java/lang/NoSuchMethodError'{0x00000000eb762520}: 'int java.lang.invoke.DirectMethodHandle$Holder.invokeVirtual(java.lang.Object, java.lang.Object, java.lang.Object)'> (0x00000000eb762520) 
thrown [s\src\hotspot\share\interpreter\linkResolver.cpp, line 773]
Event: 16.478 Thread 0x000001dae2278a30 Exception <a 'java/lang/NoSuchMethodError'{0x00000000eb5b9ae8}: 'java.lang.Object java.lang.invoke.DirectMethodHandle$Holder.newInvokeSpecial(java.lang.Object, java.lang.Object, java.lang.Object, java.lang.Object, java.lang.Object, java.lang.Object)'> (0x00000000eb5b9ae8) 
thrown [s\src\hotspot\share\interpreter\linkResolver.cpp, line 773]
Event: 16.531 Thread 0x000001dae2278a30 Exception <a 'java/lang/NoSuchMethodError'{0x00000000eb5df2e8}: 'void java.lang.invoke.DirectMethodHandle$Holder.invokeStaticInit(java.lang.Object, java.lang.Object)'> (0x00000000eb5df2e8) 
thrown [s\src\hotspot\share\interpreter\linkResolver.cpp, line 773]
Event: 17.405 Thread 0x000001dae2278a30 Exception <a 'java/lang/NoSuchMethodError'{0x00000000eb26dd68}: 'void java.lang.invoke.DelegatingMethodHandle$Holder.reinvoke_L(java.lang.Object, java.lang.Object, java.lang.Object, java.lang.Object, java.lang.Object, java.lang.Object, java.lang.Object, java.lang.Object, java.lang.Object, java.lang.Object)'> (0x00000000eb26dd68) 
thrown [s\src\hotspot\share\interpreter\linkResolver.cpp, line 773]
Event: 17.419 Thread 0x000001dae2278a30 Exception <a 'java/lang/NoSuchMethodError'{0x00000000eb275848}: 'java.lang.Object java.lang.invoke.Invokers$Holder.invoker(java.lang.Object, java.lang.Object, java.lang.Object, java.lang.Object, java.lang.Object, java.lang.Object, java.lang.Object, java.lang.Object, java.lang.Object, java.lang.Object)'> (0x00000000eb275848) 
thrown [s\src\hotspot\share\interpreter\linkResolver.cpp, line 773]
Event: 19.167 Thread 0x000001dae2278a30 Exception <a 'java/lang/NoSuchMethodError'{0x00000000eae3c600}: 'void java.lang.invoke.DirectMethodHandle$Holder.invokeVirtual(java.lang.Object, java.lang.Object, java.lang.Object, java.lang.Object, java.lang.Object)'> (0x00000000eae3c600) 
thrown [s\src\hotspot\share\interpreter\linkResolver.cpp, line 773]
Event: 19.753 Thread 0x000001dae2278a30 Exception <a 'java/lang/NoSuchMethodError'{0x00000000eadc63a8}: 'void java.lang.invoke.DirectMethodHandle$Holder.invokeInterface(java.lang.Object, java.lang.Object)'> (0x00000000eadc63a8) 
thrown [s\src\hotspot\share\interpreter\linkResolver.cpp, line 773]
Event: 19.794 Thread 0x000001dae2278a30 Exception <a 'java/lang/IncompatibleClassChangeError'{0x00000000eadc9928}: Found class java.lang.Object, but interface was expected> (0x00000000eadc9928) 
thrown [s\src\hotspot\share\interpreter\linkResolver.cpp, line 840]
Event: 20.125 Thread 0x000001dae2278a30 Exception <a 'java/lang/NoSuchMethodError'{0x00000000eace8aa8}: 'java.lang.Object java.lang.invoke.DirectMethodHandle$Holder.newInvokeSpecial(java.lang.Object, java.lang.Object, int)'> (0x00000000eace8aa8) 
thrown [s\src\hotspot\share\interpreter\linkResolver.cpp, line 773]
Event: 20.449 Thread 0x000001dae2278a30 Exception <a 'java/lang/NoSuchMethodError'{0x00000000eabe5720}: 'java.lang.Object java.lang.invoke.DirectMethodHandle$Holder.invokeVirtual(java.lang.Object, java.lang.Object, java.lang.Object, java.lang.Object, java.lang.Object, java.lang.Object, java.lang.Object, java.lang.Object)'> (0x00000000eabe5720) 
thrown [s\src\hotspot\share\interpreter\linkResolver.cpp, line 773]
Event: 22.335 Thread 0x000001dae2278a30 Exception <a 'java/lang/NoSuchMethodError'{0x00000000ea4332e8}: 'int java.lang.invoke.DirectMethodHandle$Holder.invokeSpecialIFC(java.lang.Object, java.lang.Object, java.lang.Object, java.lang.Object)'> (0x00000000ea4332e8) 
thrown [s\src\hotspot\share\interpreter\linkResolver.cpp, line 773]
Event: 22.378 Thread 0x000001dae2278a30 Exception <a 'java/lang/NoSuchMethodError'{0x00000000ea446660}: 'java.lang.Object java.lang.invoke.DirectMethodHandle$Holder.invokeInterface(java.lang.Object, java.lang.Object, java.lang.Object)'> (0x00000000ea446660) 
thrown [s\src\hotspot\share\interpreter\linkResolver.cpp, line 773]
Event: 22.378 Thread 0x000001dae2278a30 Exception <a 'java/lang/IncompatibleClassChangeError'{0x00000000ea449fb8}: Found class java.lang.Object, but interface was expected> (0x00000000ea449fb8) 
thrown [s\src\hotspot\share\interpreter\linkResolver.cpp, line 840]
Event: 23.734 Thread 0x000001dae2278a30 Exception <a 'java/lang/NoSuchMethodError'{0x00000000ea2343b0}: 'int java.lang.invoke.DirectMethodHandle$Holder.invokeStatic(java.lang.Object, java.lang.Object, java.lang.Object, java.lang.Object)'> (0x00000000ea2343b0) 
thrown [s\src\hotspot\share\interpreter\linkResolver.cpp, line 773]

ZGC Phase Switch (0 events):
No events

VM Operations (20 events):
Event: 14.208 Executing safepoint VM operation: Cleanup done
Event: 15.216 Executing safepoint VM operation: Cleanup
Event: 15.230 Executing safepoint VM operation: Cleanup done
Event: 16.244 Executing safepoint VM operation: Cleanup
Event: 16.259 Executing safepoint VM operation: Cleanup done
Event: 17.056 Executing non-safepoint VM operation: HandshakeAllThreads (Deoptimize)
Event: 17.057 Executing non-safepoint VM operation: HandshakeAllThreads (Deoptimize) done
Event: 18.055 Executing safepoint VM operation: Cleanup
Event: 18.070 Executing safepoint VM operation: Cleanup done
Event: 20.076 Executing non-safepoint VM operation: HandshakeAllThreads (Deoptimize)
Event: 20.076 Executing non-safepoint VM operation: HandshakeAllThreads (Deoptimize) done
Event: 20.076 Executing safepoint VM operation: Cleanup
Event: 20.076 Executing safepoint VM operation: Cleanup done
Event: 21.083 Executing safepoint VM operation: Cleanup
Event: 21.113 Executing safepoint VM operation: Cleanup done
Event: 22.128 Executing safepoint VM operation: Cleanup
Event: 22.128 Executing safepoint VM operation: Cleanup done
Event: 23.130 Executing safepoint VM operation: Cleanup
Event: 23.724 Executing safepoint VM operation: Cleanup done
Event: 24.727 Executing safepoint VM operation: Cleanup

Memory protections (0 events):
No events

Nmethod flushes (0 events):
No events

Events (20 events):
Event: 0.396 Thread 0x000001dab10a0300 Thread added: 0x000001dac87dcfd0
Event: 0.404 Thread 0x000001dab10a0300 Thread added: 0x000001dac8848770
Event: 0.476 Thread 0x000001dab10a0300 Thread added: 0x000001dac8a712a0
Event: 0.538 Thread 0x000001dab10a0300 Thread added: 0x000001dac8a866f0
Event: 0.922 Thread 0x000001dac8848770 Thread added: 0x000001dac8ba8af0
Event: 2.116 Thread 0x000001dac8ba8af0 Thread exited: 0x000001dac8ba8af0
Event: 5.835 Thread 0x000001dab10a0300 Thread added: 0x000001dae207f3e0
Event: 8.279 Thread 0x000001dab10a0300 Thread added: 0x000001dac8a45720
Event: 10.598 Thread 0x000001dab10a0300 Thread added: 0x000001dac8af12d0
Event: 12.094 Thread 0x000001dac8a45720 Thread added: 0x000001dae2ab9030
Event: 12.156 Thread 0x000001dae2ab9030 Thread added: 0x000001dae2c578f0
Event: 12.470 Thread 0x000001dae2ab9030 Thread added: 0x000001dae22783c0
Event: 12.683 Thread 0x000001dae2ab9030 Thread added: 0x000001dae2278a30
Event: 12.821 Thread 0x000001dae2278a30 Thread added: 0x000001dae2a45c50
Event: 12.874 Thread 0x000001dae2278a30 Thread added: 0x000001dae2a42e60
Event: 12.972 Thread 0x000001dae2278a30 Thread added: 0x000001dae2a434f0
Event: 20.103 Thread 0x000001dae2278a30 Thread added: 0x000001dae2a43b80
Event: 20.341 Thread 0x000001dae2278a30 Thread added: 0x000001dae2a44f30
Event: 20.785 Thread 0x000001dae2a44f30 Thread added: 0x000001dae2a462e0
Event: 20.802 Thread 0x000001dae2278a30 Thread added: 0x000001dae2a44210


Dynamic libraries:
0x00007ff6ef0b0000 - 0x00007ff6ef0be000 	C:\Users\USER\.vscode\extensions\redhat.java-1.55.0-win32-x64\jre\21.0.11-win32-x86_64\bin\java.exe
0x00007ffa60140000 - 0x00007ffa603a6000 	C:\WINDOWS\SYSTEM32\ntdll.dll
0x00007ffa5f100000 - 0x00007ffa5f1c9000 	C:\WINDOWS\System32\KERNEL32.DLL
0x00007ffa5d5b0000 - 0x00007ffa5d9aa000 	C:\WINDOWS\System32\KERNELBASE.dll
0x00007ffa5d460000 - 0x00007ffa5d5ac000 	C:\WINDOWS\System32\ucrtbase.dll
0x00007ffa495b0000 - 0x00007ffa495c8000 	C:\Users\USER\.vscode\extensions\redhat.java-1.55.0-win32-x64\jre\21.0.11-win32-x86_64\bin\jli.dll
0x00007ffa495d0000 - 0x00007ffa495ee000 	C:\Users\USER\.vscode\extensions\redhat.java-1.55.0-win32-x64\jre\21.0.11-win32-x86_64\bin\VCRUNTIME140.dll
0x00007ffa5fea0000 - 0x00007ffa60067000 	C:\WINDOWS\System32\USER32.dll
0x00007ffa3f680000 - 0x00007ffa3f912000 	C:\WINDOWS\WinSxS\amd64_microsoft.windows.common-controls_6595b64144ccf1df_6.0.26100.8521_none_3e08b75ce33403b3\COMCTL32.dll
0x00007ffa5de80000 - 0x00007ffa5dea7000 	C:\WINDOWS\System32\win32u.dll
0x00007ffa5deb0000 - 0x00007ffa5df59000 	C:\WINDOWS\System32\msvcrt.dll
0x00007ffa5f280000 - 0x00007ffa5f2ab000 	C:\WINDOWS\System32\GDI32.dll
0x00007ffa5dc90000 - 0x00007ffa5ddbb000 	C:\WINDOWS\System32\gdi32full.dll
0x00007ffa5dbe0000 - 0x00007ffa5dc83000 	C:\WINDOWS\System32\msvcp_win.dll
0x00007ffa5fc60000 - 0x00007ffa5fc92000 	C:\WINDOWS\System32\IMM32.DLL
0x00007ffa495a0000 - 0x00007ffa495ac000 	C:\Users\USER\.vscode\extensions\redhat.java-1.55.0-win32-x64\jre\21.0.11-win32-x86_64\bin\vcruntime140_1.dll
0x00007ff9c4810000 - 0x00007ff9c489d000 	C:\Users\USER\.vscode\extensions\redhat.java-1.55.0-win32-x64\jre\21.0.11-win32-x86_64\bin\msvcp140.dll
0x00007ff959c50000 - 0x00007ff95a9f2000 	C:\Users\USER\.vscode\extensions\redhat.java-1.55.0-win32-x64\jre\21.0.11-win32-x86_64\bin\server\jvm.dll
0x00007ffa5fba0000 - 0x00007ffa5fc56000 	C:\WINDOWS\System32\ADVAPI32.dll
0x00007ffa5f1d0000 - 0x00007ffa5f27a000 	C:\WINDOWS\System32\sechost.dll
0x00007ffa5ed80000 - 0x00007ffa5ee98000 	C:\WINDOWS\System32\RPCRT4.dll
0x00007ffa60070000 - 0x00007ffa600f0000 	C:\WINDOWS\System32\WS2_32.dll
0x00007ffa5d230000 - 0x00007ffa5d28e000 	C:\WINDOWS\SYSTEM32\POWRPROF.dll
0x00007ffa54dd0000 - 0x00007ffa54e06000 	C:\WINDOWS\SYSTEM32\WINMM.dll
0x00007ffa4bf90000 - 0x00007ffa4bf9b000 	C:\WINDOWS\SYSTEM32\VERSION.dll
0x00007ffa5d210000 - 0x00007ffa5d224000 	C:\WINDOWS\SYSTEM32\UMPDC.dll
0x00007ffa5c160000 - 0x00007ffa5c17b000 	C:\WINDOWS\SYSTEM32\kernel.appcore.dll
0x00007ffa49570000 - 0x00007ffa4957a000 	C:\Users\USER\.vscode\extensions\redhat.java-1.55.0-win32-x64\jre\21.0.11-win32-x86_64\bin\jimage.dll
0x00007ffa40390000 - 0x00007ffa405d2000 	C:\WINDOWS\SYSTEM32\DBGHELP.DLL
0x00007ffa5e1e0000 - 0x00007ffa5e563000 	C:\WINDOWS\System32\combase.dll
0x00007ffa5e040000 - 0x00007ffa5e119000 	C:\WINDOWS\System32\OLEAUT32.dll
0x00007ffa36930000 - 0x00007ffa3696b000 	C:\WINDOWS\SYSTEM32\dbgcore.DLL
0x00007ffa5d9b0000 - 0x00007ffa5da58000 	C:\WINDOWS\System32\bcryptPrimitives.dll
0x00007ffa49560000 - 0x00007ffa4956f000 	C:\Users\USER\.vscode\extensions\redhat.java-1.55.0-win32-x64\jre\21.0.11-win32-x86_64\bin\instrument.dll
0x00007ffa49540000 - 0x00007ffa49560000 	C:\Users\USER\.vscode\extensions\redhat.java-1.55.0-win32-x64\jre\21.0.11-win32-x86_64\bin\java.dll
0x00007ffa5f390000 - 0x00007ffa5fb14000 	C:\WINDOWS\System32\SHELL32.dll
0x00007ffa5afb0000 - 0x00007ffa5b830000 	C:\WINDOWS\SYSTEM32\windows.storage.dll
0x00007ffa5e7f0000 - 0x00007ffa5e8e6000 	C:\WINDOWS\System32\SHCORE.dll
0x00007ffa5fb20000 - 0x00007ffa5fb87000 	C:\WINDOWS\System32\shlwapi.dll
0x00007ffa5d2f0000 - 0x00007ffa5d319000 	C:\WINDOWS\SYSTEM32\profapi.dll
0x00007ffa494f0000 - 0x00007ffa49508000 	C:\Users\USER\.vscode\extensions\redhat.java-1.55.0-win32-x64\jre\21.0.11-win32-x86_64\bin\zip.dll
0x00007ffa494e0000 - 0x00007ffa494f0000 	C:\Users\USER\.vscode\extensions\redhat.java-1.55.0-win32-x64\jre\21.0.11-win32-x86_64\bin\net.dll
0x00007ffa4f1b0000 - 0x00007ffa4f2d9000 	C:\WINDOWS\SYSTEM32\WINHTTP.dll
0x00007ffa5c6d0000 - 0x00007ffa5c73c000 	C:\WINDOWS\system32\mswsock.dll
0x00007ffa28e00000 - 0x00007ffa28e16000 	C:\Users\USER\.vscode\extensions\redhat.java-1.55.0-win32-x64\jre\21.0.11-win32-x86_64\bin\nio.dll
0x00007ffa3e450000 - 0x00007ffa3e460000 	C:\Users\USER\.vscode\extensions\redhat.java-1.55.0-win32-x64\jre\21.0.11-win32-x86_64\bin\verify.dll
0x00007ffa29300000 - 0x00007ffa29327000 	C:\Users\USER\.gradle\native\c067742578af261105cb4f569cf0c3c89f3d7b1fecec35dd04571415982c5e48\windows-amd64\native-platform.dll
0x00007ffa1ee80000 - 0x00007ffa1efc4000 	C:\Users\USER\.gradle\native\100fb08df4bc3b14c8652ba06237920a3bd2aa13389f12d3474272988ae205f9\windows-amd64\native-platform-file-events.dll
0x00007ffa1c2a0000 - 0x00007ffa1c2aa000 	C:\Users\USER\.vscode\extensions\redhat.java-1.55.0-win32-x64\jre\21.0.11-win32-x86_64\bin\management.dll
0x00007ff9e2e10000 - 0x00007ff9e2e1c000 	C:\Users\USER\.vscode\extensions\redhat.java-1.55.0-win32-x64\jre\21.0.11-win32-x86_64\bin\management_ext.dll
0x00007ffa5e030000 - 0x00007ffa5e038000 	C:\WINDOWS\System32\PSAPI.DLL
0x00007ffa5c9b0000 - 0x00007ffa5c9cb000 	C:\WINDOWS\SYSTEM32\CRYPTSP.dll
0x00007ffa5c0c0000 - 0x00007ffa5c0f9000 	C:\WINDOWS\system32\rsaenh.dll
0x00007ffa5c780000 - 0x00007ffa5c7b3000 	C:\WINDOWS\SYSTEM32\USERENV.dll
0x00007ffa5d2c0000 - 0x00007ffa5d2ea000 	C:\WINDOWS\SYSTEM32\bcrypt.dll
0x00007ffa5c9d0000 - 0x00007ffa5c9dc000 	C:\WINDOWS\SYSTEM32\CRYPTBASE.dll
0x00007ffa5bb00000 - 0x00007ffa5bb33000 	C:\WINDOWS\SYSTEM32\IPHLPAPI.DLL
0x00007ffa5e570000 - 0x00007ffa5e57a000 	C:\WINDOWS\System32\NSI.dll
0x00007ff9e2490000 - 0x00007ff9e2499000 	C:\Users\USER\.vscode\extensions\redhat.java-1.55.0-win32-x64\jre\21.0.11-win32-x86_64\bin\extnet.dll
0x00007ff9e3140000 - 0x00007ff9e314e000 	C:\Users\USER\.vscode\extensions\redhat.java-1.55.0-win32-x64\jre\21.0.11-win32-x86_64\bin\sunmscapi.dll
0x00007ffa5da60000 - 0x00007ffa5dbd8000 	C:\WINDOWS\System32\CRYPT32.dll
0x00007ffa5cbd0000 - 0x00007ffa5cc00000 	C:\WINDOWS\SYSTEM32\ncrypt.dll
0x00007ffa5cb80000 - 0x00007ffa5cbbf000 	C:\WINDOWS\SYSTEM32\NTASN1.dll
0x00007ffa31770000 - 0x00007ffa31778000 	C:\WINDOWS\system32\wshunix.dll

JVMTI agents:
C:\Users\USER\.gradle\wrapper\dists\gradle-8.9-bin\90cnw93cvbtalezasaz0blq0a\gradle-8.9\lib\agents\gradle-instrumentation-agent-8.9.jar path:C:\Users\USER\.vscode\extensions\redhat.java-1.55.0-win32-x64\jre\21.0.11-win32-x86_64\bin\instrument.dll, loaded, initialized, instrumentlib options:none

dbghelp: loaded successfully - version: 4.0.5 - missing functions: none
symbol engine: initialized successfully - sym options: 0x614 - pdb path: .;C:\Users\USER\.vscode\extensions\redhat.java-1.55.0-win32-x64\jre\21.0.11-win32-x86_64\bin;C:\WINDOWS\SYSTEM32;C:\WINDOWS\WinSxS\amd64_microsoft.windows.common-controls_6595b64144ccf1df_6.0.26100.8521_none_3e08b75ce33403b3;C:\Users\USER\.vscode\extensions\redhat.java-1.55.0-win32-x64\jre\21.0.11-win32-x86_64\bin\server;C:\Users\USER\.gradle\native\c067742578af261105cb4f569cf0c3c89f3d7b1fecec35dd04571415982c5e48\windows-amd64;C:\Users\USER\.gradle\native\100fb08df4bc3b14c8652ba06237920a3bd2aa13389f12d3474272988ae205f9\windows-amd64

VM Arguments:
jvm_args: --add-opens=java.base/java.util=ALL-UNNAMED --add-opens=java.base/java.lang=ALL-UNNAMED --add-opens=java.base/java.lang.invoke=ALL-UNNAMED --add-opens=java.prefs/java.util.prefs=ALL-UNNAMED --add-exports=jdk.compiler/com.sun.tools.javac.api=ALL-UNNAMED --add-exports=jdk.compiler/com.sun.tools.javac.util=ALL-UNNAMED --add-opens=java.base/java.nio.charset=ALL-UNNAMED --add-opens=java.base/java.net=ALL-UNNAMED --add-opens=java.base/java.util.concurrent.atomic=ALL-UNNAMED -XX:MaxMetaspaceSize=384m -XX:+HeapDumpOnOutOfMemoryError -Xms256m -Xmx512m -Dfile.encoding=utf8 -Duser.country=ZW -Duser.language=en -Duser.variant -javaagent:C:\Users\USER\.gradle\wrapper\dists\gradle-8.9-bin\90cnw93cvbtalezasaz0blq0a\gradle-8.9\lib\agents\gradle-instrumentation-agent-8.9.jar 
java_command: org.gradle.launcher.daemon.bootstrap.GradleDaemon 8.9
java_class_path (initial): C:\Users\USER\.gradle\wrapper\dists\gradle-8.9-bin\90cnw93cvbtalezasaz0blq0a\gradle-8.9\lib\gradle-daemon-main-8.9.jar
Launcher Type: SUN_STANDARD

[Global flags]
     intx CICompilerCount                          = 4                                         {product} {ergonomic}
   size_t CompressedClassSpaceSize                 = 335544320                                 {product} {ergonomic}
     uint ConcGCThreads                            = 2                                         {product} {ergonomic}
     uint G1ConcRefinementThreads                  = 8                                         {product} {ergonomic}
   size_t G1HeapRegionSize                         = 1048576                                   {product} {ergonomic}
    uintx GCDrainStackTargetSize                   = 64                                        {product} {ergonomic}
     bool HeapDumpOnOutOfMemoryError               = true                                   {manageable} {command line}
   size_t InitialHeapSize                          = 268435456                                 {product} {command line}
   size_t MarkStackSize                            = 4194304                                   {product} {ergonomic}
   size_t MaxHeapSize                              = 536870912                                 {product} {command line}
   size_t MaxMetaspaceSize                         = 402653184                                 {product} {command line}
   size_t MaxNewSize                               = 321912832                                 {product} {ergonomic}
   size_t MinHeapDeltaBytes                        = 1048576                                   {product} {ergonomic}
   size_t MinHeapSize                              = 268435456                                 {product} {command line}
    uintx NonNMethodCodeHeapSize                   = 5839372                                {pd product} {ergonomic}
    uintx NonProfiledCodeHeapSize                  = 122909434                              {pd product} {ergonomic}
    uintx ProfiledCodeHeapSize                     = 122909434                              {pd product} {ergonomic}
    uintx ReservedCodeCacheSize                    = 251658240                              {pd product} {ergonomic}
     bool SegmentedCodeCache                       = true                                      {product} {ergonomic}
   size_t SoftMaxHeapSize                          = 536870912                              {manageable} {ergonomic}
     bool UseCompressedOops                        = true                           {product lp64_product} {ergonomic}
     bool UseG1GC                                  = true                                      {product} {ergonomic}
     bool UseLargePagesIndividualAllocation        = false                                  {pd product} {ergonomic}

Logging:
Log output configuration:
 #0: stdout all=warning uptime,level,tags foldmultilines=false
 #1: stderr all=off uptime,level,tags foldmultilines=false

Release file:
JAVA_VERSION="21.0.11" 
MODULES="java.base java.compiler java.datatransfer java.xml java.prefs java.desktop java.instrument java.logging java.management java.security.sasl java.naming java.rmi java.management.rmi java.net.http java.scripting java.security.jgss java.transaction.xa java.sql java.sql.rowset java.xml.crypto java.se java.smartcardio jdk.accessibility jdk.internal.jvmstat jdk.attach jdk.charsets jdk.internal.opt jdk.zipfs jdk.compiler jdk.crypto.ec jdk.crypto.cryptoki jdk.crypto.mscapi jdk.dynalink jdk.internal.ed jdk.editpad jdk.hotspot.agent jdk.httpserver jdk.internal.le jdk.internal.vm.ci jdk.internal.vm.compiler jdk.internal.vm.compiler.management jdk.jartool jdk.javadoc jdk.jcmd jdk.management jdk.management.agent jdk.jconsole jdk.jdeps jdk.jdwp.agent jdk.jdi jdk.jfr jdk.jshell jdk.jsobject jdk.jstatd jdk.localedata jdk.management.jfr jdk.naming.dns jdk.naming.rmi jdk.net jdk.nio.mapmode jdk.random jdk.sctp jdk.security.auth jdk.security.jgss jdk.unsupported jdk.unsupported.desktop jdk.xml.dom" 

Environment Variables:
JAVA_HOME=C:\Program Files\Android\Android Studio\jbr
PATH=C:\Program Files\Eclipse Adoptium\jdk-17.0.19.10-hotspot\bin;C:\Program Files (x86)\Common Files\Intel\Shared Libraries\redist\intel64\compiler;C:\Program Files\Eclipse Adoptium\jdk-25.0.0.36-hotspot\bin;C:\Program Files (x86)\Common Files\Intel\Shared Files\cpp\bin\Intel64;C:\WINDOWS\system32;C:\WINDOWS;C:\WINDOWS\System32\Wbem;C:\WINDOWS\System32\WindowsPowerShell\v1.0\;C:\WINDOWS\System32\OpenSSH\;C:\ProgramData\chocolatey\bin;C:\Program Files\nodejs\;C:\Program Files\Git\cmd;C:\Users\USER\AppData\Local\Programs\Python\Python313\Scripts\;C:\Users\USER\AppData\Local\Programs\Python\Python313\;C:\Users\USER\AppData\Local\Microsoft\WindowsApps;C:\Users\USER\AppData\Local\Programs\Microsoft VS Code\bin;C:\Users\USER\AppData\Local\GitHubDesktop\bin;C:\Users\USER\AppData\Roaming\npm;C:\Users\USER\AppData\Local\Programs\mongosh\;
USERNAME=USER
OS=Windows_NT
PROCESSOR_IDENTIFIER=Intel64 Family 6 Model 186 Stepping 3, GenuineIntel
TMP=C:\Users\USER\AppData\Local\Temp
TEMP=C:\Users\USER\AppData\Local\Temp




Periodic native trim disabled

---------------  S Y S T E M  ---------------

OS:
 Windows 11 , 64 bit Build 26100 (10.0.26100.8521)
OS uptime: 0 days 1:04 hours

CPU: total 8 (initial active 8) (4 cores per cpu, 2 threads per core) family 6 model 186 stepping 3 microcode 0x6134, cx8, cmov, fxsr, ht, mmx, 3dnowpref, sse, sse2, sse3, ssse3, sse4.1, sse4.2, popcnt, lzcnt, tsc, tscinvbit, avx, avx2, aes, erms, clmul, bmi1, bmi2, adx, sha, fma, vzeroupper, clflush, clflushopt, clwb, serialize, rdtscp, rdpid, fsrm, f16c, pku, cet_ibt, cet_ss
Processor Information for the first 8 processors :
  Max Mhz: 1200, Current Mhz: 1200, Mhz Limit: 1200

Memory: 4k page, system-wide physical 7835M (143M free)
TotalPageFile size 31387M (AvailPageFile size 48M)
current process WorkingSet (physical memory assigned to process): 83M, peak: 137M
current process commit charge ("private bytes"): 409M, peak: 414M

vm_info: OpenJDK 64-Bit Server VM (21.0.11+10-LTS) for windows-amd64 JRE (21.0.11+10-LTS), built on 2026-04-21T00:00:00Z by "admin" with MS VC++ 17.12 (VS2022)

END.
