#
# There is insufficient memory for the Java Runtime Environment to continue.
# Native memory allocation (mmap) failed to map 65536 bytes. Error detail: Failed to commit metaspace.
# Possible reasons:
#   The system is out of physical RAM or swap space
#   This process is running with CompressedOops enabled, and the Java Heap may be blocking the growth of the native heap
# Possible solutions:
#   Reduce memory load on the system
#   Increase physical memory or swap space
#   Check if swap backing store is full
#   Decrease Java heap size (-Xmx/-Xms)
#   Decrease number of Java threads
#   Decrease Java thread stack sizes (-Xss)
#   Set larger code cache with -XX:ReservedCodeCacheSize=
#   JVM is running with Unscaled Compressed Oops mode in which the Java heap is
#     placed in the first 4GB address space. The Java Heap base address is the
#     maximum limit for the native heap growth. Please use -XX:HeapBaseMinAddress
#     to set the Java Heap base and to place the Java Heap above 4GB virtual address.
# This output file may be truncated or incomplete.
#
#  Out of Memory Error (virtualSpaceNode.cpp:110), pid=21816, tid=29024
#
# JRE version: OpenJDK Runtime Environment Temurin-17.0.19+10 (17.0.19+10) (build 17.0.19+10)
# Java VM: OpenJDK 64-Bit Server VM Temurin-17.0.19+10 (17.0.19+10, mixed mode, sharing, tiered, compressed oops, compressed class ptrs, g1 gc, windows-amd64)
# No core dump will be written. Minidumps are not enabled by default on client versions of Windows
#

---------------  S U M M A R Y ------------

Command Line: --add-opens=java.base/java.lang=ALL-UNNAMED --add-opens=java.base/java.lang.invoke=ALL-UNNAMED --add-opens=java.base/java.util=ALL-UNNAMED --add-opens=java.prefs/java.util.prefs=ALL-UNNAMED --add-exports=jdk.compiler/com.sun.tools.javac.api=ALL-UNNAMED --add-exports=jdk.compiler/com.sun.tools.javac.util=ALL-UNNAMED --add-opens=java.base/java.util=ALL-UNNAMED --add-opens=java.prefs/java.util.prefs=ALL-UNNAMED --add-opens=java.base/java.nio.charset=ALL-UNNAMED --add-opens=java.base/java.net=ALL-UNNAMED --add-opens=java.base/java.util.concurrent.atomic=ALL-UNNAMED --add-opens=java.xml/javax.xml.namespace=ALL-UNNAMED -XX:MaxMetaspaceSize=512m -Xmx2048m -Dfile.encoding=UTF-8 -Duser.country=ZW -Duser.language=en -Duser.variant -javaagent:C:\Users\USER\.gradle\wrapper\dists\gradle-8.14.3-bin\cv11ve7ro1n3o1j4so8xd9n66\gradle-8.14.3\lib\agents\gradle-instrumentation-agent-8.14.3.jar org.gradle.launcher.daemon.bootstrap.GradleDaemon 8.14.3

Host: 13th Gen Intel(R) Core(TM) i3-1315U, 8 cores, 7G,  Windows 11 , 64 bit Build 26100 (10.0.26100.8521)
Time: Tue Jul 14 12:33:55 2026 South Africa Standard Time elapsed time: 949.005243 seconds (0d 0h 15m 49s)

---------------  T H R E A D  ---------------

Current thread (0x0000026947bf0b30):  JavaThread "Daemon worker" [_thread_in_vm, id=29024, stack(0x000000d9a9a00000,0x000000d9a9b00000)]

Stack: [0x000000d9a9a00000,0x000000d9a9b00000]
Native frames: (J=compiled Java code, j=interpreted, Vv=VM code, C=native code)
V  [jvm.dll+0x684b29]
V  [jvm.dll+0x83a2d5]
V  [jvm.dll+0x83bd4e]
V  [jvm.dll+0x83c3d3]
V  [jvm.dll+0x24905f]
V  [jvm.dll+0x8360bd]
V  [jvm.dll+0x62941d]
V  [jvm.dll+0x1c07e0]
V  [jvm.dll+0x62bd92]
V  [jvm.dll+0x629dd6]
V  [jvm.dll+0x1e2336]
V  [jvm.dll+0x1ea94a]
V  [jvm.dll+0x1eab25]
V  [jvm.dll+0x1eb4d7]
V  [jvm.dll+0x1e09a1]
V  [jvm.dll+0x5482c9]
V  [jvm.dll+0x7b4f98]
V  [jvm.dll+0x7b5094]
V  [jvm.dll+0x414d34]
V  [jvm.dll+0x41b799]
C  [java.dll+0x17ec]

Java frames: (J=compiled Java code, j=interpreted, Vv=VM code)
J 800  java.lang.ClassLoader.defineClass1(Ljava/lang/ClassLoader;Ljava/lang/String;[BIILjava/security/ProtectionDomain;Ljava/lang/String;)Ljava/lang/Class; java.base@17.0.19 (0 bytes) @ 0x0000026918c80083 [0x0000026918c7ffc0+0x00000000000000c3]
J 4736 c2 java.lang.ClassLoader.defineClass(Ljava/lang/String;[BIILjava/security/ProtectionDomain;)Ljava/lang/Class; java.base@17.0.19 (43 bytes) @ 0x0000026918f1814c [0x0000026918f17c40+0x000000000000050c]
J 5389 c2 java.security.SecureClassLoader.defineClass(Ljava/lang/String;[BIILjava/security/CodeSource;)Ljava/lang/Class; java.base@17.0.19 (16 bytes) @ 0x0000026918ce2374 [0x0000026918ce2240+0x0000000000000134]
J 6644 c2 java.net.URLClassLoader$1.run()Ljava/lang/Object; java.base@17.0.19 (5 bytes) @ 0x0000026918fbee98 [0x0000026918fbe120+0x0000000000000d78]
J 4992 c2 java.net.URLClassLoader.findClass(Ljava/lang/String;)Ljava/lang/Class; java.base@17.0.19 (47 bytes) @ 0x0000026918e5b59c [0x0000026918e5b4e0+0x00000000000000bc]
J 5910 c2 java.lang.ClassLoader.loadClass(Ljava/lang/String;Z)Ljava/lang/Class; java.base@17.0.19 (121 bytes) @ 0x0000026918e130d4 [0x0000026918e12e20+0x00000000000002b4]
J 3278 c2 java.lang.ClassLoader.loadClass(Ljava/lang/String;)Ljava/lang/Class; java.base@17.0.19 (7 bytes) @ 0x0000026918df54e0 [0x0000026918df54a0+0x0000000000000040]
v  ~StubRoutines::call_stub
j  kotlin.time.Duration.<clinit>()V+0
v  ~StubRoutines::call_stub
j  org.jetbrains.kotlin.gradle.plugin.PropertiesProvider.<init>(Lorg/gradle/api/Project;)V+84
j  org.jetbrains.kotlin.gradle.plugin.PropertiesProvider.<init>(Lorg/gradle/api/Project;Lkotlin/jvm/internal/DefaultConstructorMarker;)V+2
j  org.jetbrains.kotlin.gradle.plugin.PropertiesProvider$Companion.invoke(Lorg/gradle/api/Project;)Lorg/jetbrains/kotlin/gradle/plugin/PropertiesProvider;+40
j  org.jetbrains.kotlin.gradle.plugin.PropertiesProvider$Companion.getKotlinPropertiesProvider$kotlin_gradle_plugin_common(Lorg/gradle/api/Project;)Lorg/jetbrains/kotlin/gradle/plugin/PropertiesProvider;+8
j  org.jetbrains.kotlin.gradle.plugin.statistics.BuildFusServiceKt.getBuildServiceShouldBeCreated(Lorg/gradle/api/Project;)Z+22
j  org.jetbrains.kotlin.gradle.plugin.statistics.BuildFusServiceKt.access$getBuildServiceShouldBeCreated(Lorg/gradle/api/Project;)Z+1
j  org.jetbrains.kotlin.gradle.plugin.statistics.BuildFusService$Companion.registerIfAbsent(Lorg/gradle/api/Project;Ljava/lang/String;Lorg/gradle/api/provider/Provider;)Lorg/gradle/api/provider/Provider;+19
j  org.jetbrains.kotlin.gradle.plugin.DefaultKotlinBasePlugin.apply(Lorg/gradle/api/Project;)V+55
j  org.jetbrains.kotlin.gradle.plugin.KotlinBasePluginWrapper.apply(Lorg/gradle/api/Project;)V+8
j  org.jetbrains.kotlin.gradle.plugin.KotlinPluginWrapper.apply(Lorg/gradle/api/Project;)V+12
j  org.jetbrains.kotlin.gradle.plugin.KotlinPluginWrapper.apply(Ljava/lang/Object;)V+5
j  org.gradle.api.internal.plugins.ImperativeOnlyPluginTarget.applyImperative(Ljava/lang/String;Lorg/gradle/api/Plugin;)V+13
j  org.gradle.api.internal.plugins.RuleBasedPluginTarget.applyImperative(Ljava/lang/String;Lorg/gradle/api/Plugin;)V+6
j  org.gradle.api.internal.plugins.DefaultPluginManager.addPlugin(Ljava/lang/Runnable;Lorg/gradle/api/internal/plugins/PluginImplementation;Ljava/lang/String;Ljava/lang/Class;)V+54
j  org.gradle.api.internal.plugins.DefaultPluginManager.access$100(Lorg/gradle/api/internal/plugins/DefaultPluginManager;Ljava/lang/Runnable;Lorg/gradle/api/internal/plugins/PluginImplementation;Ljava/lang/String;Ljava/lang/Class;)V+6
j  org.gradle.api.internal.plugins.DefaultPluginManager$AddPluginBuildOperation.run(Lorg/gradle/internal/operations/BuildOperationContext;)V+20
j  org.gradle.internal.operations.DefaultBuildOperationRunner$1.execute(Lorg/gradle/internal/operations/RunnableBuildOperation;Lorg/gradle/internal/operations/BuildOperationContext;)V+2
j  org.gradle.internal.operations.DefaultBuildOperationRunner$1.execute(Lorg/gradle/internal/operations/BuildOperation;Lorg/gradle/internal/operations/BuildOperationContext;)V+6
j  org.gradle.internal.operations.DefaultBuildOperationRunner$2.execute(Lorg/gradle/internal/operations/BuildOperationDescriptor;Lorg/gradle/internal/operations/BuildOperationState;Lorg/gradle/internal/operations/BuildOperationState;Lorg/gradle/internal/operations/DefaultBuildOperationRunner$ReadableBuildOperationContext;Lorg/gradle/internal/operations/DefaultBuildOperationRunner$BuildOperationExecutionListener;)Lorg/gradle/internal/operations/BuildOperation;+22
J 7610 c1 org.gradle.internal.operations.DefaultBuildOperationRunner$2.execute(Lorg/gradle/internal/operations/BuildOperationDescriptor;Lorg/gradle/internal/operations/BuildOperationState;Lorg/gradle/internal/operations/BuildOperationState;Lorg/gradle/internal/operations/DefaultBuildOperationRunner$ReadableBuildOperationContext;Lorg/gradle/internal/operations/DefaultBuildOperationRunner$BuildOperationExecutionListener;)Ljava/lang/Object; (12 bytes) @ 0x0000026911e102b4 [0x0000026911e10240+0x0000000000000074]
J 7476 c1 org.gradle.internal.operations.DefaultBuildOperationRunner.execute(Lorg/gradle/internal/operations/BuildOperationDescriptor$Builder;Lorg/gradle/internal/operations/BuildOperationState;Lorg/gradle/internal/operations/DefaultBuildOperationRunner$BuildOperationExecution;)Ljava/lang/Object; (147 bytes) @ 0x0000026911dc97d4 [0x0000026911dc8ce0+0x0000000000000af4]
J 7295 c1 org.gradle.internal.operations.DefaultBuildOperationRunner.execute(Lorg/gradle/internal/operations/BuildOperation;Lorg/gradle/internal/operations/BuildOperationWorker;Lorg/gradle/internal/operations/BuildOperationState;)V (23 bytes) @ 0x0000026911d7d684 [0x0000026911d7d3e0+0x00000000000002a4]
j  org.gradle.internal.operations.DefaultBuildOperationRunner.run(Lorg/gradle/internal/operations/RunnableBuildOperation;)V+9
j  org.gradle.api.internal.plugins.DefaultPluginManager.lambda$doApply$0(Ljava/lang/Runnable;Lorg/gradle/api/internal/plugins/PluginImplementation;Ljava/lang/String;Ljava/lang/Class;Lorg/gradle/internal/code/UserCodeApplicationId;)V+20
j  org.gradle.api.internal.plugins.DefaultPluginManager$$Lambda$1025+0x0000026929683a78.execute(Ljava/lang/Object;)V+24
j  org.gradle.internal.code.DefaultUserCodeApplicationContext.apply(Lorg/gradle/internal/code/UserCodeSource;Lorg/gradle/api/Action;)V+37
j  org.gradle.api.internal.plugins.DefaultPluginManager.doApply(Lorg/gradle/api/internal/plugins/PluginImplementation;)V+144
j  org.gradle.api.internal.plugins.DefaultPluginManager.apply(Lorg/gradle/api/internal/plugins/PluginImplementation;)V+2
j  org.gradle.plugin.use.resolve.internal.ClassPathPluginResolution.applyTo(Lorg/gradle/api/internal/plugins/PluginManagerInternal;)V+5
j  org.gradle.plugin.use.internal.DefaultPluginRequestApplicator$ApplyAction.apply(Lorg/gradle/api/internal/plugins/PluginManagerInternal;)V+21
j  org.gradle.plugin.use.internal.DefaultPluginRequestApplicator.lambda$applyPlugins$1(Lorg/gradle/api/internal/plugins/PluginManagerInternal;Lorg/gradle/plugin/use/internal/DefaultPluginRequestApplicator$ApplyAction;)V+2
j  org.gradle.plugin.use.internal.DefaultPluginRequestApplicator$$Lambda$1024+0x000002692967a5f0.accept(Ljava/lang/Object;)V+8
j  java.util.ArrayList.forEach(Ljava/util/function/Consumer;)V+46 java.base@17.0.19
j  org.gradle.plugin.use.internal.DefaultPluginRequestApplicator.applyPlugins(Lorg/gradle/plugin/management/internal/PluginRequests;Lorg/gradle/api/internal/initialization/ScriptHandlerInternal;Lorg/gradle/api/internal/plugins/PluginManagerInternal;Lorg/gradle/api/internal/initialization/ClassLoaderScope;)V+375
j  org.gradle.kotlin.dsl.provider.PluginRequestsHandler.handle(Lorg/gradle/plugin/management/internal/PluginRequests;Lorg/gradle/api/internal/initialization/ScriptHandlerInternal;Lorg/gradle/api/internal/plugins/PluginAwareInternal;Lorg/gradle/api/internal/initialization/ClassLoaderScope;)V+65
j  org.gradle.kotlin.dsl.provider.StandardKotlinScriptEvaluator$InterpreterHost.applyPluginsTo(Lorg/gradle/kotlin/dsl/support/KotlinScriptHost;Lorg/gradle/plugin/management/internal/PluginRequests;)V+53
j  org.gradle.kotlin.dsl.execution.Interpreter$ProgramHost.applyPluginsTo(Lorg/gradle/kotlin/dsl/support/KotlinScriptHost;Lorg/gradle/plugin/management/internal/PluginRequests;)V+21
j  Program.execute(Lorg/gradle/kotlin/dsl/execution/ExecutableProgram$Host;Lorg/gradle/kotlin/dsl/support/KotlinScriptHost;)V+38
j  org.gradle.kotlin.dsl.execution.Interpreter$ProgramHost.eval(Lorg/gradle/kotlin/dsl/execution/CompiledScript;Lorg/gradle/kotlin/dsl/support/KotlinScriptHost;)V+88
j  org.gradle.kotlin.dsl.execution.Interpreter.eval(Ljava/lang/Object;Lorg/gradle/groovy/scripts/ScriptSource;Lorg/gradle/internal/hash/HashCode;Lorg/gradle/api/initialization/dsl/ScriptHandler;Lorg/gradle/api/internal/initialization/ClassLoaderScope;Lorg/gradle/api/internal/initialization/ClassLoaderScope;ZLjava/util/EnumSet;)V+213
j  org.gradle.kotlin.dsl.provider.StandardKotlinScriptEvaluator.evaluate(Ljava/lang/Object;Lorg/gradle/groovy/scripts/ScriptSource;Lorg/gradle/api/initialization/dsl/ScriptHandler;Lorg/gradle/api/internal/initialization/ClassLoaderScope;Lorg/gradle/api/internal/initialization/ClassLoaderScope;ZLjava/util/EnumSet;)V+163
j  org.gradle.kotlin.dsl.provider.KotlinScriptPluginFactory$create$1.invoke(Ljava/lang/Object;)V+72
j  org.gradle.kotlin.dsl.provider.KotlinScriptPluginFactory$create$1.invoke(Ljava/lang/Object;)Ljava/lang/Object;+2
j  org.gradle.kotlin.dsl.provider.KotlinScriptPlugin.apply(Ljava/lang/Object;)V+22
j  org.gradle.configuration.BuildOperationScriptPlugin$1.run(Lorg/gradle/internal/operations/BuildOperationContext;)V+11
j  org.gradle.internal.operations.DefaultBuildOperationRunner$1.execute(Lorg/gradle/internal/operations/RunnableBuildOperation;Lorg/gradle/internal/operations/BuildOperationContext;)V+2
j  org.gradle.internal.operations.DefaultBuildOperationRunner$1.execute(Lorg/gradle/internal/operations/BuildOperation;Lorg/gradle/internal/operations/BuildOperationContext;)V+6
j  org.gradle.internal.operations.DefaultBuildOperationRunner$2.execute(Lorg/gradle/internal/operations/BuildOperationDescriptor;Lorg/gradle/internal/operations/BuildOperationState;Lorg/gradle/internal/operations/BuildOperationState;Lorg/gradle/internal/operations/DefaultBuildOperationRunner$ReadableBuildOperationContext;Lorg/gradle/internal/operations/DefaultBuildOperationRunner$BuildOperationExecutionListener;)Lorg/gradle/internal/operations/BuildOperation;+22
J 7610 c1 org.gradle.internal.operations.DefaultBuildOperationRunner$2.execute(Lorg/gradle/internal/operations/BuildOperationDescriptor;Lorg/gradle/internal/operations/BuildOperationState;Lorg/gradle/internal/operations/BuildOperationState;Lorg/gradle/internal/operations/DefaultBuildOperationRunner$ReadableBuildOperationContext;Lorg/gradle/internal/operations/DefaultBuildOperationRunner$BuildOperationExecutionListener;)Ljava/lang/Object; (12 bytes) @ 0x0000026911e102b4 [0x0000026911e10240+0x0000000000000074]
J 7476 c1 org.gradle.internal.operations.DefaultBuildOperationRunner.execute(Lorg/gradle/internal/operations/BuildOperationDescriptor$Builder;Lorg/gradle/internal/operations/BuildOperationState;Lorg/gradle/internal/operations/DefaultBuildOperationRunner$BuildOperationExecution;)Ljava/lang/Object; (147 bytes) @ 0x0000026911dc97d4 [0x0000026911dc8ce0+0x0000000000000af4]
J 7295 c1 org.gradle.internal.operations.DefaultBuildOperationRunner.execute(Lorg/gradle/internal/operations/BuildOperation;Lorg/gradle/internal/operations/BuildOperationWorker;Lorg/gradle/internal/operations/BuildOperationState;)V (23 bytes) @ 0x0000026911d7d684 [0x0000026911d7d3e0+0x00000000000002a4]
j  org.gradle.internal.operations.DefaultBuildOperationRunner.run(Lorg/gradle/internal/operations/RunnableBuildOperation;)V+9
j  org.gradle.configuration.BuildOperationScriptPlugin.lambda$apply$0(Ljava/lang/Object;Lorg/gradle/internal/code/UserCodeApplicationId;)V+14
j  org.gradle.configuration.BuildOperationScriptPlugin$$Lambda$351+0x00000269293894b0.execute(Ljava/lang/Object;)V+12
j  org.gradle.internal.code.DefaultUserCodeApplicationContext.apply(Lorg/gradle/internal/code/UserCodeSource;Lorg/gradle/api/Action;)V+37
j  org.gradle.configuration.BuildOperationScriptPlugin.apply(Ljava/lang/Object;)V+71
j  org.gradle.configuration.project.BuildScriptProcessor$$Lambda$1140+0x00000269297ac4c0.accept(Ljava/lang/Object;)V+8
j  org.gradle.api.internal.project.DefaultProjectStateRegistry$ProjectStateImpl.lambda$applyToMutableState$1(Ljava/util/function/Consumer;Lorg/gradle/api/internal/project/ProjectInternal;)Ljava/lang/Object;+2
j  org.gradle.api.internal.project.DefaultProjectStateRegistry$ProjectStateImpl$$Lambda$1105+0x0000026929767c68.apply(Ljava/lang/Object;)Ljava/lang/Object;+8
j  org.gradle.api.internal.project.DefaultProjectStateRegistry$ProjectStateImpl.fromMutableState(Ljava/util/function/Function;)Ljava/lang/Object;+97
j  org.gradle.api.internal.project.DefaultProjectStateRegistry$ProjectStateImpl.applyToMutableState(Ljava/util/function/Consumer;)V+7
j  org.gradle.configuration.project.BuildScriptProcessor.execute(Lorg/gradle/api/internal/project/ProjectInternal;)V+88
j  org.gradle.configuration.project.BuildScriptProcessor.execute(Ljava/lang/Object;)V+5
j  org.gradle.configuration.project.ConfigureActionsProjectEvaluator.evaluate(Lorg/gradle/api/internal/project/ProjectInternal;Lorg/gradle/api/internal/project/ProjectStateInternal;)V+33
j  org.gradle.configuration.project.LifecycleProjectEvaluator$EvaluateProject.lambda$run$0(Lorg/gradle/internal/operations/BuildOperationContext;Lorg/gradle/api/internal/project/ProjectInternal;)V+67
j  org.gradle.configuration.project.LifecycleProjectEvaluator$EvaluateProject$$Lambda$1112+0x000002692976ea98.accept(Ljava/lang/Object;)V+12
j  org.gradle.api.internal.project.DefaultProjectStateRegistry$ProjectStateImpl.lambda$applyToMutableState$1(Ljava/util/function/Consumer;Lorg/gradle/api/internal/project/ProjectInternal;)Ljava/lang/Object;+2
j  org.gradle.api.internal.project.DefaultProjectStateRegistry$ProjectStateImpl$$Lambda$1105+0x0000026929767c68.apply(Ljava/lang/Object;)Ljava/lang/Object;+8
j  org.gradle.api.internal.project.DefaultProjectStateRegistry$ProjectStateImpl.lambda$fromMutableState$2(Ljava/util/function/Function;)Ljava/lang/Object;+5
j  org.gradle.api.internal.project.DefaultProjectStateRegistry$ProjectStateImpl$$Lambda$1106+0x0000026929765000.create()Ljava/lang/Object;+8
j  org.gradle.internal.work.DefaultWorkerLeaseService.withReplacedLocks(Ljava/util/Collection;Lorg/gradle/internal/resources/ResourceLock;Lorg/gradle/internal/Factory;)Ljava/lang/Object;+40
j  org.gradle.api.internal.project.DefaultProjectStateRegistry$ProjectStateImpl.fromMutableState(Ljava/util/function/Function;)Ljava/lang/Object;+133
j  org.gradle.api.internal.project.DefaultProjectStateRegistry$ProjectStateImpl.applyToMutableState(Ljava/util/function/Consumer;)V+7
j  org.gradle.configuration.project.LifecycleProjectEvaluator$EvaluateProject.run(Lorg/gradle/internal/operations/BuildOperationContext;)V+16
j  org.gradle.internal.operations.DefaultBuildOperationRunner$1.execute(Lorg/gradle/internal/operations/RunnableBuildOperation;Lorg/gradle/internal/operations/BuildOperationContext;)V+2
j  org.gradle.internal.operations.DefaultBuildOperationRunner$1.execute(Lorg/gradle/internal/operations/BuildOperation;Lorg/gradle/internal/operations/BuildOperationContext;)V+6
j  org.gradle.internal.operations.DefaultBuildOperationRunner$2.execute(Lorg/gradle/internal/operations/BuildOperationDescriptor;Lorg/gradle/internal/operations/BuildOperationState;Lorg/gradle/internal/operations/BuildOperationState;Lorg/gradle/internal/operations/DefaultBuildOperationRunner$ReadableBuildOperationContext;Lorg/gradle/internal/operations/DefaultBuildOperationRunner$BuildOperationExecutionListener;)Lorg/gradle/internal/operations/BuildOperation;+22
J 7610 c1 org.gradle.internal.operations.DefaultBuildOperationRunner$2.execute(Lorg/gradle/internal/operations/BuildOperationDescriptor;Lorg/gradle/internal/operations/BuildOperationState;Lorg/gradle/internal/operations/BuildOperationState;Lorg/gradle/internal/operations/DefaultBuildOperationRunner$ReadableBuildOperationContext;Lorg/gradle/internal/operations/DefaultBuildOperationRunner$BuildOperationExecutionListener;)Ljava/lang/Object; (12 bytes) @ 0x0000026911e102b4 [0x0000026911e10240+0x0000000000000074]
J 7476 c1 org.gradle.internal.operations.DefaultBuildOperationRunner.execute(Lorg/gradle/internal/operations/BuildOperationDescriptor$Builder;Lorg/gradle/internal/operations/BuildOperationState;Lorg/gradle/internal/operations/DefaultBuildOperationRunner$BuildOperationExecution;)Ljava/lang/Object; (147 bytes) @ 0x0000026911dc97d4 [0x0000026911dc8ce0+0x0000000000000af4]
J 7295 c1 org.gradle.internal.operations.DefaultBuildOperationRunner.execute(Lorg/gradle/internal/operations/BuildOperation;Lorg/gradle/internal/operations/BuildOperationWorker;Lorg/gradle/internal/operations/BuildOperationState;)V (23 bytes) @ 0x0000026911d7d684 [0x0000026911d7d3e0+0x00000000000002a4]
j  org.gradle.internal.operations.DefaultBuildOperationRunner.run(Lorg/gradle/internal/operations/RunnableBuildOperation;)V+9
j  org.gradle.configuration.project.LifecycleProjectEvaluator.evaluate(Lorg/gradle/api/internal/project/ProjectInternal;Lorg/gradle/api/internal/project/ProjectStateInternal;)V+42
j  org.gradle.api.internal.project.DefaultProject.evaluateUnchecked()Lorg/gradle/api/internal/project/ProjectInternal;+20
j  org.gradle.api.internal.project.ProjectLifecycleController.lambda$ensureSelfConfigured$2()V+4
j  org.gradle.api.internal.project.ProjectLifecycleController$$Lambda$1110+0x000002692976d088.run()V+4
j  org.gradle.internal.model.StateTransitionController.lambda$doTransition$14(Ljava/lang/Runnable;)Lorg/gradle/internal/build/ExecutionResult;+1
j  org.gradle.internal.model.StateTransitionController$$Lambda$329+0x0000026929359c48.get()Ljava/lang/Object;+4
j  org.gradle.internal.model.StateTransitionController.doTransition(Lorg/gradle/internal/model/StateTransitionController$State;Lorg/gradle/internal/model/StateTransitionController$State;Ljava/util/function/Supplier;)Lorg/gradle/internal/build/ExecutionResult;+24
j  org.gradle.internal.model.StateTransitionController.doTransition(Lorg/gradle/internal/model/StateTransitionController$State;Lorg/gradle/internal/model/StateTransitionController$State;Ljava/lang/Runnable;)V+9
j  org.gradle.internal.model.StateTransitionController.lambda$maybeTransitionIfNotCurrentlyTransitioning$10(Lorg/gradle/internal/model/StateTransitionController$State;Lorg/gradle/internal/model/StateTransitionController$State;Ljava/lang/Runnable;)V+16
j  org.gradle.internal.model.StateTransitionController$$Lambda$1111+0x000002692976d2a8.run()V+16
j  org.gradle.internal.work.DefaultSynchronizer.withLock(Ljava/lang/Runnable;)V+6
j  org.gradle.internal.model.StateTransitionController.maybeTransitionIfNotCurrentlyTransitioning(Lorg/gradle/internal/model/StateTransitionController$State;Lorg/gradle/internal/model/StateTransitionController$State;Ljava/lang/Runnable;)V+13
j  org.gradle.api.internal.project.ProjectLifecycleController.ensureSelfConfigured()V+16
j  org.gradle.api.internal.project.DefaultProjectStateRegistry$ProjectStateImpl.ensureConfigured()V+19
j  org.gradle.execution.TaskPathProjectEvaluator.configure(Lorg/gradle/api/internal/project/ProjectInternal;)V+6
j  org.gradle.execution.TaskPathProjectEvaluator.configureHierarchy(Lorg/gradle/api/internal/project/ProjectInternal;)V+41
j  org.gradle.configuration.DefaultProjectsPreparer.prepareProjects(Lorg/gradle/api/internal/GradleInternal;)V+52
j  org.gradle.configuration.BuildTreePreparingProjectsPreparer.prepareProjects(Lorg/gradle/api/internal/GradleInternal;)V+114
j  org.gradle.configuration.BuildOperationFiringProjectsPreparer$ConfigureBuild.run(Lorg/gradle/internal/operations/BuildOperationContext;)V+11
j  org.gradle.internal.operations.DefaultBuildOperationRunner$1.execute(Lorg/gradle/internal/operations/RunnableBuildOperation;Lorg/gradle/internal/operations/BuildOperationContext;)V+2
j  org.gradle.internal.operations.DefaultBuildOperationRunner$1.execute(Lorg/gradle/internal/operations/BuildOperation;Lorg/gradle/internal/operations/BuildOperationContext;)V+6
j  org.gradle.internal.operations.DefaultBuildOperationRunner$2.execute(Lorg/gradle/internal/operations/BuildOperationDescriptor;Lorg/gradle/internal/operations/BuildOperationState;Lorg/gradle/internal/operations/BuildOperationState;Lorg/gradle/internal/operations/DefaultBuildOperationRunner$ReadableBuildOperationContext;Lorg/gradle/internal/operations/DefaultBuildOperationRunner$BuildOperationExecutionListener;)Lorg/gradle/internal/operations/BuildOperation;+22
j  org.gradle.internal.operations.DefaultBuildOperationRunner$2.execute(Lorg/gradle/internal/operations/BuildOperationDescriptor;Lorg/gradle/internal/operations/BuildOperationState;Lorg/gradle/internal/operations/BuildOperationState;Lorg/gradle/internal/operations/DefaultBuildOperationRunner$ReadableBuildOperationContext;Lorg/gradle/internal/operations/DefaultBuildOperationRunner$BuildOperationExecutionListener;)Ljava/lang/Object;+8
j  org.gradle.internal.operations.DefaultBuildOperationRunner.execute(Lorg/gradle/internal/operations/BuildOperationDescriptor$Builder;Lorg/gradle/internal/operations/BuildOperationState;Lorg/gradle/internal/operations/DefaultBuildOperationRunner$BuildOperationExecution;)Ljava/lang/Object;+141
j  org.gradle.internal.operations.DefaultBuildOperationRunner.execute(Lorg/gradle/internal/operations/BuildOperation;Lorg/gradle/internal/operations/BuildOperationWorker;Lorg/gradle/internal/operations/BuildOperationState;)V+18
j  org.gradle.internal.operations.DefaultBuildOperationRunner.run(Lorg/gradle/internal/operations/RunnableBuildOperation;)V+9
j  org.gradle.configuration.BuildOperationFiringProjectsPreparer.prepareProjects(Lorg/gradle/api/internal/GradleInternal;)V+13
j  org.gradle.initialization.VintageBuildModelController.lambda$prepareProjects$2()V+8
j  org.gradle.initialization.VintageBuildModelController$$Lambda$1061+0x0000026929714220.run()V+4
j  org.gradle.internal.model.StateTransitionController.lambda$doTransition$14(Ljava/lang/Runnable;)Lorg/gradle/internal/build/ExecutionResult;+1
j  org.gradle.internal.model.StateTransitionController$$Lambda$329+0x0000026929359c48.get()Ljava/lang/Object;+4
j  org.gradle.internal.model.StateTransitionController.doTransition(Lorg/gradle/internal/model/StateTransitionController$State;Lorg/gradle/internal/model/StateTransitionController$State;Ljava/util/function/Supplier;)Lorg/gradle/internal/build/ExecutionResult;+24
j  org.gradle.internal.model.StateTransitionController.doTransition(Lorg/gradle/internal/model/StateTransitionController$State;Lorg/gradle/internal/model/StateTransitionController$State;Ljava/lang/Runnable;)V+9
j  org.gradle.internal.model.StateTransitionController.lambda$transitionIfNotPreviously$11(Lorg/gradle/internal/model/StateTransitionController$State;Lorg/gradle/internal/model/StateTransitionController$State;Ljava/lang/Runnable;)V+16
j  org.gradle.internal.model.StateTransitionController$$Lambda$331+0x0000026929358a20.run()V+16
j  org.gradle.internal.work.DefaultSynchronizer.withLock(Ljava/lang/Runnable;)V+6
j  org.gradle.internal.model.StateTransitionController.transitionIfNotPreviously(Lorg/gradle/internal/model/StateTransitionController$State;Lorg/gradle/internal/model/StateTransitionController$State;Ljava/lang/Runnable;)V+13
j  org.gradle.initialization.VintageBuildModelController.prepareProjects()V+16
j  org.gradle.initialization.VintageBuildModelController.getConfiguredModel()Lorg/gradle/api/internal/GradleInternal;+5
j  org.gradle.internal.build.DefaultBuildLifecycleController$$Lambda$1060+0x0000026929714000.get()Ljava/lang/Object;+4
j  org.gradle.internal.model.StateTransitionController.lambda$notInState$3(Lorg/gradle/internal/model/StateTransitionController$State;Ljava/util/function/Supplier;)Ljava/lang/Object;+11
j  org.gradle.internal.model.StateTransitionController$$Lambda$720+0x0000026929555518.create()Ljava/lang/Object;+12
j  org.gradle.internal.work.DefaultSynchronizer.withLock(Lorg/gradle/internal/Factory;)Ljava/lang/Object;+6
j  org.gradle.internal.model.StateTransitionController.notInState(Lorg/gradle/internal/model/StateTransitionController$State;Ljava/util/function/Supplier;)Ljava/lang/Object;+12
j  org.gradle.internal.build.DefaultBuildLifecycleController.configureProjects()V+21
j  org.gradle.internal.build.AbstractBuildState.ensureProjectsConfigured()V+4
j  org.gradle.internal.buildtree.BuildInclusionCoordinator$$Lambda$1057+0x00000269297096d8.run()V+4
j  org.gradle.internal.buildtree.BuildInclusionCoordinator$BuildSynchronizer.lambda$withLock$0(Ljava/lang/Runnable;)V+14
j  org.gradle.internal.buildtree.BuildInclusionCoordinator$BuildSynchronizer$$Lambda$1059+0x0000026929709d48.run()V+8
j  org.gradle.internal.work.DefaultSynchronizer.withLock(Ljava/lang/Runnable;)V+6
j  org.gradle.internal.buildtree.BuildInclusionCoordinator$BuildSynchronizer.withLock(Ljava/lang/Runnable;)V+11
j  org.gradle.internal.buildtree.BuildInclusionCoordinator.withLockForBuild(Lorg/gradle/internal/build/BuildState;Ljava/lang/Runnable;)V+20
j  org.gradle.internal.buildtree.BuildInclusionCoordinator.prepareForPluginResolution(Lorg/gradle/internal/build/IncludedBuildState;)V+13
j  org.gradle.internal.composite.DefaultBuildIncluder.prepareForPluginResolution(Lorg/gradle/internal/build/IncludedBuildState;)V+5
j  org.gradle.composite.internal.plugins.CompositeBuildPluginResolverContributor$CompositeBuildPluginResolver.resolveFromIncludedPluginBuilds(Lorg/gradle/plugin/use/PluginId;)Lorg/gradle/plugin/use/resolve/internal/PluginResolution;+39
j  org.gradle.composite.internal.plugins.CompositeBuildPluginResolverContributor$CompositeBuildPluginResolver.doResolve(Lorg/gradle/plugin/use/PluginId;)Lorg/gradle/composite/internal/plugins/CompositeBuildPluginResolverContributor$PluginResult;+2
j  org.gradle.composite.internal.plugins.CompositeBuildPluginResolverContributor$CompositeBuildPluginResolver$$Lambda$711+0x0000026929550670.apply(Ljava/lang/Object;)Ljava/lang/Object;+8
J 4211 c2 java.util.concurrent.ConcurrentHashMap.computeIfAbsent(Ljava/lang/Object;Ljava/util/function/Function;)Ljava/lang/Object; java.base@17.0.19 (576 bytes) @ 0x0000026918e92078 [0x0000026918e91860+0x0000000000000818]
j  org.gradle.composite.internal.plugins.CompositeBuildPluginResolverContributor$CompositeBuildPluginResolver.resolve(Lorg/gradle/plugin/management/internal/PluginRequestInternal;)Lorg/gradle/plugin/use/resolve/internal/PluginResolutionResult;+16
j  org.gradle.plugin.use.resolve.internal.CompositePluginResolver.resolve(Lorg/gradle/plugin/management/internal/PluginRequestInternal;)Lorg/gradle/plugin/use/resolve/internal/PluginResolutionResult;+37
j  org.gradle.plugin.use.resolve.internal.AlreadyOnClasspathPluginResolver.resolve(Lorg/gradle/plugin/management/internal/PluginRequestInternal;)Lorg/gradle/plugin/use/resolve/internal/PluginResolutionResult;+28
j  org.gradle.plugin.use.internal.DefaultPluginRequestApplicator.resolvePluginRequest(Lorg/gradle/plugin/use/resolve/internal/PluginResolver;Lorg/gradle/plugin/management/internal/PluginRequestInternal;)Lorg/gradle/plugin/use/resolve/internal/PluginResolution;+2
j  org.gradle.plugin.use.internal.DefaultPluginRequestApplicator.applyPlugins(Lorg/gradle/plugin/management/internal/PluginRequests;Lorg/gradle/api/internal/initialization/ScriptHandlerInternal;Lorg/gradle/api/internal/plugins/PluginManagerInternal;Lorg/gradle/api/internal/initialization/ClassLoaderScope;)V+136
j  org.gradle.configuration.DefaultScriptPluginFactory$ScriptPluginImpl.apply(Ljava/lang/Object;)V+174
j  org.gradle.configuration.BuildOperationScriptPlugin$1.run(Lorg/gradle/internal/operations/BuildOperationContext;)V+11
j  org.gradle.internal.operations.DefaultBuildOperationRunner$1.execute(Lorg/gradle/internal/operations/RunnableBuildOperation;Lorg/gradle/internal/operations/BuildOperationContext;)V+2
j  org.gradle.internal.operations.DefaultBuildOperationRunner$1.execute(Lorg/gradle/internal/operations/BuildOperation;Lorg/gradle/internal/operations/BuildOperationContext;)V+6
j  org.gradle.internal.operations.DefaultBuildOperationRunner$2.execute(Lorg/gradle/internal/operations/BuildOperationDescriptor;Lorg/gradle/internal/operations/BuildOperationState;Lorg/gradle/internal/operations/BuildOperationState;Lorg/gradle/internal/operations/DefaultBuildOperationRunner$ReadableBuildOperationContext;Lorg/gradle/internal/operations/DefaultBuildOperationRunner$BuildOperationExecutionListener;)Lorg/gradle/internal/operations/BuildOperation;+22
j  org.gradle.internal.operations.DefaultBuildOperationRunner$2.execute(Lorg/gradle/internal/operations/BuildOperationDescriptor;Lorg/gradle/internal/operations/BuildOperationState;Lorg/gradle/internal/operations/BuildOperationState;Lorg/gradle/internal/operations/DefaultBuildOperationRunner$ReadableBuildOperationContext;Lorg/gradle/internal/operations/DefaultBuildOperationRunner$BuildOperationExecutionListener;)Ljava/lang/Object;+8
j  org.gradle.internal.operations.DefaultBuildOperationRunner.execute(Lorg/gradle/internal/operations/BuildOperationDescriptor$Builder;Lorg/gradle/internal/operations/BuildOperationState;Lorg/gradle/internal/operations/DefaultBuildOperationRunner$BuildOperationExecution;)Ljava/lang/Object;+141
j  org.gradle.internal.operations.DefaultBuildOperationRunner.execute(Lorg/gradle/internal/operations/BuildOperation;Lorg/gradle/internal/operations/BuildOperationWorker;Lorg/gradle/internal/operations/BuildOperationState;)V+18
j  org.gradle.internal.operations.DefaultBuildOperationRunner.run(Lorg/gradle/internal/operations/RunnableBuildOperation;)V+9
j  org.gradle.configuration.BuildOperationScriptPlugin.lambda$apply$0(Ljava/lang/Object;Lorg/gradle/internal/code/UserCodeApplicationId;)V+14
j  org.gradle.configuration.BuildOperationScriptPlugin$$Lambda$351+0x00000269293894b0.execute(Ljava/lang/Object;)V+12
j  org.gradle.internal.code.DefaultUserCodeApplicationContext.apply(Lorg/gradle/internal/code/UserCodeSource;Lorg/gradle/api/Action;)V+37
j  org.gradle.configuration.BuildOperationScriptPlugin.apply(Ljava/lang/Object;)V+71
j  org.gradle.initialization.ScriptEvaluatingSettingsProcessor.applySettingsScript(Lorg/gradle/groovy/scripts/TextResourceScriptSource;Lorg/gradle/api/internal/SettingsInternal;)V+32
j  org.gradle.initialization.ScriptEvaluatingSettingsProcessor.process(Lorg/gradle/api/internal/GradleInternal;Lorg/gradle/initialization/SettingsLocation;Lorg/gradle/api/internal/initialization/ClassLoaderScope;Lorg/gradle/StartParameter;)Lorg/gradle/initialization/SettingsState;+90
j  org.gradle.initialization.SettingsEvaluatedCallbackFiringSettingsProcessor.process(Lorg/gradle/api/internal/GradleInternal;Lorg/gradle/initialization/SettingsLocation;Lorg/gradle/api/internal/initialization/ClassLoaderScope;Lorg/gradle/StartParameter;)Lorg/gradle/initialization/SettingsState;+9
j  org.gradle.initialization.RootBuildCacheControllerSettingsProcessor.process(Lorg/gradle/api/internal/GradleInternal;Lorg/gradle/initialization/SettingsLocation;Lorg/gradle/api/internal/initialization/ClassLoaderScope;Lorg/gradle/StartParameter;)Lorg/gradle/initialization/SettingsState;+9
j  org.gradle.initialization.BuildOperationSettingsProcessor$2.call(Lorg/gradle/internal/operations/BuildOperationContext;)Lorg/gradle/initialization/SettingsState;+23
j  org.gradle.initialization.BuildOperationSettingsProcessor$2.call(Lorg/gradle/internal/operations/BuildOperationContext;)Ljava/lang/Object;+2
j  org.gradle.internal.operations.DefaultBuildOperationRunner$CallableBuildOperationWorker.execute(Lorg/gradle/internal/operations/CallableBuildOperation;Lorg/gradle/internal/operations/BuildOperationContext;)V+3
j  org.gradle.internal.operations.DefaultBuildOperationRunner$CallableBuildOperationWorker.execute(Lorg/gradle/internal/operations/BuildOperation;Lorg/gradle/internal/operations/BuildOperationContext;)V+6
j  org.gradle.internal.operations.DefaultBuildOperationRunner$2.execute(Lorg/gradle/internal/operations/BuildOperationDescriptor;Lorg/gradle/internal/operations/BuildOperationState;Lorg/gradle/internal/operations/BuildOperationState;Lorg/gradle/internal/operations/DefaultBuildOperationRunner$ReadableBuildOperationContext;Lorg/gradle/internal/operations/DefaultBuildOperationRunner$BuildOperationExecutionListener;)Lorg/gradle/internal/operations/BuildOperation;+22
j  org.gradle.internal.operations.DefaultBuildOperationRunner$2.execute(Lorg/gradle/internal/operations/BuildOperationDescriptor;Lorg/gradle/internal/operations/BuildOperationState;Lorg/gradle/internal/operations/BuildOperationState;Lorg/gradle/internal/operations/DefaultBuildOperationRunner$ReadableBuildOperationContext;Lorg/gradle/internal/operations/DefaultBuildOperationRunner$BuildOperationExecutionListener;)Ljava/lang/Object;+8
j  org.gradle.internal.operations.DefaultBuildOperationRunner.execute(Lorg/gradle/internal/operations/BuildOperationDescriptor$Builder;Lorg/gradle/internal/operations/BuildOperationState;Lorg/gradle/internal/operations/DefaultBuildOperationRunner$BuildOperationExecution;)Ljava/lang/Object;+141
j  org.gradle.internal.operations.DefaultBuildOperationRunner.execute(Lorg/gradle/internal/operations/BuildOperation;Lorg/gradle/internal/operations/BuildOperationWorker;Lorg/gradle/internal/operations/BuildOperationState;)V+18
j  org.gradle.internal.operations.DefaultBuildOperationRunner.call(Lorg/gradle/internal/operations/CallableBuildOperation;)Ljava/lang/Object;+16
j  org.gradle.initialization.BuildOperationSettingsProcessor.process(Lorg/gradle/api/internal/GradleInternal;Lorg/gradle/initialization/SettingsLocation;Lorg/gradle/api/internal/initialization/ClassLoaderScope;Lorg/gradle/StartParameter;)Lorg/gradle/initialization/SettingsState;+17
j  org.gradle.initialization.DefaultSettingsLoader.findSettingsAndLoadIfAppropriate(Lorg/gradle/api/internal/GradleInternal;Lorg/gradle/StartParameter;Lorg/gradle/initialization/SettingsLocation;Lorg/gradle/api/internal/initialization/ClassLoaderScope;)Lorg/gradle/initialization/SettingsState;+9
j  org.gradle.initialization.DefaultSettingsLoader.findAndLoadSettings(Lorg/gradle/api/internal/GradleInternal;)Lorg/gradle/initialization/SettingsState;+103
j  org.gradle.initialization.SettingsAttachingSettingsLoader.findAndLoadSettings(Lorg/gradle/api/internal/GradleInternal;)Lorg/gradle/initialization/SettingsState;+5
j  org.gradle.internal.composite.CommandLineIncludedBuildSettingsLoader.findAndLoadSettings(Lorg/gradle/api/internal/GradleInternal;)Lorg/gradle/initialization/SettingsState;+5
j  org.gradle.internal.composite.ChildBuildRegisteringSettingsLoader.findAndLoadSettings(Lorg/gradle/api/internal/GradleInternal;)Lorg/gradle/initialization/SettingsState;+5
j  org.gradle.internal.composite.CompositeBuildSettingsLoader.findAndLoadSettings(Lorg/gradle/api/internal/GradleInternal;)Lorg/gradle/initialization/SettingsState;+5
j  org.gradle.initialization.InitScriptHandlingSettingsLoader.findAndLoadSettings(Lorg/gradle/api/internal/GradleInternal;)Lorg/gradle/initialization/SettingsState;+13
j  org.gradle.api.internal.initialization.CacheConfigurationsHandlingSettingsLoader.findAndLoadSettings(Lorg/gradle/api/internal/GradleInternal;)Lorg/gradle/initialization/SettingsState;+15
j  org.gradle.initialization.GradlePropertiesHandlingSettingsLoader.findAndLoadSettings(Lorg/gradle/api/internal/GradleInternal;)Lorg/gradle/initialization/SettingsState;+40
j  org.gradle.initialization.DefaultSettingsPreparer.prepareSettings(Lorg/gradle/api/internal/GradleInternal;)V+33
j  org.gradle.initialization.BuildOperationFiringSettingsPreparer$LoadBuild.doLoadBuild()V+11
j  org.gradle.initialization.BuildOperationFiringSettingsPreparer$LoadBuild.run(Lorg/gradle/internal/operations/BuildOperationContext;)V+1
j  org.gradle.internal.operations.DefaultBuildOperationRunner$1.execute(Lorg/gradle/internal/operations/RunnableBuildOperation;Lorg/gradle/internal/operations/BuildOperationContext;)V+2
j  org.gradle.internal.operations.DefaultBuildOperationRunner$1.execute(Lorg/gradle/internal/operations/BuildOperation;Lorg/gradle/internal/operations/BuildOperationContext;)V+6
j  org.gradle.internal.operations.DefaultBuildOperationRunner$2.execute(Lorg/gradle/internal/operations/BuildOperationDescriptor;Lorg/gradle/internal/operations/BuildOperationState;Lorg/gradle/internal/operations/BuildOperationState;Lorg/gradle/internal/operations/DefaultBuildOperationRunner$ReadableBuildOperationContext;Lorg/gradle/internal/operations/DefaultBuildOperationRunner$BuildOperationExecutionListener;)Lorg/gradle/internal/operations/BuildOperation;+22
j  org.gradle.internal.operations.DefaultBuildOperationRunner$2.execute(Lorg/gradle/internal/operations/BuildOperationDescriptor;Lorg/gradle/internal/operations/BuildOperationState;Lorg/gradle/internal/operations/BuildOperationState;Lorg/gradle/internal/operations/DefaultBuildOperationRunner$ReadableBuildOperationContext;Lorg/gradle/internal/operations/DefaultBuildOperationRunner$BuildOperationExecutionListener;)Ljava/lang/Object;+8
j  org.gradle.internal.operations.DefaultBuildOperationRunner.execute(Lorg/gradle/internal/operations/BuildOperationDescriptor$Builder;Lorg/gradle/internal/operations/BuildOperationState;Lorg/gradle/internal/operations/DefaultBuildOperationRunner$BuildOperationExecution;)Ljava/lang/Object;+141
j  org.gradle.internal.operations.DefaultBuildOperationRunner.execute(Lorg/gradle/internal/operations/BuildOperation;Lorg/gradle/internal/operations/BuildOperationWorker;Lorg/gradle/internal/operations/BuildOperationState;)V+18
j  org.gradle.internal.operations.DefaultBuildOperationRunner.run(Lorg/gradle/internal/operations/RunnableBuildOperation;)V+9
j  org.gradle.initialization.BuildOperationFiringSettingsPreparer.prepareSettings(Lorg/gradle/api/internal/GradleInternal;)V+31
j  org.gradle.initialization.VintageBuildModelController.lambda$prepareSettings$1()V+8
j  org.gradle.initialization.VintageBuildModelController$$Lambda$330+0x0000026929358800.run()V+4
j  org.gradle.internal.model.StateTransitionController.lambda$doTransition$14(Ljava/lang/Runnable;)Lorg/gradle/internal/build/ExecutionResult;+1
j  org.gradle.internal.model.StateTransitionController$$Lambda$329+0x0000026929359c48.get()Ljava/lang/Object;+4
j  org.gradle.internal.model.StateTransitionController.doTransition(Lorg/gradle/internal/model/StateTransitionController$State;Lorg/gradle/internal/model/StateTransitionController$State;Ljava/util/function/Supplier;)Lorg/gradle/internal/build/ExecutionResult;+24
j  org.gradle.internal.model.StateTransitionController.doTransition(Lorg/gradle/internal/model/StateTransitionController$State;Lorg/gradle/internal/model/StateTransitionController$State;Ljava/lang/Runnable;)V+9
j  org.gradle.internal.model.StateTransitionController.lambda$transitionIfNotPreviously$11(Lorg/gradle/internal/model/StateTransitionController$State;Lorg/gradle/internal/model/StateTransitionController$State;Ljava/lang/Runnable;)V+16
j  org.gradle.internal.model.StateTransitionController$$Lambda$331+0x0000026929358a20.run()V+16
j  org.gradle.internal.work.DefaultSynchronizer.withLock(Ljava/lang/Runnable;)V+6
j  org.gradle.internal.model.StateTransitionController.transitionIfNotPreviously(Lorg/gradle/internal/model/StateTransitionController$State;Lorg/gradle/internal/model/StateTransitionController$State;Ljava/lang/Runnable;)V+13
j  org.gradle.initialization.VintageBuildModelController.prepareSettings()V+16
j  org.gradle.initialization.VintageBuildModelController.prepareToScheduleTasks()V+1
j  org.gradle.internal.build.DefaultBuildLifecycleController.lambda$prepareToScheduleTasks$6()V+9
j  org.gradle.internal.build.DefaultBuildLifecycleController$$Lambda$327+0x0000026929359808.run()V+4
j  org.gradle.internal.model.StateTransitionController.lambda$doTransition$14(Ljava/lang/Runnable;)Lorg/gradle/internal/build/ExecutionResult;+1
j  org.gradle.internal.model.StateTransitionController$$Lambda$329+0x0000026929359c48.get()Ljava/lang/Object;+4
j  org.gradle.internal.model.StateTransitionController.doTransition(Lorg/gradle/internal/model/StateTransitionController$State;Lorg/gradle/internal/model/StateTransitionController$State;Ljava/util/function/Supplier;)Lorg/gradle/internal/build/ExecutionResult;+24
j  org.gradle.internal.model.StateTransitionController.doTransition(Lorg/gradle/internal/model/StateTransitionController$State;Lorg/gradle/internal/model/StateTransitionController$State;Ljava/lang/Runnable;)V+9
j  org.gradle.internal.model.StateTransitionController.lambda$maybeTransition$9(Lorg/gradle/internal/model/StateTransitionController$State;Lorg/gradle/internal/model/StateTransitionController$State;Ljava/lang/Runnable;)V+16
j  org.gradle.internal.model.StateTransitionController$$Lambda$328+0x0000026929359a28.run()V+16
j  org.gradle.internal.work.DefaultSynchronizer.withLock(Ljava/lang/Runnable;)V+6
j  org.gradle.internal.model.StateTransitionController.maybeTransition(Lorg/gradle/internal/model/StateTransitionController$State;Lorg/gradle/internal/model/StateTransitionController$State;Ljava/lang/Runnable;)V+13
j  org.gradle.internal.build.DefaultBuildLifecycleController.prepareToScheduleTasks()V+16
j  org.gradle.internal.buildtree.DefaultBuildTreeWorkPreparer.scheduleRequestedTasks(Lorg/gradle/internal/buildtree/BuildTreeWorkGraph;Lorg/gradle/execution/EntryTaskSelector;)Lorg/gradle/internal/buildtree/BuildTreeWorkGraph$FinalizedGraph;+4
j  org.gradle.internal.cc.impl.VintageBuildTreeWorkController$scheduleAndRunRequestedTasks$1.apply(Lorg/gradle/internal/buildtree/BuildTreeWorkGraph;)Lorg/gradle/internal/build/ExecutionResult;+18
j  org.gradle.internal.cc.impl.VintageBuildTreeWorkController$scheduleAndRunRequestedTasks$1.apply(Ljava/lang/Object;)Ljava/lang/Object;+5
j  org.gradle.composite.internal.DefaultIncludedBuildTaskGraph.withNewWorkGraph(Ljava/util/function/Function;)Ljava/lang/Object;+30
j  org.gradle.internal.cc.impl.VintageBuildTreeWorkController.scheduleAndRunRequestedTasks(Lorg/gradle/execution/EntryTaskSelector;)Lorg/gradle/internal/build/ExecutionResult;+16
j  org.gradle.internal.buildtree.DefaultBuildTreeLifecycleController.lambda$scheduleAndRunTasks$1(Lorg/gradle/execution/EntryTaskSelector;)Lorg/gradle/internal/build/ExecutionResult;+5
j  org.gradle.internal.buildtree.DefaultBuildTreeLifecycleController$$Lambda$322+0x000002692935b7e0.get()Ljava/lang/Object;+8
j  org.gradle.internal.buildtree.DefaultBuildTreeLifecycleController.lambda$runBuild$4(Ljava/util/function/Supplier;)Ljava/lang/Object;+1
j  org.gradle.internal.buildtree.DefaultBuildTreeLifecycleController$$Lambda$323+0x000002692935ba00.get()Ljava/lang/Object;+8
j  org.gradle.internal.model.StateTransitionController.lambda$transition$6(Ljava/util/function/Supplier;)Lorg/gradle/internal/build/ExecutionResult;+1
j  org.gradle.internal.model.StateTransitionController$$Lambda$325+0x0000026929359000.get()Ljava/lang/Object;+4
j  org.gradle.internal.model.StateTransitionController.doTransition(Lorg/gradle/internal/model/StateTransitionController$State;Lorg/gradle/internal/model/StateTransitionController$State;Ljava/util/function/Supplier;)Lorg/gradle/internal/build/ExecutionResult;+24
j  org.gradle.internal.model.StateTransitionController.lambda$transition$7(Lorg/gradle/internal/model/StateTransitionController$State;Lorg/gradle/internal/model/StateTransitionController$State;Ljava/util/function/Supplier;)Ljava/lang/Object;+9
j  org.gradle.internal.model.StateTransitionController$$Lambda$324+0x000002692935bc20.create()Ljava/lang/Object;+16
j  org.gradle.internal.work.DefaultSynchronizer.withLock(Lorg/gradle/internal/Factory;)Ljava/lang/Object;+6
j  org.gradle.internal.model.StateTransitionController.transition(Lorg/gradle/internal/model/StateTransitionController$State;Lorg/gradle/internal/model/StateTransitionController$State;Ljava/util/function/Supplier;)Ljava/lang/Object;+13
j  org.gradle.internal.buildtree.DefaultBuildTreeLifecycleController.runBuild(Ljava/util/function/Supplier;)Ljava/lang/Object;+17
j  org.gradle.internal.buildtree.DefaultBuildTreeLifecycleController.scheduleAndRunTasks(Lorg/gradle/execution/EntryTaskSelector;)V+8
j  org.gradle.internal.buildtree.DefaultBuildTreeLifecycleController.scheduleAndRunTasks()V+2
j  org.gradle.tooling.internal.provider.runner.BuildModelActionRunner.run(Lorg/gradle/internal/invocation/BuildAction;Lorg/gradle/internal/buildtree/BuildTreeLifecycleController;)Lorg/gradle/internal/buildtree/BuildActionRunner$Result;+65
j  org.gradle.launcher.exec.ChainingBuildActionRunner.run(Lorg/gradle/internal/invocation/BuildAction;Lorg/gradle/internal/buildtree/BuildTreeLifecycleController;)Lorg/gradle/internal/buildtree/BuildActionRunner$Result;+34
j  org.gradle.internal.buildtree.ProblemReportingBuildActionRunner.run(Lorg/gradle/internal/invocation/BuildAction;Lorg/gradle/internal/buildtree/BuildTreeLifecycleController;)Lorg/gradle/internal/buildtree/BuildActionRunner$Result;+12
j  org.gradle.launcher.exec.BuildOutcomeReportingBuildActionRunner.run(Lorg/gradle/internal/invocation/BuildAction;Lorg/gradle/internal/buildtree/BuildTreeLifecycleController;)Lorg/gradle/internal/buildtree/BuildActionRunner$Result;+69
j  org.gradle.tooling.internal.provider.FileSystemWatchingBuildActionRunner.run(Lorg/gradle/internal/invocation/BuildAction;Lorg/gradle/internal/buildtree/BuildTreeLifecycleController;)Lorg/gradle/internal/buildtree/BuildActionRunner$Result;+317
j  org.gradle.launcher.exec.BuildCompletionNotifyingBuildActionRunner.run(Lorg/gradle/internal/invocation/BuildAction;Lorg/gradle/internal/buildtree/BuildTreeLifecycleController;)Lorg/gradle/internal/buildtree/BuildActionRunner$Result;+6
j  org.gradle.launcher.exec.RootBuildLifecycleBuildActionExecutor.lambda$execute$0(Lorg/gradle/internal/invocation/BuildAction;Lorg/gradle/internal/buildtree/BuildTreeLifecycleController;)Lorg/gradle/internal/buildtree/BuildActionRunner$Result;+6
j  org.gradle.launcher.exec.RootBuildLifecycleBuildActionExecutor$$Lambda$291+0x0000026929342bb8.apply(Ljava/lang/Object;)Ljava/lang/Object;+12
j  org.gradle.composite.internal.DefaultRootBuildState.run(Ljava/util/function/Function;)Ljava/lang/Object;+87
j  org.gradle.launcher.exec.RootBuildLifecycleBuildActionExecutor.execute(Lorg/gradle/internal/invocation/BuildAction;Lorg/gradle/internal/buildtree/BuildTreeContext;)Lorg/gradle/internal/buildtree/BuildActionRunner$Result;+75
j  org.gradle.internal.buildtree.InitDeprecationLoggingActionExecutor.execute(Lorg/gradle/internal/invocation/BuildAction;Lorg/gradle/internal/buildtree/BuildTreeContext;)Lorg/gradle/internal/buildtree/BuildActionRunner$Result;+83
j  org.gradle.internal.buildtree.InitProblems.execute(Lorg/gradle/internal/invocation/BuildAction;Lorg/gradle/internal/buildtree/BuildTreeContext;)Lorg/gradle/internal/buildtree/BuildActionRunner$Result;+13
j  org.gradle.internal.buildtree.DefaultBuildTreeContext.execute(Lorg/gradle/internal/invocation/BuildAction;)Lorg/gradle/internal/buildtree/BuildActionRunner$Result;+64
j  org.gradle.launcher.exec.BuildTreeLifecycleBuildActionExecutor.lambda$execute$0(Lorg/gradle/internal/invocation/BuildAction;Lorg/gradle/internal/buildtree/BuildTreeContext;)Lorg/gradle/internal/buildtree/BuildActionRunner$Result;+2
j  org.gradle.launcher.exec.BuildTreeLifecycleBuildActionExecutor$$Lambda$222+0x0000026929283b40.apply(Ljava/lang/Object;)Ljava/lang/Object;+8
j  org.gradle.internal.buildtree.BuildTreeState.run(Ljava/util/function/Function;)Ljava/lang/Object;+47
j  org.gradle.launcher.exec.BuildTreeLifecycleBuildActionExecutor.execute(Lorg/gradle/internal/invocation/BuildAction;Lorg/gradle/internal/session/BuildSessionContext;)Lorg/gradle/internal/buildtree/BuildActionRunner$Result;+74
j  org.gradle.launcher.exec.RunAsBuildOperationBuildActionExecutor$2.call(Lorg/gradle/internal/operations/BuildOperationContext;)Lorg/gradle/internal/buildtree/BuildActionRunner$Result;+25
j  org.gradle.launcher.exec.RunAsBuildOperationBuildActionExecutor$2.call(Lorg/gradle/internal/operations/BuildOperationContext;)Ljava/lang/Object;+2
j  org.gradle.internal.operations.DefaultBuildOperationRunner$CallableBuildOperationWorker.execute(Lorg/gradle/internal/operations/CallableBuildOperation;Lorg/gradle/internal/operations/BuildOperationContext;)V+3
j  org.gradle.internal.operations.DefaultBuildOperationRunner$CallableBuildOperationWorker.execute(Lorg/gradle/internal/operations/BuildOperation;Lorg/gradle/internal/operations/BuildOperationContext;)V+6
j  org.gradle.internal.operations.DefaultBuildOperationRunner$2.execute(Lorg/gradle/internal/operations/BuildOperationDescriptor;Lorg/gradle/internal/operations/BuildOperationState;Lorg/gradle/internal/operations/BuildOperationState;Lorg/gradle/internal/operations/DefaultBuildOperationRunner$ReadableBuildOperationContext;Lorg/gradle/internal/operations/DefaultBuildOperationRunner$BuildOperationExecutionListener;)Lorg/gradle/internal/operations/BuildOperation;+22
j  org.gradle.internal.operations.DefaultBuildOperationRunner$2.execute(Lorg/gradle/internal/operations/BuildOperationDescriptor;Lorg/gradle/internal/operations/BuildOperationState;Lorg/gradle/internal/operations/BuildOperationState;Lorg/gradle/internal/operations/DefaultBuildOperationRunner$ReadableBuildOperationContext;Lorg/gradle/internal/operations/DefaultBuildOperationRunner$BuildOperationExecutionListener;)Ljava/lang/Object;+8
j  org.gradle.internal.operations.DefaultBuildOperationRunner.execute(Lorg/gradle/internal/operations/BuildOperationDescriptor$Builder;Lorg/gradle/internal/operations/BuildOperationState;Lorg/gradle/internal/operations/DefaultBuildOperationRunner$BuildOperationExecution;)Ljava/lang/Object;+141
j  org.gradle.internal.operations.DefaultBuildOperationRunner.execute(Lorg/gradle/internal/operations/BuildOperation;Lorg/gradle/internal/operations/BuildOperationWorker;Lorg/gradle/internal/operations/BuildOperationState;)V+18
j  org.gradle.internal.operations.DefaultBuildOperationRunner.call(Lorg/gradle/internal/operations/CallableBuildOperation;)Ljava/lang/Object;+16
j  org.gradle.launcher.exec.RunAsBuildOperationBuildActionExecutor.execute(Lorg/gradle/internal/invocation/BuildAction;Lorg/gradle/internal/session/BuildSessionContext;)Lorg/gradle/internal/buildtree/BuildActionRunner$Result;+23
j  org.gradle.launcher.exec.RunAsWorkerThreadBuildActionExecutor.lambda$execute$0(Lorg/gradle/internal/invocation/BuildAction;Lorg/gradle/internal/session/BuildSessionContext;)Lorg/gradle/internal/buildtree/BuildActionRunner$Result;+6
j  org.gradle.launcher.exec.RunAsWorkerThreadBuildActionExecutor$$Lambda$216+0x0000026929255a50.create()Ljava/lang/Object;+12
j  org.gradle.internal.work.DefaultWorkerLeaseService.withLocks(Ljava/util/Collection;Lorg/gradle/internal/Factory;)Ljava/lang/Object;+28
j  org.gradle.internal.work.DefaultWorkerLeaseService.runAsWorkerThread(Lorg/gradle/internal/Factory;)Ljava/lang/Object;+33
j  org.gradle.launcher.exec.RunAsWorkerThreadBuildActionExecutor.execute(Lorg/gradle/internal/invocation/BuildAction;Lorg/gradle/internal/session/BuildSessionContext;)Lorg/gradle/internal/buildtree/BuildActionRunner$Result;+12
j  org.gradle.tooling.internal.provider.continuous.ContinuousBuildActionExecutor.execute(Lorg/gradle/internal/invocation/BuildAction;Lorg/gradle/internal/session/BuildSessionContext;)Lorg/gradle/internal/buildtree/BuildActionRunner$Result;+58
j  org.gradle.tooling.internal.provider.SubscribableBuildActionExecutor.execute(Lorg/gradle/internal/invocation/BuildAction;Lorg/gradle/internal/session/BuildSessionContext;)Lorg/gradle/internal/buildtree/BuildActionRunner$Result;+30
j  org.gradle.internal.session.DefaultBuildSessionContext.execute(Lorg/gradle/internal/invocation/BuildAction;)Lorg/gradle/internal/buildtree/BuildActionRunner$Result;+64
j  org.gradle.internal.buildprocess.execution.BuildSessionLifecycleBuildActionExecutor$ActionImpl.apply(Lorg/gradle/internal/session/BuildSessionContext;)Lorg/gradle/launcher/exec/BuildActionResult;+6
j  org.gradle.internal.buildprocess.execution.BuildSessionLifecycleBuildActionExecutor$ActionImpl.apply(Ljava/lang/Object;)Ljava/lang/Object;+5
j  org.gradle.internal.session.BuildSessionState.run(Ljava/util/function/Function;)Ljava/lang/Object;+5
j  org.gradle.internal.buildprocess.execution.BuildSessionLifecycleBuildActionExecutor.execute(Lorg/gradle/internal/invocation/BuildAction;Lorg/gradle/launcher/exec/BuildActionParameters;Lorg/gradle/initialization/BuildRequestContext;)Lorg/gradle/launcher/exec/BuildActionResult;+95
j  org.gradle.internal.buildprocess.execution.BuildSessionLifecycleBuildActionExecutor.execute(Lorg/gradle/internal/invocation/BuildAction;Ljava/lang/Object;Ljava/lang/Object;)Lorg/gradle/launcher/exec/BuildActionResult;+10
j  org.gradle.internal.buildprocess.execution.StartParamsValidatingActionExecutor.execute(Lorg/gradle/internal/invocation/BuildAction;Lorg/gradle/launcher/exec/BuildActionParameters;Lorg/gradle/initialization/BuildRequestContext;)Lorg/gradle/launcher/exec/BuildActionResult;+203
j  org.gradle.internal.buildprocess.execution.StartParamsValidatingActionExecutor.execute(Lorg/gradle/internal/invocation/BuildAction;Ljava/lang/Object;Ljava/lang/Object;)Lorg/gradle/launcher/exec/BuildActionResult;+10
j  org.gradle.internal.buildprocess.execution.SessionFailureReportingActionExecutor.execute(Lorg/gradle/internal/invocation/BuildAction;Lorg/gradle/launcher/exec/BuildActionParameters;Lorg/gradle/initialization/BuildRequestContext;)Lorg/gradle/launcher/exec/BuildActionResult;+7
j  org.gradle.internal.buildprocess.execution.SessionFailureReportingActionExecutor.execute(Lorg/gradle/internal/invocation/BuildAction;Ljava/lang/Object;Ljava/lang/Object;)Lorg/gradle/launcher/exec/BuildActionResult;+10
j  org.gradle.internal.buildprocess.execution.SetupLoggingActionExecutor.execute(Lorg/gradle/internal/invocation/BuildAction;Lorg/gradle/launcher/exec/BuildActionParameters;Lorg/gradle/initialization/BuildRequestContext;)Lorg/gradle/launcher/exec/BuildActionResult;+50
j  org.gradle.internal.buildprocess.execution.SetupLoggingActionExecutor.execute(Lorg/gradle/internal/invocation/BuildAction;Ljava/lang/Object;Ljava/lang/Object;)Lorg/gradle/launcher/exec/BuildActionResult;+10
j  org.gradle.launcher.daemon.server.exec.ExecuteBuild.doBuild(Lorg/gradle/launcher/daemon/server/api/DaemonCommandExecution;Lorg/gradle/launcher/daemon/protocol/Build;)V+147
j  org.gradle.launcher.daemon.server.exec.BuildCommandOnly.execute(Lorg/gradle/launcher/daemon/server/api/DaemonCommandExecution;)V+49
j  org.gradle.launcher.daemon.server.api.DaemonCommandExecution.proceed()Z+23
j  org.gradle.launcher.daemon.server.exec.WatchForDisconnection.execute(Lorg/gradle/launcher/daemon/server/api/DaemonCommandExecution;)V+19
j  org.gradle.launcher.daemon.server.api.DaemonCommandExecution.proceed()Z+23
j  org.gradle.launcher.daemon.server.exec.ResetDeprecationLogger.execute(Lorg/gradle/launcher/daemon/server/api/DaemonCommandExecution;)V+7
j  org.gradle.launcher.daemon.server.api.DaemonCommandExecution.proceed()Z+23
j  org.gradle.launcher.daemon.server.exec.RequestStopIfSingleUsedDaemon.execute(Lorg/gradle/launcher/daemon/server/api/DaemonCommandExecution;)V+33
j  org.gradle.launcher.daemon.server.api.DaemonCommandExecution.proceed()Z+23
j  org.gradle.launcher.daemon.server.exec.ForwardClientInput.lambda$execute$0(Lorg/gradle/launcher/daemon/server/api/DaemonCommandExecution;Lorg/gradle/internal/daemon/clientinput/StdinHandler;)Ljava/lang/Object;+11
j  org.gradle.launcher.daemon.server.exec.ForwardClientInput$$Lambda$116+0x000002692913fa88.apply(Ljava/lang/Object;)Ljava/lang/Object;+8
j  org.gradle.internal.daemon.clientinput.ClientInputForwarder.forwardInput(Ljava/util/function/Function;)Ljava/lang/Object;+46
j  org.gradle.launcher.daemon.server.exec.ForwardClientInput.execute(Lorg/gradle/launcher/daemon/server/api/DaemonCommandExecution;)V+10
j  org.gradle.launcher.daemon.server.api.DaemonCommandExecution.proceed()Z+23
j  org.gradle.launcher.daemon.server.exec.LogAndCheckHealth.execute(Lorg/gradle/launcher/daemon/server/api/DaemonCommandExecution;)V+51
j  org.gradle.launcher.daemon.server.api.DaemonCommandExecution.proceed()Z+23
j  org.gradle.launcher.daemon.server.exec.LogToClient.doBuild(Lorg/gradle/launcher/daemon/server/api/DaemonCommandExecution;Lorg/gradle/launcher/daemon/protocol/Build;)V+87
j  org.gradle.launcher.daemon.server.exec.BuildCommandOnly.execute(Lorg/gradle/launcher/daemon/server/api/DaemonCommandExecution;)V+49
j  org.gradle.launcher.daemon.server.api.DaemonCommandExecution.proceed()Z+23
j  org.gradle.launcher.daemon.server.exec.EstablishBuildEnvironment.doBuild(Lorg/gradle/launcher/daemon/server/api/DaemonCommandExecution;Lorg/gradle/launcher/daemon/protocol/Build;)V+356
j  org.gradle.launcher.daemon.server.exec.BuildCommandOnly.execute(Lorg/gradle/launcher/daemon/server/api/DaemonCommandExecution;)V+49
j  org.gradle.launcher.daemon.server.api.DaemonCommandExecution.proceed()Z+23
j  org.gradle.launcher.daemon.server.exec.StartBuildOrRespondWithBusy$1.run()V+44
j  org.gradle.launcher.daemon.server.DaemonStateCoordinator.lambda$runCommand$0(Ljava/lang/Runnable;)V+1
j  org.gradle.launcher.daemon.server.DaemonStateCoordinator$$Lambda$115+0x000002692913e6f0.run()V+8
j  org.gradle.internal.concurrent.ExecutorPolicy$CatchAndRecordFailures.onExecute(Ljava/lang/Runnable;)V+1
j  org.gradle.internal.concurrent.AbstractManagedExecutor$1.run()V+25
j  java.util.concurrent.ThreadPoolExecutor.runWorker(Ljava/util/concurrent/ThreadPoolExecutor$Worker;)V+92 java.base@17.0.19
j  java.util.concurrent.ThreadPoolExecutor$Worker.run()V+5 java.base@17.0.19
j  java.lang.Thread.run()V+11 java.base@17.0.19
v  ~StubRoutines::call_stub

Compiled method (n/a) 951299  800     n 0       java.lang.ClassLoader::defineClass1 (native)
 total in heap  [0x0000026918c7fe10,0x0000026918c80310] = 1280
 relocation     [0x0000026918c7ff70,0x0000026918c7ffa8] = 56
 main code      [0x0000026918c7ffc0,0x0000026918c80310] = 848

[Constant Pool (empty)]

[MachCode]
[Entry Point]
  # {method} {0x0000026928010f18} 'defineClass1' '(Ljava/lang/ClassLoader;Ljava/lang/String;[BIILjava/security/ProtectionDomain;Ljava/lang/String;)Ljava/lang/Class;' in 'java/lang/ClassLoader'
  # parm0:    rdx:rdx   = 'java/lang/ClassLoader'
  # parm1:    r8:r8     = 'java/lang/String'
  # parm2:    r9:r9     = '[B'
  # parm3:    rdi       = int
  # parm4:    rsi       = int
  # parm5:    rcx:rcx   = 'java/security/ProtectionDomain'
  # parm6:    [sp+0xa0]   = 'java/lang/String'  (sp of caller)
  0x0000026918c7ffc0: 448b 5208 | 49bb 0000 | 0028 6902 | 0000 4d03 | d349 3bc2 | 0f84 0600 

  0x0000026918c7ffd8: ;   {runtime_call ic_miss_stub}
  0x0000026918c7ffd8: 0000 e9a1 | 10a5 ff90 
[Verified Entry Point]
  0x0000026918c7ffe0: 8984 2400 | 90ff ff55 | 488b ec48 | 81ec 9000 | 0000 4881 | 7d10 0000 | 0000 488d | 4510 480f 
  0x0000026918c80000: 4445 1048 | 8944 2440 | 4889 4c24 | 7048 83f9 | 0048 8d44 | 2470 480f | 4444 2470 | 4889 4424 
  0x0000026918c80020: 3848 8974 | 2430 4889 | 7c24 284c | 894c 2458 | 4983 f900 | 488d 4424 | 5848 0f44 | 4424 5848 
  0x0000026918c80040: 8944 2420 | 4c89 4424 | 5049 83f8 | 004c 8d4c | 2450 4c0f | 444c 2450 | 4889 5424 | 4848 83fa 
  0x0000026918c80060: 004c 8d44 | 2448 4c0f | 4444 2448 

  0x0000026918c8006c: ;   {oop(a 'java/lang/Class'{0x0000000080845c68} = 'java/lang/ClassLoader')}
  0x0000026918c8006c: 49be 685c | 8480 0000 | 0000 4c89 | 7424 784c | 8d74 2478 | 498b d6c5 

  0x0000026918c80084: ;   {internal_word}
  0x0000026918c80084: f877 49ba | 8300 c818 | 6902 0000 | 4d89 97a0 | 0200 0049 | 89a7 9802 

  0x0000026918c8009c: ;   {external_word}
  0x0000026918c8009c: 0000 49ba | d5d6 206c | f97f 0000 | 4180 3a00 | 0f84 5200 | 0000 5241 

  0x0000026918c800b4: ;   {metadata({method} {0x0000026928010f18} 'defineClass1' '(Ljava/lang/ClassLoader;Ljava/lang/String;[BIILjava/security/ProtectionDomain;Ljava/lang/String;)Ljava/lang/Class;' in 'java/lang/ClassLoader')}
  0x0000026918c800b4: 5041 5148 | ba10 0f01 | 2869 0200 | 0049 8bcf | 4883 ec20 | f7c4 0f00 | 0000 0f84 | 1a00 0000 
  0x0000026918c800d4: 4883 ec08 

  0x0000026918c800d8: ;   {runtime_call}
  0x0000026918c800d8: 49ba 80a4 | d66b f97f | 0000 41ff | d248 83c4 | 08e9 0d00 

  0x0000026918c800ec: ;   {runtime_call}
  0x0000026918c800ec: 0000 49ba | 80a4 d66b | f97f 0000 | 41ff d248 | 83c4 2041 | 5941 585a | 498d 8fb8 | 0200 0041 
  0x0000026918c8010c: c787 4003 | 0000 0400 

  0x0000026918c80114: ;   {runtime_call}
  0x0000026918c80114: 0000 49ba | ac16 6d1f | fa7f 0000 | 41ff d2c5 | f877 41c7 | 8740 0300 | 0005 0000 | 00f0 8344 
  0x0000026918c80134: 24c0 0049 | 3baf 4803 | 0000 0f87 | 1100 0000 | 4181 bf30 | 0300 0000 | 0000 000f | 842c 0000 
  0x0000026918c80154: 00c5 f877 | 4889 45f8 | 498b cf4c | 8be4 4883 | ec20 4883 

  0x0000026918c80168: ;   {runtime_call}
  0x0000026918c80168: e4f0 49ba | d0b3 e66b | f97f 0000 | 41ff d249 | 8be4 4d33 | e448 8b45 | f841 c787 | 4003 0000 
  0x0000026918c80188: 0800 0000 | 4181 bfb0 | 0300 0002 | 0000 000f | 843f 0100 

  0x0000026918c8019c: ;   {external_word}
  0x0000026918c8019c: 0049 bad5 | d620 6cf9 | 7f00 0041 | 803a 000f | 8450 0000 | 0048 8945 

  0x0000026918c801b4: ;   {metadata({method} {0x0000026928010f18} 'defineClass1' '(Ljava/lang/ClassLoader;Ljava/lang/String;[BIILjava/security/ProtectionDomain;Ljava/lang/String;)Ljava/lang/Class;' in 'java/lang/ClassLoader')}
  0x0000026918c801b4: f848 ba10 | 0f01 2869 | 0200 0049 | 8bcf 4883 | ec20 f7c4 | 0f00 0000 | 0f84 1a00 | 0000 4883 
  0x0000026918c801d4: ;   {runtime_call}
  0x0000026918c801d4: ec08 49ba | 80a4 d66b | f97f 0000 | 41ff d248 | 83c4 08e9 | 0d00 0000 

  0x0000026918c801ec: ;   {runtime_call}
  0x0000026918c801ec: 49ba 80a4 | d66b f97f | 0000 41ff | d248 83c4 | 2048 8b45 | f849 c787 | 9802 0000 | 0000 0000 
  0x0000026918c8020c: 49c7 87a0 | 0200 0000 | 0000 00c5 | f877 4885 | c00f 8493 | 0000 0048 | f7c0 0100 | 0000 0f84 
  0x0000026918c8022c: 8300 0000 | 488b 40ff | 4180 7f38 | 000f 846f | 0000 0048 | 83f8 000f | 8465 0000 | 0049 8b4f 
  0x0000026918c8024c: 2048 83f9 | 000f 8414 | 0000 0048 | 83e9 0849 | 894f 2049 | 034f 3048 | 8901 e943 | 0000 0050 
  0x0000026918c8026c: 498b d748 | 8bc8 4883 | ec20 f7c4 | 0f00 0000 | 0f84 1a00 | 0000 4883 

  0x0000026918c80284: ;   {runtime_call}
  0x0000026918c80284: ec08 49ba | 706b 956b | f97f 0000 | 41ff d248 | 83c4 08e9 | 0d00 0000 

  0x0000026918c8029c: ;   {runtime_call}
  0x0000026918c8029c: 49ba 706b | 956b f97f | 0000 41ff | d248 83c4 | 2058 e903 | 0000 0048 | 8b00 498b | 8fd8 0000 
  0x0000026918c802bc: 00c7 8100 | 0100 0000 | 0000 00c9 | 4981 7f08 | 0000 0000 | 0f85 0100 

  0x0000026918c802d4: ;   {runtime_call StubRoutines (1)}
  0x0000026918c802d4: 0000 c3e9 | 240c a0ff | c5f8 7748 | 8945 f84c | 8be4 4883 | ec20 4883 

  0x0000026918c802ec: ;   {runtime_call}
  0x0000026918c802ec: e4f0 49ba | 70d5 d66b | f97f 0000 | 41ff d249 | 8be4 4d33 | e448 8b45 | f8e9 93fe | ffff f4f4 
  0x0000026918c8030c: f4f4 f4f4 
[/MachCode]


Compiled method (c2) 951331 4736       4       java.lang.ClassLoader::defineClass (43 bytes)
 total in heap  [0x0000026918f17990,0x0000026918f1b390] = 14848
 relocation     [0x0000026918f17af0,0x0000026918f17c30] = 320
 main code      [0x0000026918f17c40,0x0000026918f19da0] = 8544
 stub code      [0x0000026918f19da0,0x0000026918f19e40] = 160
 oops           [0x0000026918f19e40,0x0000026918f19e50] = 16
 metadata       [0x0000026918f19e50,0x0000026918f19f90] = 320
 scopes data    [0x0000026918f19f90,0x0000026918f1ad30] = 3488
 scopes pcs     [0x0000026918f1ad30,0x0000026918f1b1c0] = 1168
 dependencies   [0x0000026918f1b1c0,0x0000026918f1b1d8] = 24
 handler table  [0x0000026918f1b1d8,0x0000026918f1b328] = 336
 nul chk table  [0x0000026918f1b328,0x0000026918f1b390] = 104

[Constant Pool (empty)]

[MachCode]
[Entry Point]
  # {method} {0x0000026928010cb0} 'defineClass' '(Ljava/lang/String;[BIILjava/security/ProtectionDomain;)Ljava/lang/Class;' in 'java/lang/ClassLoader'
  # this:     rdx:rdx   = 'java/lang/ClassLoader'
  # parm0:    r8:r8     = 'java/lang/String'
  # parm1:    r9:r9     = '[B'
  # parm2:    rdi       = int
  # parm3:    rsi       = int
  # parm4:    rcx:rcx   = 'java/security/ProtectionDomain'
  #           [sp+0xc0]  (sp of caller)
  0x0000026918f17c40: 448b 5208 | 49bb 0000 | 0028 6902 | 0000 4d03 | d349 3bc2 

  0x0000026918f17c54: ;   {runtime_call ic_miss_stub}
  0x0000026918f17c54: 0f85 2694 | 7bff 6690 | 0f1f 4000 
[Verified Entry Point]
  0x0000026918f17c60: 8984 2400 | 90ff ff55 | 4881 ecb0 | 0000 0048 | 894c 2430 | 8974 244c | 897c 2448 | 4c89 4c24 
  0x0000026918f17c80: 3848 8954 | 2440 4c89 | 8424 9000 | 0000 458b | 5014 458b | 6a0c 4585 | ed0f 8675 | 1600 0041 
  0x0000026918f17ca0: 0fbe 7010 | 85f6 0f85 | 2019 0000 | 4d8b dac4 | c1f9 6ec3 | 4d8d 5a10 | b82f 0000 | 0049 8bfb 
  0x0000026918f17cc0: 418b d548 | 8bdf 83fa | 100f 8c79 | 0000 0083 | fa20 0f8c | 3600 0000 | c5f9 6ec8 | c4e2 7d78 
  0x0000026918f17ce0: c9c5 edef | d28b ca83 | e1e0 83e2 | 1fc5 fe6f | 1bc5 e574 | d9c4 e27d | 17d3 0f83 | 6900 0000 
  0x0000026918f17d00: 4883 c320 | 83e9 2075 | e4e9 0d00 | 0000 c5f9 | 6ec8 c5e9 | efd2 c4e2 | 7100 ca83 | fa10 0f8c 
  0x0000026918f17d20: 2400 0000 | 8bca 83e1 | f083 e20f | c5fa 6f1b | c5e1 74d9 | c4e2 7917 | d30f 832a | 0000 0048 
  0x0000026918f17d40: 83c3 1083 | e910 75e4 | 85d2 0f84 | 1200 0000 | 0fb6 0b3b | c174 1c48 | 83c3 0183 | ea01 7402 
  0x0000026918f17d60: ebee bbff | ffff ffeb | 0dc5 fdd7 | cb0f bcc1 | 4803 d848 | 2bdf 83fb | ff0f 857d | 1800 0041 
  0x0000026918f17d80: 0fb6 2b83 | fd5b 0f84 | 4419 0000 | 458b cd8b | ce41 d3f9 | 418b c983 | c1fb 85c9 | 7c54 450f 
  0x0000026918f17da0: be03 4183 | f86a 754a | 4183 fd04 | 0f86 a616 | 0000 4180 | 7a11 6175 | 3941 807a | 1276 7532 
  0x0000026918f17dc0: 4180 7a13 | 6175 2b41 | 807a 142e 

  0x0000026918f17dcc: ;   {oop(a 'jdk/internal/loader/ClassLoaders$PlatformClassLoader'{0x00000000805fecb0})}
  0x0000026918f17dcc: 7524 49b8 | b0ec 5f80 | 0000 0000 | 488b 4c24 | 4049 3bc8 | 0f85 551a 

  0x0000026918f17de4: ;   {oop(a 'jdk/internal/loader/ClassLoaders$PlatformClassLoader'{0x00000000805fecb0})}
  0x0000026918f17de4: 0000 48bb | b0ec 5f80 | 0000 0000 | eb05 488b | 5c24 404c | 8b44 2430 

  0x0000026918f17dfc: ; implicit exception: dispatches to 0x0000026918f19c2c
  0x0000026918f17dfc: 458b 7010 | 418b fdff | cf41 8bc9 | ffc9 3bcf | 0f4c f985 | ff0f 8cf7 | 0d00 0041 | 3bfd 0f83 
  0x0000026918f17e1c: a814 0000 | 85ff 0f8e | 1815 0000 | 8bcf ffc9 | 410f be54 | 3a10 83fa | 2e0f 8446 | 0d00 00ff 
  0x0000026918f17e3c: cf3b f97f | eb83 ff02 | 0f8e a60d | 0000 448b | c741 83c0 | fe33 d283 | ff02 440f | 4cc2 4181 
  0x0000026918f17e5c: f8a0 0f00 | 00ba a00f | 0000 440f | 47c2 8bf7 | 412b f0c4 | c1f9 6ecb | 0f1f 8400 | 0000 0000 
  0x0000026918f17e7c: 6666 6690 | 4c63 df47 | 0fbe 441a | 1041 83f8 | 2e74 6347 | 0fbe 441a | 0f41 83f8 | 2e74 5b8b 
  0x0000026918f17e9c: cf83 c1fe | 450f be44 | 0a10 4183 | f82e 744e | 8bcf 83c1 | fd45 0fbe | 5c0a 1041 | 83fb 2e74 
  0x0000026918f17ebc: 3d83 c7fc | 3bfe 7fbc | 498b b750 | 0300 004c | 8b5c 2440 | 4c8b 8424 | 9000 0000 | 488b 4c24 
  0x0000026918f17edc: ; ImmutableOopMap {r10=NarrowOop r11=Oop r8=Oop rcx=Oop rbx=Oop r14=NarrowOop xmm0=Oop xmm1=Derived_oop_xmm0 [48]=Oop [56]=Oop [64]=Oop [144]=Oop }
                      ;*goto {reexecute=1 rethrow=0 return_oop=0}
                      ; - (reexecute) java.lang.StringLatin1::lastIndexOf@35 (line 294)
                      ; - java.lang.String::lastIndexOf@13 (line 2489)
                      ; - java.lang.String::lastIndexOf@8 (line 2451)
                      ; - java.lang.ClassLoader::checkCerts@3 (line 1153)
                      ; - java.lang.ClassLoader::preDefineClass@113 (line 907)
                      ; - java.lang.ClassLoader::defineClass@4 (line 1015)
                      ;   {poll}
  0x0000026918f17edc: 3085 0683 | ff02 0f8e | 030d 0000 | c4c1 f97e | cbe9 58ff | ffff 8bcf | eb04 8bcf | ffc9 c4c1 
  0x0000026918f17efc: f97e cb83 | f9ff 0f84 | d40c 0000 | 85c9 0f8c | 2c17 0000 | 413b c90f | 8fbf 1800 | 0041 3bc9 
  0x0000026918f17f1c: 0f84 520c | 0000 85c9 | 0f84 9110 | 0000 498b | b708 0100 | 004c 8bc6 | 4983 c018 | 4d3b 8718 
  0x0000026918f17f3c: 0100 000f | 8394 1000 | 004d 8987 | 0801 0000 | 410f 0d88 | c000 0000 | 48c7 0601 

  0x0000026918f17f58: ;   {metadata('java/lang/String')}
  0x0000026918f17f58: 0000 00c7 | 4608 e0e9 | 0000 4489 | 660c 4c89 | 6610 81f9 | 0000 1000 | 0f87 1614 | 0000 4c63 
  0x0000026918f17f78: c944 3be9 | 8be9 410f | 4ced 443b | ed0f 8275 | 1400 003b | cd0f 826d | 1400 0049 | 83c1 174d 
  0x0000026918f17f98: 8bc1 4983 | e0f8 81f9 | 0000 1000 | 0f87 c710 | 0000 498b | fb4d 8b9f | 0801 0000 | 498b d349 
  0x0000026918f17fb8: 03d0 493b | 9718 0100 | 000f 83a7 | 1000 0049 | 8997 0801 | 0000 0f0d | 8ac0 0000 | 0049 c703 
  0x0000026918f17fd8: 0100 0000 | 0f0d 8a00 

  0x0000026918f17fe0: ;   {metadata({type array byte})}
  0x0000026918f17fe0: 0100 0041 | c743 0828 | 6700 0041 | 894b 0c0f | 0d8a 4001 | 0000 0f0d | 8a80 0100 | 0049 8bd3 
  0x0000026918f18000: 4883 c210 | 49c1 e903 | 4d8b eb85 | ed0f 8481 | 1300 003b | e90f 8cfd | 0b00 0049 | 8beb 4983 
  0x0000026918f18020: c0f0 49c1 | e803 488b | cfc5 f877 | 49ba 6086 | 6b18 6902 | 0000 41ff | d24c 8bdd | 4180 7f38 
  0x0000026918f18040: 0075 0044 | 896e 144d | 8bd3 4c8b | de4d 33d3 | 49c1 ea14 | 4d85 d274 | 1a49 c1eb | 0948 b900 
  0x0000026918f18060: 0048 2069 | 0200 0049 | 03cb 8039 | 040f 856c | 0c00 0044 | 8866 1045 | 85f6 7418 | 418b 6e14 
  0x0000026918f18080: 85ed 0f85 | 6416 0000 | 418b 6e10 | 85ed 0f85 | ac16 0000 | 448b 532c | 4585 d20f | 84f4 1100 
  0x0000026918f180a0: 0048 895c | 2428 498b 

  0x0000026918f180a8: ;   {oop(a 'java/security/cert/Certificate'[0] {0x0000000080831038})}
  0x0000026918f180a8: d249 b938 | 1083 8000 | 0000 004c | 8bc6 bf01 | 0000 0090 

  0x0000026918f180bc: ;   {optimized virtual_call}
  0x0000026918f180bc: c5f8 77e8 

  0x0000026918f180c0: ; ImmutableOopMap {[40]=Oop [48]=Oop [56]=Oop [64]=Oop [144]=Oop }
                      ;*invokevirtual putVal {reexecute=0 rethrow=0 return_oop=1}
                      ; - java.util.concurrent.ConcurrentHashMap::putIfAbsent@4 (line 1541)
                      ; - java.lang.ClassLoader::checkCerts@62 (line 1161)
                      ; - java.lang.ClassLoader::preDefineClass@113 (line 907)
                      ; - java.lang.ClassLoader::defineClass@4 (line 1015)
  0x0000026918f180c0: 1cb9 1300 | 4885 c074 | 1c44 8b58 

  0x0000026918f180cc: ;   {metadata('java/security/cert/Certificate'[])}
  0x0000026918f180cc: 0841 81fb | a029 1200 | 0f85 721a | 0000 8b68 | 0c85 ed0f | 87af 1600 | 004c 8b54 | 2430 458b 
  0x0000026918f180ec: 4a10 4585 | c90f 84b0 | 0d00 0041 | 8b69 0c44 | 8b5d 3845 | 85db 0f84 | b011 0000 | 498b d34c 
  0x0000026918f1810c: 8bc5 6690 

  0x0000026918f18110: ;   {optimized virtual_call}
  0x0000026918f18110: c5f8 77e8 

  0x0000026918f18114: ; ImmutableOopMap {[48]=Oop [56]=Oop [64]=Oop [144]=Oop }
                      ;*invokevirtual toExternalForm {reexecute=0 rethrow=0 return_oop=1}
                      ; - java.net.URL::toExternalForm@5 (line 1039)
                      ; - java.net.URL::toString@1 (line 1025)
                      ; - java.lang.ClassLoader::defineClassSourceLocation@22 (line 917)
                      ; - java.lang.ClassLoader::defineClass@12 (line 1016)
  0x0000026918f18114: 0899 f0ff | 4c8b 5424 | 304c 8954 | 2450 488b | 5424 404c | 8b84 2490 | 0000 004c | 8b4c 2438 
  0x0000026918f18134: 8b7c 2448 | 8b74 244c | 498b ca48 | 8904 2490 

  0x0000026918f18144: ;   {static_call}
  0x0000026918f18144: c5f8 77e8 

  0x0000026918f18148: ; ImmutableOopMap {[64]=Oop [80]=Oop }
                      ;*invokestatic defineClass1 {reexecute=0 rethrow=0 return_oop=1}
                      ; - java.lang.ClassLoader::defineClass@27 (line 1017)
  0x0000026918f18148: 947e d6ff | 4889 4424 | 6044 8b50 | 3c45 85d2 | 7412 498b | da49 bd00 | 0048 2069 | 0200 00e9 
  0x0000026918f18168: 5003 0000 | 4c8b 5010 

  0x0000026918f18170: ; implicit exception: dispatches to 0x0000026918f19bc0
  0x0000026918f18170: 458b 5a08 | 4585 db0f | 8c4f 1300 | 0044 8b50 | 2c45 85d2 | 0f84 bb09 | 0000 4d8b | c245 8b50 
  0x0000026918f18190: 1445 8b4a | 0c41 0fbe | 4810 418b | f9d3 ff44 | 8bdf 41ff | cb85 c90f | 858b 1700 | 0049 8bca 
  0x0000026918f181b0: 4889 4c24 | 6841 8bc9 | ffc9 443b | d941 0f4c | cb85 c90f | 8c5f 0b00 | 0045 85c9 | 0f86 c612 
  0x0000026918f181d0: 0000 413b | c90f 83bd | 1200 0085 | c90f 8e0d | 1300 008b 

  0x0000026918f181e4: ;   {oop(""{0x0000000080831890})}
  0x0000026918f181e4: d1ff ca48 | bb90 1883 | 8000 0000 | 0049 bd00 | 0048 2069 | 0200 0045 | 0fbe 5c0a | 1041 83fb 
  0x0000026918f18204: 2e0f 849a | 0900 00ff | c93b ca7f | ea83 f902 | 0f8e 8200 | 0000 448b | d941 83c3 | fe33 d283 
  0x0000026918f18224: f902 440f | 4cda 4181 | fba0 0f00 | 00ba a00f | 0000 440f | 47da 8bf1 | 412b f390 | 4c63 d943 
  0x0000026918f18244: 0fbe 541a | 1083 fa2e | 7476 430f | be54 1a0f | 83fa 2e74 | 7044 8bd9 | 4183 c3fe | 430f be54 
  0x0000026918f18264: 1a10 83fa | 2e74 6444 | 8bd9 4183 | c3fd 430f | be44 1a10 | 83f8 2e74 | 5283 c1fc | 3bce 7fbc 
  0x0000026918f18284: 498b af50 | 0300 004c 

  0x0000026918f1828c: ; ImmutableOopMap {r10=NarrowOop r11=Oop r8=Oop rbx=Oop [64]=Oop [80]=Oop [96]=Oop [104]=Oop }
                      ;*goto {reexecute=1 rethrow=0 return_oop=0}
                      ; - (reexecute) java.lang.StringLatin1::lastIndexOf@35 (line 294)
                      ; - java.lang.String::lastIndexOf@13 (line 2489)
                      ; - java.lang.String::lastIndexOf@8 (line 2451)
                      ; - java.lang.Class::getPackageName@47 (line 1085)
                      ; - java.lang.ClassLoader::postDefineClass@2 (line 924)
                      ; - java.lang.ClassLoader::defineClass@37 (line 1018)
  0x0000026918f1828c: 8b5c 2460 

  0x0000026918f18290: ;   {poll}
  0x0000026918f18290: 8545 0083 | f902 0f8f | 7eff ffff | 83f9 ff0f | 8e97 0a00 | 0066 6690 | 450f be5c | 0a10 4183 
  0x0000026918f182b0: fb2e 0f84 | 4c17 0000 | ffc9 83f9 | ff7f e9e9 | 780a 0000 | 448b d9eb | 0644 8bd9 | 41ff cb41 
  0x0000026918f182d0: 83fb ff0f | 849b 0100 | 0045 85db | 0f8c a616 | 0000 443b | df0f 8fd9 | 1600 0044 | 3bdf 0f84 
  0x0000026918f182f0: 9408 0000 | 4585 db0f | 84cd 0c00 | 0049 8b9f | 0801 0000 | 4c8b c349 | 83c0 184d | 3b87 1801 
  0x0000026918f18310: 0000 0f83 | 750e 0000 | 4d89 8708 | 0100 0041 | 0f0d 88c0 | 0000 0048 | c703 0100 

  0x0000026918f1832c: ;   {metadata('java/lang/String')}
  0x0000026918f1832c: 0000 c743 | 08e0 e900 | 0044 8963 | 0c4c 8963 | 1041 81fb | 0000 1000 | 0f87 da11 | 0000 4963 
  0x0000026918f1834c: cb45 3bcb | 418b eb41 | 0f4c e944 | 3bcd 0f82 | 3512 0000 | 443b dd0f | 822c 1200 | 0048 83c1 
  0x0000026918f1836c: 174c 8bc1 | 4983 e0f8 | 4181 fb00 | 0010 000f | 8755 0e00 | 004d 8bb7 | 0801 0000 | 4d8b ce4d 
  0x0000026918f1838c: 03c8 4d3b | 8f18 0100 | 000f 833b | 0e00 004d | 898f 0801 | 0000 410f | 0d89 c000 | 0000 49c7 
  0x0000026918f183ac: 0601 0000 | 0041 0f0d | 8900 0100 

  0x0000026918f183b8: ;   {metadata({type array byte})}
  0x0000026918f183b8: 0041 c746 | 0828 6700 | 0045 895e | 0c41 0f0d | 8940 0100 | 0041 0f0d | 8980 0100 | 004d 8bce 
  0x0000026918f183d8: 4983 c110 | 48c1 e903 | 498b f685 | ed0f 8441 | 1100 004d | 8d52 1041 | 3beb 0f8c | d009 0000 
  0x0000026918f183f8: 4983 c0f0 | 49c1 e803 | 498b ca49 | 8bd1 c5f8 | 7749 ba60 | 866b 1869 | 0200 0041 | ffd2 4180 
  0x0000026918f18418: 7f38 0075 | 0089 7314 | 4d8b d64c | 8bdb 4d33 | d349 c1ea | 144d 85d2 | 741a 49c1 | eb09 48b9 
  0x0000026918f18438: 0000 4820 | 6902 0000 | 4903 cb80 | 3904 0f85 | 120a 0000 | 4488 6310 | 4c89 6c24 | 2848 8bd3 
  0x0000026918f18458: 4c8b 5424 | 604c 8954 | 2420 6690 

  0x0000026918f18464: ;   {optimized virtual_call}
  0x0000026918f18464: c5f8 77e8 

  0x0000026918f18468: ; ImmutableOopMap {[32]=Oop [64]=Oop [80]=Oop [96]=Oop }
                      ;*invokevirtual intern {reexecute=0 rethrow=0 return_oop=1}
                      ; - java.lang.Class::getPackageName@65 (line 1086)
                      ; - java.lang.ClassLoader::postDefineClass@2 (line 924)
                      ; - java.lang.ClassLoader::defineClass@37 (line 1018)
  0x0000026918f18468: f4d3 d1ff | 488b d84c | 8b6c 2428 | 4180 7f38 | 000f 85c8 | 0800 004c | 8bd3 4c8b | 5c24 6045 
  0x0000026918f18488: 8953 3c4d | 8bd3 4c8b | db4d 33da | 49c1 eb14 | 4d85 db74 | 1f48 85db | 741a 49c1 | ea09 48b9 
  0x0000026918f184a8: 0000 4820 | 6902 0000 | 4903 ca80 | 3904 0f85 | c308 0000 | 4c8b 5424 | 4045 8b52 | 3845 85d2 
  0x0000026918f184c8: 0f84 da0d | 0000 4c8b | c38b 430c | 4c8b 5c24 | 6045 8b4b | 3085 c00f | 842f 0500 | 0041 8b5a 
  0x0000026918f184e8: 2885 db0f | 84b8 0100 | 0044 8b5b | 0c44 8bd0 | 41c1 ea10 | 4433 d041 | 81e2 ffff | ff7f 4585 
  0x0000026918f18508: db0f 8681 | 1100 0041 | ffcb 4523 | da4d 63db | 468b 5c9b | 1045 85db | 0f84 8301 | 0000 418b 
  0x0000026918f18528: 6b0c 413b | ea0f 8425 | 0300 0085 | ed0f 8c95 | 1500 0041 | 8b53 1885 | d20f 8462 | 0100 004c 
  0x0000026918f18548: 8bda 498b | bf50 0300 | 0041 8b4b 

  0x0000026918f18554: ; ImmutableOopMap {r11=Oop r8=Oop r9=NarrowOop [64]=Oop [80]=Oop [96]=Oop }
                      ;*if_icmpne {reexecute=1 rethrow=0 return_oop=0}
                      ; - (reexecute) java.util.concurrent.ConcurrentHashMap::get@127 (line 946)
                      ; - java.lang.ClassLoader::getNamedPackage@5 (line 340)
                      ; - java.lang.ClassLoader::postDefineClass@9 (line 924)
                      ; - java.lang.ClassLoader::defineClass@37 (line 1018)
                      ;   {poll}
  0x0000026918f18554: 0c85 0741 | 8b53 1841 | 3bca 0f85 | 3106 0000 | 418b 6b10 | 488b cd49 | 3bc8 0f84 | 2901 0000 
  0x0000026918f18574: ; implicit exception: dispatches to 0x0000026918f19cf4
  0x0000026918f18574: 8b5d 0848 | 8bfd 4c3b | c70f 843e 

  0x0000026918f18580: ;   {metadata('java/lang/String')}
  0x0000026918f18580: 0600 0081 | fbe0 e900 | 000f 85fa | 0000 0041 | 0fbe 5810 | 0fbe 6f10 | 3bdd 0f85 | 6815 0000 
  0x0000026918f185a0: 8b47 1441 | 8b78 148b | 580c 8b4f | 0c3b cb0f | 85d4 0000 | 0048 8bd8 | 488d 7010 | 488b df48 
  0x0000026918f185c0: 8d7f 1085 | c90f 84a5 | 0000 008b | c183 e01f | 83e1 e00f | 844b 0000 | 0048 8d3c | 0f48 8d34 
  0x0000026918f185e0: 0e48 f7d9 | c5fe 6f0c | 0fc5 fe6f | 040e c5f5 | efc8 c4e2 | 7d17 c90f | 857a 0000 | 0048 83c1 
  0x0000026918f18600: 2075 e185 | c00f 8465 | 0000 00c5 | fe6f 4c07 | e0c5 fe6f | 4406 e0c5 | f5ef c8c4 | e27d 17c9 
  0x0000026918f18620: 7555 eb4c | 8bc8 83e1 | fc74 1948 | 8d3c 0f48 | 8d34 0e48 | f7d9 8b1c | 0f3b 1c0e | 7539 4883 
  0x0000026918f18640: c104 75f2 | f7c0 0200 | 0000 7412 | 0fb7 1f0f | b70e 3bd9 | 7521 488d | 7f02 488d | 7602 f7c0 
  0x0000026918f18660: 0100 0000 | 740a 0fb6 | 1f0f b60e | 3bd9 7507 | b801 0000 | 00eb 0233 | c0c5 f5ef | c9c5 fdef 
  0x0000026918f18680: c085 c00f | 8549 0500 | 0033 db49 | 8baf 5003 

  0x0000026918f18690: ; ImmutableOopMap {r11=Oop r8=Oop r9=NarrowOop rdx=NarrowOop [64]=Oop [80]=Oop [96]=Oop }
                      ;*ifeq {reexecute=1 rethrow=0 return_oop=0}
                      ; - (reexecute) java.util.concurrent.ConcurrentHashMap::get@152 (line 947)
                      ; - java.lang.ClassLoader::getNamedPackage@5 (line 340)
                      ; - java.lang.ClassLoader::postDefineClass@9 (line 924)
                      ; - java.lang.ClassLoader::defineClass@37 (line 1018)
                      ;   {poll}
  0x0000026918f18690: 0000 8545 | 0085 db0f | 84a2 feff | ff41 8b6b | 1485 ed0f | 85e0 0200 | 0049 8b87 | 0801 0000 
  0x0000026918f186b0: 4c8b d049 | 83c2 184d | 3b97 1801 | 0000 0f83 | 8f0b 0000 | 4d89 9708 | 0100 0041 | 0f0d 8ac0 
  0x0000026918f186d0: 0000 0048 | c700 0100 

  0x0000026918f186d8: ;   {metadata('java/lang/NamedPackage')}
  0x0000026918f186d8: 0000 c740 | 0840 f101 | 0044 8960 | 0c4c 8960 | 1045 8b50 | 1445 8b5a | 0c45 85db | 0f87 b304 
  0x0000026918f186f8: 0000 4585 | c90f 84ed | 1100 0048 | 8944 2468 | 4c89 4424 | 484c 896c | 2420 498b | d144 894c 
  0x0000026918f18718: 2458 4889 | 4424 304c | 8944 2438 | 418b e990 

  0x0000026918f18728: ;   {optimized virtual_call}
  0x0000026918f18728: c5f8 77e8 

  0x0000026918f1872c: ; ImmutableOopMap {rbp=NarrowOop [48]=Oop [56]=Oop [64]=Oop [72]=Oop [80]=Oop [88]=NarrowOop [96]=Oop [104]=Oop }
                      ;*invokevirtual isNamed {reexecute=0 rethrow=0 return_oop=0}
                      ; - java.lang.NamedPackage::<init>@12 (line 48)
                      ; - java.lang.ClassLoader::getNamedPackage@22 (line 342)
                      ; - java.lang.ClassLoader::postDefineClass@9 (line 924)
                      ; - java.lang.ClassLoader::defineClass@37 (line 1018)
  0x0000026918f1872c: 901d 3bf8 | 85c0 0f85 | c811 0000 | 448b cd49 | 8be9 4489 | 4c24 5848 | 8b54 2448 

  0x0000026918f18748: ;   {optimized virtual_call}
  0x0000026918f18748: c5f8 77e8 

  0x0000026918f1874c: ; ImmutableOopMap {rbp=Oop [64]=Oop [72]=Oop [80]=Oop [88]=NarrowOop [96]=Oop [104]=Oop }
                      ;*invokevirtual intern {reexecute=0 rethrow=0 return_oop=1}
                      ; - java.lang.NamedPackage::<init>@47 (line 51)
                      ; - java.lang.ClassLoader::getNamedPackage@22 (line 342)
                      ; - java.lang.ClassLoader::postDefineClass@9 (line 924)
                      ; - java.lang.ClassLoader::defineClass@37 (line 1018)
  0x0000026918f1874c: 10d1 d1ff | 488b d841 | 807f 3800 | 0f85 8807 | 0000 4c8b | db4c 8b54 | 2468 4589 | 5a0c 4c8b 
  0x0000026918f1876c: db4d 33da | 49c1 eb14 | 4d85 db74 | 1f48 85db | 741a 49c1 | ea09 48b9 | 0000 4820 | 6902 0000 
  0x0000026918f1878c: 4903 ca80 | 3904 0f85 | 8607 0000 | 4180 7f38 | 000f 850b | 0700 004c | 8b54 2468 | 448b 5c24 
  0x0000026918f187ac: 5845 895a | 104c 8bd5 | 4c8b 5c24 | 684d 33d3 | 49c1 ea14 | 4d85 d274 | 2044 8b44 | 2458 4585 
  0x0000026918f187cc: c074 1649 | c1eb 094c | 8b44 2420 | 4d03 c341 | 8038 040f | 8582 0700 | 004c 8b54 | 2440 458b 
  0x0000026918f187ec: 5a38 4585 | db0f 846d | 1000 0049 | 8bd3 4c8b | 4424 484c | 8b4c 2468 | bf01 0000 | 0066 6690 
  0x0000026918f1880c: ;   {optimized virtual_call}
  0x0000026918f1880c: c5f8 77e8 

  0x0000026918f18810: ; ImmutableOopMap {[64]=Oop [80]=Oop [88]=NarrowOop [96]=Oop [104]=Oop }
                      ;*invokevirtual putVal {reexecute=0 rethrow=0 return_oop=1}
                      ; - java.util.concurrent.ConcurrentHashMap::putIfAbsent@4 (line 1541)
                      ; - java.lang.ClassLoader::getNamedPackage@32 (line 344)
                      ; - java.lang.ClassLoader::postDefineClass@9 (line 924)
                      ; - java.lang.ClassLoader::defineClass@37 (line 1018)
  0x0000026918f18810: 8cf4 e5f8 | 4885 c00f | 8494 0100 | 0044 8b58 | 0849 ba00 | 0000 2869 | 0200 004d | 03d3 4d8b 
  0x0000026918f18830: ;   {metadata('java/lang/NamedPackage')}
  0x0000026918f18830: 5238 49bb | 40f1 0128 | 6902 0000 | 4d3b d30f | 842f 1000 | 00ba deff | ffff 488b | e866 6690 
  0x0000026918f18850: ;   {runtime_call UncommonTrapBlob}
  0x0000026918f18850: c5f8 77e8 

  0x0000026918f18854: ; ImmutableOopMap {rbp=Oop }
                      ;*checkcast {reexecute=0 rethrow=0 return_oop=0}
                      ; - java.lang.ClassLoader::getNamedPackage@35 (line 344)
                      ; - java.lang.ClassLoader::postDefineClass@9 (line 924)
                      ; - java.lang.ClassLoader::defineClass@37 (line 1018)
  0x0000026918f18854: a8e0 7bff | 418b 6b10 | 488b cd49 | 3bc8 0f84 | 1501 0000 

  0x0000026918f18868: ; implicit exception: dispatches to 0x0000026918f19cbc
  0x0000026918f18868: 8b5d 0848 | 8bfd 4c3b | c70f 8406 

  0x0000026918f18874: ;   {metadata('java/lang/String')}
  0x0000026918f18874: 0100 0081 | fbe0 e900 | 000f 850d | 1000 0041 | 0fbe 4810 | 0fbe 6f10 | 3bcd 0f85 | f611 0000 
  0x0000026918f18894: 8b7f 1441 | 8b58 148b | 770c 8b4b | 0c3b ce0f | 85e7 0f00 | 0048 8bd7 | 488d 7710 | 488b fb48 
  0x0000026918f188b4: 8d7b 1085 | c90f 84a5 | 0000 008b | c183 e01f | 83e1 e00f | 844b 0000 | 0048 8d3c | 0f48 8d34 
  0x0000026918f188d4: 0e48 f7d9 | c5fe 6f04 | 0fc5 fe6f | 0c0e c5fd | efc1 c4e2 | 7d17 c00f | 857a 0000 | 0048 83c1 
  0x0000026918f188f4: 2075 e185 | c00f 8465 | 0000 00c5 | fe6f 4407 | e0c5 fe6f | 4c06 e0c5 | fdef c1c4 | e27d 17c0 
  0x0000026918f18914: 7555 eb4c | 8bc8 83e1 | fc74 1948 | 8d3c 0f48 | 8d34 0e48 | f7d9 8b1c | 0f3b 1c0e | 7539 4883 
  0x0000026918f18934: c104 75f2 | f7c0 0200 | 0000 7412 | 0fb7 1f0f | b70e 3bd9 | 7521 488d | 7f02 488d | 7602 f7c0 
  0x0000026918f18954: 0100 0000 | 740a 0fb6 | 1f0f b60e | 3bd9 7507 | b801 0000 | 00eb 0233 | c0c5 fdef | c0c5 f5ef 
  0x0000026918f18974: c985 c00f | 8413 0f00 | 0041 8b6b | 1485 ed0f | 8420 fdff | ff44 8b55 | 0849 bb00 | 0000 2869 
  0x0000026918f18994: 0200 004d | 03da 4d8b 

  0x0000026918f1899c: ;   {metadata('java/lang/NamedPackage')}
  0x0000026918f1899c: 5338 49bb | 40f1 0128 | 6902 0000 | 4d3b d30f | 85d7 0a00 | 004c 8b54 | 2450 458b | 5a10 4585 
  0x0000026918f189bc: db74 1841 | 8b6b 1485 | ed0f 85fd | 0e00 0041 | 8b6b 1085 | ed0f 8505 | 0f00 0048 | 8b44 2460 
  0x0000026918f189dc: c5f8 7748 | 81c4 b000 

  0x0000026918f189e4: ;   {poll_return}
  0x0000026918f189e4: 0000 5d49 | 3ba7 4803 | 0000 0f87 | 8013 0000 | c30f b674 | 3b10 418b | c3c1 e005 | 412b c303 
  0x0000026918f18a04: c6ff c73b | f90f 8d25 | 0100 0044 | 8bd8 ebe1 | 0fb6 4b11 | 85c9 0f85 | 9405 0000 | 8b5b 144d 
  0x0000026918f18a24: 8bf2 4180 | 7810 000f | 85ef 0600 | 008b 4b0c | 85c9 0f86 | 8f01 0000 | 448b d941 | ffcb 443b 
  0x0000026918f18a44: d90f 83c1 | 0f00 0044 | 0fb6 5b10 | 8bd1 83c2 | fd83 fa01 | 0f8e f20f | 0000 418b | c3c1 e005 
  0x0000026918f18a64: 412b c348 | 8bf3 bf01 | 0000 00c4 | c1f9 6ec5 | c4c1 f96e | c8c4 c179 | 6ed2 c4c1 | 796e e144 
  0x0000026918f18a84: 8bc9 442b | cf41 83c1 | fd45 33db | 3bd7 450f | 4ccb 4181 | f9a0 0f00 | 0041 baa0 | 0f00 0045 
  0x0000026918f18aa4: 0f47 ca44 | 03cf 660f | 1f44 0000 | 4863 ef44 | 0fb6 542b | 1044 0fb6 | 442b 1344 | 0fb6 5c2b 
  0x0000026918f18ac4: 1144 0fb6 | 6c2b 1241 | 03c2 8be8 | c1e5 052b | e841 03eb | 448b d541 | c1e2 0544 | 2bd5 4503 
  0x0000026918f18ae4: d545 8bda | 41c1 e305 | 452b da45 | 03d8 418b | c3c1 e005 | 412b c383 | c704 413b | f97c ad4d 
  0x0000026918f18b04: 8b97 5003 

  0x0000026918f18b08: ; ImmutableOopMap {rbx=NarrowOop rsi=Oop r14=Oop xmm1=Oop xmm2=NarrowOop xmm4=NarrowOop [64]=Oop [80]=Oop [96]=Oop }
                      ;*goto {reexecute=1 rethrow=0 return_oop=0}
                      ; - (reexecute) java.lang.StringLatin1::hashCode@37 (line 196)
                      ; - java.lang.String::hashCode@27 (line 2344)
                      ; - java.util.concurrent.ConcurrentHashMap::get@1 (line 936)
                      ; - java.lang.ClassLoader::getNamedPackage@5 (line 340)
                      ; - java.lang.ClassLoader::postDefineClass@9 (line 924)
                      ; - java.lang.ClassLoader::defineClass@37 (line 1018)
                      ;   {poll}
  0x0000026918f18b08: 0000 4185 | 023b fa0f | 8c6e ffff | ffc4 c1f9 | 7ec5 c4c1 | f97e c8c4 | c179 7ed2 | c4c1 797e 
  0x0000026918f18b28: e13b f90f | 8cc4 feff | ff41 8bc3 | 85c0 0f84 | 4506 0000 | 4189 400c | e9a0 f9ff | ff48 8944 
  0x0000026918f18b48: 2420 488b | d066 6690 

  0x0000026918f18b50: ;   {optimized virtual_call}
  0x0000026918f18b50: c5f8 77e8 

  0x0000026918f18b54: ; ImmutableOopMap {[32]=Oop [64]=Oop [80]=Oop [96]=Oop }
                      ;*invokevirtual initClassName {reexecute=0 rethrow=0 return_oop=1}
                      ; - java.lang.Class::getName@14 (line 865)
                      ; - java.lang.Class::getPackageName@40 (line 1084)
                      ; - java.lang.ClassLoader::postDefineClass@2 (line 924)
                      ; - java.lang.ClassLoader::defineClass@37 (line 1018)
  0x0000026918f18b54: 8802 d6ff | 4c8b c048 | 85c0 0f85 | 29f6 ffff | baf6 ffff | ff66 6690 

  0x0000026918f18b6c: ;   {runtime_call UncommonTrapBlob}
  0x0000026918f18b6c: c5f8 77e8 

  0x0000026918f18b70: ; ImmutableOopMap {}
                      ;*invokevirtual lastIndexOf {reexecute=0 rethrow=0 return_oop=0}
                      ; - java.lang.Class::getPackageName@47 (line 1085)
                      ; - java.lang.ClassLoader::postDefineClass@2 (line 924)
                      ; - java.lang.ClassLoader::defineClass@37 (line 1018)
  0x0000026918f18b70: 8cdd 7bff | 488b b424 | 9000 0000 | e9f6 f4ff | ff8b cfe9 | 77f3 ffff | 4c89 6c24 | 2849 8bd8 
  0x0000026918f18b90: e9c0 f8ff | ff85 d20f | 840c fbff | ff4c 8bda | e9a5 f9ff | ff44 8bd9 | e922 f7ff | ff4c 896c 
  0x0000026918f18bb0: 2420 4c89 | 4424 4848 | 8944 2468 | e97a fbff | ffbb 0100 | 0000 e9c0 | faff ff33 | c0e9 62ff 
  0x0000026918f18bd0: ffff bb01 | 0000 00e9 | affa ffff 

  0x0000026918f18bdc: ;   {oop(""{0x0000000080831890})}
  0x0000026918f18bdc: 48be 9018 | 8380 0000 | 0000 e98c | f4ff ffc4 | c1f9 7ecb | 83ff ff7e | 1966 6690 | 410f be4c 
  0x0000026918f18bfc: 3a10 83f9 | 2e0f 842d | 0c00 00ff | cf83 ffff | 7fea b9ff | ffff ffe9 | e7f2 ffff | c4e1 f96e 
  0x0000026918f18c1c: c248 8974 | 2450 4489 | 7424 2848 | 895c 2420 | 4c8b d74c | 63c5 498b | c848 83c1 | 1048 8bd1 
  0x0000026918f18c3c: 4883 e2f8 | 498b fb48 | 03fa 498b | eb48 c1e9 | 034c 2bc9 | 498b c948 | 33c0 4883 | f908 7f10 
  0x0000026918f18c5c: 48ff c978 | 4f48 8904 | cf48 ffc9 | 7df7 eb44 | c5f5 efc9 | e90d 0000 | 00c5 fe7f | 0fc5 fe7f 
  0x0000026918f18c7c: 4f20 4883 | c740 4883 | e908 7ded | 4883 c104 | 7c0c c5fe | 7f0f 4883 | c720 4883 | e904 4883 
  0x0000026918f18c9c: c104 7e10 | 48ff c9c5 | f9d6 0f48 | 83c7 0848 | ffc9 7df3 | 498b cac4 | e1f9 7ec2 | c5f8 7749 
  0x0000026918f18cbc: ba60 7f6b | 1869 0200 | 0041 ffd2 | 488b 5c24 | 2044 8b74 | 2428 488b | 7424 504c | 8bdd e95d 
  0x0000026918f18cdc: f3ff ff4d | 8b57 404d | 8b5f 50f0 | 8344 24c0 | 0080 3900 | 0f84 7df3 | ffff 4488 | 214d 85d2 
  0x0000026918f18cfc: 7518 498b | d7c5 f877 | 49ba 506b | 956b f97f | 0000 41ff | d2e9 5df3 | ffff 4b89 | 4c13 f849 
  0x0000026918f18d1c: 83c2 f84d | 8957 40e9 | 4bf3 ffff 

  0x0000026918f18d28: ;   {oop(""{0x0000000080831890})}
  0x0000026918f18d28: 48bb 9018 | 8380 0000 | 0000 49bd | 0000 4820 | 6902 0000 | 41bb ffff | ffff e988 | f5ff ff4c 
  0x0000026918f18d48: 8b54 2460 | 458b 5a3c | 4585 db0f | 8426 f7ff | ff4d 8b57 | 2049 8bcb | 4d85 d20f | 8407 0c00 
  0x0000026918f18d68: 004d 8b5f | 304b 894c | 13f8 4983 | c2f8 4d89 | 5720 e900 | f7ff ff4d | 8b57 504d | 8b5f 40f0 
  0x0000026918f18d88: 8344 24c0 | 0080 3900 | 0f84 26f7 | ffff 4488 | 214d 85db | 7518 498b | d7c5 f877 | 49ba 506b 
  0x0000026918f18da8: 956b f97f | 0000 41ff | d2e9 06f7 | ffff 4b89 | 4c1a f849 | 83c3 f84d | 895f 40e9 | f4f6 ffff 
  0x0000026918f18dc8: 4c63 c54d | 8bd8 4983 | c310 498b | d348 83e2 | f849 8bfe | 4803 fa49 | c1eb 0349 | 2bcb 4833 
  0x0000026918f18de8: c048 83f9 | 087f 1048 | ffc9 784f | 4889 04cf | 48ff c97d | f7eb 44c5 | fdef c0e9 | 0d00 0000 
  0x0000026918f18e08: c5fe 7f07 | c5fe 7f47 | 2048 83c7 | 4048 83e9 | 087d ed48 | 83c1 047c | 0cc5 fe7f | 0748 83c7 
  0x0000026918f18e28: 2048 83e9 | 0448 83c1 | 047e 1048 | ffc9 c5f9 | d607 4883 | c708 48ff | c97d f349 | 8bca 498b 
  0x0000026918f18e48: d1c5 f877 | 49ba 607f | 6b18 6902 | 0000 41ff | d2e9 b8f5 | ffff 4d8b | 5740 4d8b | 5f50 f083 
  0x0000026918f18e68: 4424 c000 | 8039 000f | 84d7 f5ff | ff44 8821 | 4d85 d275 | 1849 8bd7 | c5f8 7749 | ba50 6b95 
  0x0000026918f18e88: 6bf9 7f00 | 0041 ffd2 | e9b7 f5ff | ff4b 894c | 13f8 4983 | c2f8 4d89 | 5740 e9a5 | f5ff ff33 
  0x0000026918f18ea8: c0e9 6ff2 | ffff 4c8b | 5424 6845 | 8b5a 1045 | 85db 0f84 | e3f8 ffff | 4d8b 5720 | 498b cb4d 
  0x0000026918f18ec8: 85d2 0f84 | 8a0b 0000 | 4d8b 5f30 | 4b89 4c13 | f849 83c2 | f84d 8957 | 20e9 bdf8 | ffff 4c8b 
  0x0000026918f18ee8: 5424 6845 | 8b52 0c45 | 85d2 0f84 | 66f8 ffff | 4d8b 5f20 | 498b ca4d | 85db 0f84 | 6a0b 0000 
  0x0000026918f18f08: 4d8b 5730 | 4b89 4c1a | f849 83c3 | f84d 895f | 20e9 40f8 | ffff 4d8b | 5750 4d8b | 5f40 f083 
  0x0000026918f18f28: 4424 c000 | 8039 000f | 8463 f8ff | ff44 8821 | 4d85 db75 | 1849 8bd7 | c5f8 7749 | ba50 6b95 
  0x0000026918f18f48: 6bf9 7f00 | 0041 ffd2 | e943 f8ff | ff4b 894c | 1af8 4983 | c3f8 4d89 | 5f40 e931 | f8ff ff4d 
  0x0000026918f18f68: 8b57 404d | 8b5f 50f0 | 8344 24c0 | 0041 8038 | 000f 8466 | f8ff ff45 | 8820 4d85 | d275 1b49 
  0x0000026918f18f88: 8bc8 498b | d7c5 f877 | 49ba 506b | 956b f97f | 0000 41ff | d2e9 43f8 | ffff 4f89 | 4413 f849 
  0x0000026918f18fa8: 83c2 f84d | 8957 40e9 | 31f8 ffff | 33c0 e92a 

  0x0000026918f18fb8: ;   {oop(""{0x0000000080831890})}
  0x0000026918f18fb8: f5ff ff48 | be90 1883 | 8000 0000 | 00e9 adf0 

  0x0000026918f18fc8: ;   {oop(""{0x0000000080831890})}
  0x0000026918f18fc8: ffff 48bb | 9018 8380 | 0000 0000 | e977 f4ff | ff89 4c24 | 7444 8974 | 2470 4889 | 5c24 684c 
  0x0000026918f18fe8: 895c 2460 | c5fb 1144 | 2458 4489 | 6c24 5444 | 8954 2450 | 4c8b 5424 | 304c 8954 | 2428 4c8b 
  0x0000026918f19008: 5424 404c | 8954 2420 | 488b ac24 | 9000 0000 

  0x0000026918f19018: ;   {metadata('java/lang/String')}
  0x0000026918f19018: 48ba e0e9 | 0028 6902 | 0000 6690 

  0x0000026918f19024: ;   {runtime_call _new_instance_Java}
  0x0000026918f19024: c5f8 77e8 

  0x0000026918f19028: ; ImmutableOopMap {rbp=Oop [32]=Oop [40]=Oop [56]=Oop [80]=NarrowOop [88]=Oop [96]=Derived_oop_[88] [104]=Oop [112]=NarrowOop [144]=Oop }
                      ;*new {reexecute=0 rethrow=0 return_oop=1}
                      ; - java.lang.StringLatin1::newString@7 (line 769)
                      ; - java.lang.String::substring@41 (line 2714)
                      ; - java.lang.ClassLoader::checkCerts@21 (line 1154)
                      ; - java.lang.ClassLoader::preDefineClass@113 (line 907)
                      ; - java.lang.ClassLoader::defineClass@4 (line 1015)
  0x0000026918f19028: d4ca 7cff | 4c8b 5424 | 204c 8954 | 2440 4c8b | 5424 284c | 8954 2430 | 448b 5424 | 5044 8b6c 
  0x0000026918f19048: 2454 c5fb | 1044 2458 | 4c8b 4424 | 6048 8b5c | 2468 448b | 7424 708b | 4c24 7448 | 8bf0 4d8b 
  0x0000026918f19068: d8e9 fcee | ffff 4c8b | df4c 8984 | 2488 0000 | 004c 898c | 2480 0000 | 0048 8974 | 2478 894c 
  0x0000026918f19088: 2470 4489 | 7424 2448 | 895c 2468 | 4c89 5c24 | 60c5 fb11 | 4424 584c | 8b5c 2430 | 4c89 5c24 
  0x0000026918f190a8: 504c 8b5c | 2440 4c89 | 5c24 304c | 8b9c 2490 | 0000 004c | 895c 2428 

  0x0000026918f190c0: ;   {metadata({type array byte})}
  0x0000026918f190c0: 48ba 2867 | 0028 6902 | 0000 4489 | 5424 2044 | 8bc1 6690 

  0x0000026918f190d4: ;   {runtime_call _new_array_nozero_Java}
  0x0000026918f190d4: c5f8 77e8 

  0x0000026918f190d8: ; ImmutableOopMap {[32]=NarrowOop [36]=NarrowOop [40]=Oop [48]=Oop [56]=Oop [80]=Oop [88]=Oop [96]=Derived_oop_[88] [104]=Oop [120]=Oop [144]=Oop }
                      ;*newarray {reexecute=0 rethrow=0 return_oop=1}
                      ; - java.util.Arrays::copyOfRange@41 (line 3822)
                      ; - java.lang.StringLatin1::newString@16 (line 769)
                      ; - java.lang.String::substring@41 (line 2714)
                      ; - java.lang.ClassLoader::checkCerts@21 (line 1154)
                      ; - java.lang.ClassLoader::preDefineClass@113 (line 907)
                      ; - java.lang.ClassLoader::defineClass@4 (line 1015)
  0x0000026918f190d8: a4c3 7cff | 4c8b 5c24 | 304c 895c | 2440 4c8b | 5c24 504c | 895c 2430 | 488b 7c24 | 6048 8b5c 
  0x0000026918f190f8: 2468 448b | 7424 248b | 4c24 7048 | 8b74 2478 | 4c8b 8c24 | 8000 0000 | 4c8b 8424 | 8800 0000 
  0x0000026918f19118: 4c8b d8e9 | ddee ffff | 4489 4c24 | 4c44 8954 | 2448 4c89 | 4424 384c | 895c 2430 | 4c89 6c24 
  0x0000026918f19138: 284c 8b54 | 2440 4c89 | 5424 2048 | 8bd3 498b | ee66 6690 

  0x0000026918f1914c: ;   {static_call}
  0x0000026918f1914c: c5f8 77e8 

  0x0000026918f19150: ; ImmutableOopMap {rbp=Oop [32]=Oop [48]=Oop [56]=Oop [72]=NarrowOop [76]=NarrowOop [80]=Oop }
                      ;*invokestatic hashCode {reexecute=0 rethrow=0 return_oop=0}
                      ; - java.lang.String::hashCode@37 (line 2345)
                      ; - java.util.concurrent.ConcurrentHashMap::get@1 (line 936)
                      ; - java.lang.ClassLoader::getNamedPackage@5 (line 340)
                      ; - java.lang.ClassLoader::postDefineClass@9 (line 924)
                      ; - java.lang.ClassLoader::defineClass@37 (line 1018)
  0x0000026918f19150: 2c88 7bff | 4c8b 5424 | 204c 8954 | 2440 4c8b | 6c24 284c | 8b54 2430 | 4c89 5424 | 604c 8b44 
  0x0000026918f19170: 2438 448b | 5424 4844 | 8b4c 244c | e9b3 f9ff | ff41 c640 | 1101 33c0 | e958 f3ff | ff44 895c 
  0x0000026918f19190: 2430 4489 | 4c24 2c44 | 8954 2428 | 4c8b 5424 | 604c 8954 | 2420 498b 

  0x0000026918f191a8: ;   {metadata('java/lang/String')}
  0x0000026918f191a8: ed48 bae0 | e900 2869 | 0200 0090 

  0x0000026918f191b4: ;   {runtime_call _new_instance_Java}
  0x0000026918f191b4: c5f8 77e8 

  0x0000026918f191b8: ; ImmutableOopMap {[32]=Oop [40]=NarrowOop [64]=Oop [80]=Oop [96]=Oop [104]=Oop }
                      ;*new {reexecute=0 rethrow=0 return_oop=1}
                      ; - java.lang.StringLatin1::newString@7 (line 769)
                      ; - java.lang.String::substring@41 (line 2714)
                      ; - java.lang.Class::getPackageName@62 (line 1086)
                      ; - java.lang.ClassLoader::postDefineClass@2 (line 924)
                      ; - java.lang.ClassLoader::defineClass@37 (line 1018)
  0x0000026918f191b8: 44c9 7cff | 4c8b ed44 | 8b54 2428 | 448b 4c24 | 2c44 8b5c | 2430 488b | d8e9 67f1 | ffff 48ff 
  0x0000026918f191d8: 7424 6848 | 8f84 2480 | 0000 004c | 8944 2458 | 4889 4c24 | 4848 895c | 2438 4489 | 5c24 3444 
  0x0000026918f191f8: 8954 2430 | 4c8b 5424 | 604c 8954 | 2428 4c89 

  0x0000026918f19208: ;   {metadata({type array byte})}
  0x0000026918f19208: 6c24 2048 | ba28 6700 | 2869 0200 | 0045 8bc3 

  0x0000026918f19218: ;   {runtime_call _new_array_nozero_Java}
  0x0000026918f19218: c5f8 77e8 

  0x0000026918f1921c: ; ImmutableOopMap {[40]=Oop [48]=NarrowOop [56]=Oop [64]=Oop [80]=Oop [96]=Oop [128]=Oop }
                      ;*newarray {reexecute=0 rethrow=0 return_oop=1}
                      ; - java.util.Arrays::copyOfRange@41 (line 3822)
                      ; - java.lang.StringLatin1::newString@16 (line 769)
                      ; - java.lang.String::substring@41 (line 2714)
                      ; - java.lang.Class::getPackageName@62 (line 1086)
                      ; - java.lang.ClassLoader::postDefineClass@2 (line 924)
                      ; - java.lang.ClassLoader::defineClass@37 (line 1018)
  0x0000026918f1921c: 60c2 7cff | 4c8b 6c24 | 2044 8b54 | 2430 448b | 5c24 3448 | 8b5c 2438 | 488b 4c24 | 484c 8b44 
  0x0000026918f1923c: 2458 4c8b | f048 ffb4 | 2480 0000 | 0048 8f44 | 2468 e982 | f1ff ff44 | 894c 2438 | 4c89 4424 
  0x0000026918f1925c: 304c 896c | 2420 488b 

  0x0000026918f19264: ;   {metadata('java/lang/NamedPackage')}
  0x0000026918f19264: 6c24 4048 | ba40 f101 | 2869 0200 | 0066 6690 

  0x0000026918f19274: ;   {runtime_call _new_instance_Java}
  0x0000026918f19274: c5f8 77e8 

  0x0000026918f19278: ; ImmutableOopMap {rbp=Oop [48]=Oop [56]=NarrowOop [80]=Oop [96]=Oop }
                      ;*new {reexecute=0 rethrow=0 return_oop=1}
                      ; - java.lang.ClassLoader::getNamedPackage@16 (line 342)
                      ; - java.lang.ClassLoader::postDefineClass@9 (line 924)
                      ; - java.lang.ClassLoader::defineClass@37 (line 1018)
  0x0000026918f19278: 84c8 7cff | 4889 6c24 | 404c 8b6c | 2420 4c8b | 4424 3044 | 8b4c 2438 | e954 f4ff | ffba f6ff 
  0x0000026918f19298: ffff 488b | ee66 6690 

  0x0000026918f192a0: ;   {runtime_call UncommonTrapBlob}
  0x0000026918f192a0: c5f8 77e8 

  0x0000026918f192a4: ; ImmutableOopMap {rbp=Oop }
                      ;*invokevirtual putIfAbsent {reexecute=0 rethrow=0 return_oop=0}
                      ; - java.lang.ClassLoader::checkCerts@62 (line 1161)
                      ; - java.lang.ClassLoader::preDefineClass@113 (line 907)
                      ; - java.lang.ClassLoader::defineClass@4 (line 1015)
  0x0000026918f192a4: 58d6 7bff | baf6 ffff | ff48 8beb 

  0x0000026918f192b0: ;   {runtime_call UncommonTrapBlob}
  0x0000026918f192b0: c5f8 77e8 

  0x0000026918f192b4: ; ImmutableOopMap {rbp=Oop }
                      ;*invokevirtual get {reexecute=0 rethrow=0 return_oop=0}
                      ; - java.lang.ClassLoader::getNamedPackage@5 (line 340)
                      ; - java.lang.ClassLoader::postDefineClass@9 (line 924)
                      ; - java.lang.ClassLoader::defineClass@37 (line 1018)
  0x0000026918f192b4: 48d6 7bff | baf6 ffff | ff66 6690 

  0x0000026918f192c0: ;   {runtime_call UncommonTrapBlob}
  0x0000026918f192c0: c5f8 77e8 

  0x0000026918f192c4: ; ImmutableOopMap {rbp=NarrowOop }
                      ;*invokevirtual toExternalForm {reexecute=0 rethrow=0 return_oop=0}
                      ; - java.net.URL::toExternalForm@5 (line 1039)
                      ; - java.net.URL::toString@1 (line 1025)
                      ; - java.lang.ClassLoader::defineClassSourceLocation@22 (line 917)
                      ; - java.lang.ClassLoader::defineClass@12 (line 1016)
  0x0000026918f192c4: 38d6 7bff | ba76 ffff | ff48 8b6c | 2440 4c89 | 4424 2044 | 8954 2428 | 897c 2430 | 4c8b 9424 
  0x0000026918f192e4: 9000 0000 | 4c89 5424 | 4044 8b54 | 2448 4489 | 5424 3444 | 8b5c 244c | 4489 5c24 | 4848 895c 
  0x0000026918f19304: 2450 4489 | 7424 4c90 

  0x0000026918f1930c: ;   {runtime_call UncommonTrapBlob}
  0x0000026918f1930c: c5f8 77e8 

  0x0000026918f19310: ; ImmutableOopMap {rbp=Oop [32]=Oop [40]=NarrowOop [56]=Oop [64]=Oop [76]=NarrowOop [80]=Oop }
                      ;*iflt {reexecute=1 rethrow=0 return_oop=0}
                      ; - (reexecute) java.lang.StringLatin1::lastIndexOf@19 (line 294)
                      ; - java.lang.String::lastIndexOf@13 (line 2489)
                      ; - java.lang.String::lastIndexOf@8 (line 2451)
                      ; - java.lang.ClassLoader::checkCerts@3 (line 1153)
                      ; - java.lang.ClassLoader::preDefineClass@113 (line 907)
                      ; - java.lang.ClassLoader::defineClass@4 (line 1015)
  0x0000026918f19310: ecd5 7bff | ba45 ffff | ff48 8b6c | 2440 4889 | 4c24 2889 | 7c24 4089 | 7424 444c | 8944 2448 
  0x0000026918f19330: 4c89 4424 | 5066 6690 

  0x0000026918f19338: ;   {runtime_call UncommonTrapBlob}
  0x0000026918f19338: c5f8 77e8 

  0x0000026918f1933c: ; ImmutableOopMap {rbp=Oop [40]=Oop [56]=Oop [72]=Oop [80]=Oop }
                      ;*ifeq {reexecute=1 rethrow=0 return_oop=0}
                      ; - (reexecute) java.lang.ClassLoader::checkName@8 (line 1145)
                      ; - java.lang.ClassLoader::preDefineClass@1 (line 890)
                      ; - java.lang.ClassLoader::defineClass@4 (line 1015)
  0x0000026918f1933c: c0d5 7bff | ba6e ffff | ff48 8b6c | 2440 4c89 | 4424 2044 | 8954 2428 | 897c 2430 | 4c8b 9424 
  0x0000026918f1935c: 9000 0000 | 4c89 5424 | 4044 8b54 | 2448 4489 | 5424 3444 | 8b5c 244c | 4489 5c24 | 4848 895c 
  0x0000026918f1937c: 2450 4489 | 7424 4c90 

  0x0000026918f19384: ;   {runtime_call UncommonTrapBlob}
  0x0000026918f19384: c5f8 77e8 

  0x0000026918f19388: ; ImmutableOopMap {rbp=Oop [32]=Oop [40]=NarrowOop [56]=Oop [64]=Oop [76]=NarrowOop [80]=Oop }
                      ;*iflt {reexecute=1 rethrow=0 return_oop=0}
                      ; - (reexecute) java.lang.StringLatin1::lastIndexOf@19 (line 294)
                      ; - java.lang.String::lastIndexOf@13 (line 2489)
                      ; - java.lang.String::lastIndexOf@8 (line 2451)
                      ; - java.lang.ClassLoader::checkCerts@3 (line 1153)
                      ; - java.lang.ClassLoader::preDefineClass@113 (line 907)
                      ; - java.lang.ClassLoader::defineClass@4 (line 1015)
  0x0000026918f19388: 74d5 7bff | 4c63 c9e9 | e5eb ffff | 4983 c1fe | 498b c948 | 8bfa 4833 | c048 83f9 | 087f 1048 
  0x0000026918f193a8: ffc9 784f | 4889 04cf | 48ff c97d | f7eb 44c5 | fdef c0e9 | 0d00 0000 | c5fe 7f07 | c5fe 7f47 
  0x0000026918f193c8: 2048 83c7 | 4048 83e9 | 087d ed48 | 83c1 047c | 0cc5 fe7f | 0748 83c7 | 2048 83e9 | 0448 83c1 
  0x0000026918f193e8: 047e 1048 | ffc9 c5f9 | d607 4883 | c708 48ff | c97d f3e9 | 3cec ffff | bacc ffff | ff48 8b6c 
  0x0000026918f19408: 2440 4c8b | 5c24 304c | 895c 2420 | 4489 5424 | 2889 4c24 | 304c 8b94 | 2490 0000 | 004c 8954 
  0x0000026918f19428: 2440 448b | 5424 4844 | 8954 2434 | 448b 5c24 | 4c44 895c | 2448 4889 | 5c24 5044 | 8974 244c 
  0x0000026918f19448: 4889 7424 | 6866 6690 

  0x0000026918f19450: ;   {runtime_call UncommonTrapBlob}
  0x0000026918f19450: c5f8 77e8 

  0x0000026918f19454: ; ImmutableOopMap {rbp=Oop [32]=Oop [40]=NarrowOop [56]=Oop [64]=Oop [76]=NarrowOop [80]=Oop [104]=Oop }
                      ;*newarray {reexecute=1 rethrow=0 return_oop=0}
                      ; - (reexecute) java.util.Arrays::copyOfRange@41 (line 3822)
                      ; - java.lang.StringLatin1::newString@16 (line 769)
                      ; - java.lang.String::substring@41 (line 2714)
                      ; - java.lang.ClassLoader::checkCerts@21 (line 1154)
                      ; - java.lang.ClassLoader::preDefineClass@113 (line 907)
                      ; - java.lang.ClassLoader::defineClass@4 (line 1015)
  0x0000026918f19454: a8d4 7bff | bae4 ffff | ff48 8b6c | 2440 4c8b | 5c24 304c | 895c 2428 | 4489 5424 | 344c 8b94 
  0x0000026918f19474: 2490 0000 | 004c 8954 | 2450 6690 

  0x0000026918f19480: ;   {runtime_call UncommonTrapBlob}
  0x0000026918f19480: c5f8 77e8 

  0x0000026918f19484: ; ImmutableOopMap {rbp=Oop [40]=Oop [52]=NarrowOop [56]=Oop [80]=Oop [144]=Oop }
                      ;*baload {reexecute=0 rethrow=0 return_oop=0}
                      ; - java.lang.String::startsWith@80 (line 2270)
                      ; - java.lang.String::startsWith@3 (line 2302)
                      ; - java.lang.ClassLoader::preDefineClass@43 (line 896)
                      ; - java.lang.ClassLoader::defineClass@4 (line 1015)
  0x0000026918f19484: 78d4 7bff | bade ffff | ff66 6690 

  0x0000026918f19490: ;   {runtime_call UncommonTrapBlob}
  0x0000026918f19490: c5f8 77e8 

  0x0000026918f19494: ; ImmutableOopMap {rbp=NarrowOop }
                      ;*checkcast {reexecute=0 rethrow=0 return_oop=0}
                      ; - java.lang.ClassLoader::getNamedPackage@8 (line 340)
                      ; - java.lang.ClassLoader::postDefineClass@9 (line 924)
                      ; - java.lang.ClassLoader::defineClass@37 (line 1018)
  0x0000026918f19494: 68d4 7bff | ba76 ffff | ff48 8b6c | 2460 4c8b | 5c24 504c | 895c 2430 | 4c8b 5c24 | 404c 895c 
  0x0000026918f194b4: 2438 4489 | 5424 4889 | 4c24 504c | 8944 2458 

  0x0000026918f194c4: ;   {runtime_call UncommonTrapBlob}
  0x0000026918f194c4: c5f8 77e8 

  0x0000026918f194c8: ; ImmutableOopMap {rbp=Oop [48]=Oop [56]=Oop [72]=NarrowOop [88]=Oop }
                      ;*iflt {reexecute=1 rethrow=0 return_oop=0}
                      ; - (reexecute) java.lang.StringLatin1::lastIndexOf@19 (line 294)
                      ; - java.lang.String::lastIndexOf@13 (line 2489)
                      ; - java.lang.String::lastIndexOf@8 (line 2451)
                      ; - java.lang.Class::getPackageName@47 (line 1085)
                      ; - java.lang.ClassLoader::postDefineClass@2 (line 924)
                      ; - java.lang.ClassLoader::defineClass@37 (line 1018)
  0x0000026918f194c8: 34d4 7bff | ba45 ffff | ff48 8944 | 2428 4c8b | 5424 404c | 8954 2438 | 4889 4424 | 4066 6690 
  0x0000026918f194e8: ;   {runtime_call UncommonTrapBlob}
  0x0000026918f194e8: c5f8 77e8 

  0x0000026918f194ec: ; ImmutableOopMap {[40]=Oop [56]=Oop [64]=Oop [80]=Oop }
                      ;*ifeq {reexecute=1 rethrow=0 return_oop=0}
                      ; - (reexecute) java.lang.Class::getPackageName@13 (line 1080)
                      ; - java.lang.ClassLoader::postDefineClass@2 (line 924)
                      ; - java.lang.ClassLoader::defineClass@37 (line 1018)
  0x0000026918f194ec: 10d4 7bff | ba6e ffff | ff48 8b6c | 2460 4c8b | 5c24 504c | 895c 2430 | 4c8b 5c24 | 404c 895c 
  0x0000026918f1950c: 2438 4489 | 5424 4889 | 4c24 504c | 8944 2458 

  0x0000026918f1951c: ;   {runtime_call UncommonTrapBlob}
  0x0000026918f1951c: c5f8 77e8 

  0x0000026918f19520: ; ImmutableOopMap {rbp=Oop [48]=Oop [56]=Oop [72]=NarrowOop [88]=Oop }
                      ;*iflt {reexecute=1 rethrow=0 return_oop=0}
                      ; - (reexecute) java.lang.StringLatin1::lastIndexOf@19 (line 294)
                      ; - java.lang.String::lastIndexOf@13 (line 2489)
                      ; - java.lang.String::lastIndexOf@8 (line 2451)
                      ; - java.lang.Class::getPackageName@47 (line 1085)
                      ; - java.lang.ClassLoader::postDefineClass@2 (line 924)
                      ; - java.lang.ClassLoader::defineClass@37 (line 1018)
  0x0000026918f19520: dcd3 7bff | 4963 cbe9 | 21ee ffff | 4883 c1fe | 498b f948 | 33c0 4883 | f908 7f10 | 48ff c978 
  0x0000026918f19540: 4f48 8904 | cf48 ffc9 | 7df7 eb44 | c5fd efc0 | e90d 0000 | 00c5 fe7f | 07c5 fe7f | 4720 4883 
  0x0000026918f19560: c740 4883 | e908 7ded | 4883 c104 | 7c0c c5fe | 7f07 4883 | c720 4883 | e904 4883 | c104 7e10 
  0x0000026918f19580: 48ff c9c5 | f9d6 0748 | 83c7 0848 | ffc9 7df3 | e981 eeff | ffba ccff | ffff 488b | 6c24 604c 
  0x0000026918f195a0: 8b44 2450 | 4c89 4424 | 304c 8b44 | 2440 4c89 | 4424 3844 | 8954 2448 | 4489 5c24 | 5048 895c 
  0x0000026918f195c0: 2460 6690 

  0x0000026918f195c4: ;   {runtime_call UncommonTrapBlob}
  0x0000026918f195c4: c5f8 77e8 

  0x0000026918f195c8: ; ImmutableOopMap {rbp=Oop [48]=Oop [56]=Oop [72]=NarrowOop [96]=Oop }
                      ;*newarray {reexecute=1 rethrow=0 return_oop=0}
                      ; - (reexecute) java.util.Arrays::copyOfRange@41 (line 3822)
                      ; - java.lang.StringLatin1::newString@16 (line 769)
                      ; - java.lang.String::substring@41 (line 2714)
                      ; - java.lang.Class::getPackageName@62 (line 1086)
                      ; - java.lang.ClassLoader::postDefineClass@2 (line 924)
                      ; - java.lang.ClassLoader::defineClass@37 (line 1018)
  0x0000026918f195c8: 34d3 7bff | 85f6 400f | 95c5 400f | b6ed 83f5 | 01ba 45ff | ffff 4c8b | 5424 404c | 8954 2428 
  0x0000026918f195e8: 4c89 4424 | 504c 8944 | 2458 6690 

  0x0000026918f195f4: ;   {runtime_call UncommonTrapBlob}
  0x0000026918f195f4: c5f8 77e8 

  0x0000026918f195f8: ; ImmutableOopMap {[40]=Oop [48]=Oop [56]=Oop [80]=Oop [88]=Oop }
                      ;*ifeq {reexecute=1 rethrow=0 return_oop=0}
                      ; - (reexecute) java.lang.String::indexOf@4 (line 2423)
                      ; - java.lang.String::indexOf@3 (line 2380)
                      ; - java.lang.ClassLoader::checkName@16 (line 1147)
                      ; - java.lang.ClassLoader::preDefineClass@1 (line 890)
                      ; - java.lang.ClassLoader::defineClass@4 (line 1015)
  0x0000026918f195f8: 04d3 7bff | ba45 ffff | ff48 8b6c | 2440 4c8b | 5424 304c | 8954 2428 | 448b 5c24 | 4844 895c 
  0x0000026918f19618: 2440 448b | 5c24 4c44 | 895c 2444 | 4c89 4424 | 484c 8944 | 2450 895c | 2458 6690 

  0x0000026918f19634: ;   {runtime_call UncommonTrapBlob}
  0x0000026918f19634: c5f8 77e8 

  0x0000026918f19638: ; ImmutableOopMap {rbp=Oop [40]=Oop [56]=Oop [72]=Oop [80]=Oop }
                      ;*if_icmpne {reexecute=1 rethrow=0 return_oop=0}
                      ; - (reexecute) java.lang.ClassLoader::checkName@20 (line 1147)
                      ; - java.lang.ClassLoader::preDefineClass@1 (line 890)
                      ; - java.lang.ClassLoader::defineClass@4 (line 1015)
  0x0000026918f19638: c4d2 7bff | ba45 ffff | ff48 8b6c | 2440 4c8b | 5424 304c | 8954 2420 | 894c 242c | 894c 2430 
  0x0000026918f19658: 4c8b 9424 | 9000 0000 | 4c89 5424 | 4044 8b54 | 2448 4489 | 5424 3444 | 8b5c 244c | 4489 5c24 
  0x0000026918f19678: 4848 895c | 2450 4489 | 7424 4c44 | 894c 246c 

  0x0000026918f19688: ;   {runtime_call UncommonTrapBlob}
  0x0000026918f19688: c5f8 77e8 

  0x0000026918f1968c: ; ImmutableOopMap {rbp=Oop [32]=Oop [56]=Oop [64]=Oop [76]=NarrowOop [80]=Oop }
                      ;*if_icmpgt {reexecute=1 rethrow=0 return_oop=0}
                      ; - (reexecute) java.lang.String::checkBoundsBeginEnd@6 (line 4605)
                      ; - java.lang.String::substring@8 (line 2709)
                      ; - java.lang.ClassLoader::checkCerts@21 (line 1154)
                      ; - java.lang.ClassLoader::preDefineClass@113 (line 907)
                      ; - java.lang.ClassLoader::defineClass@4 (line 1015)
  0x0000026918f1968c: 70d2 7bff | ba45 ffff | ff48 8b6c | 2460 488b | 4c24 5048 | 894c 2430 | 488b 4c24 | 4048 894c 
  0x0000026918f196ac: 2438 4489 | 4c24 484c | 8944 2450 | 895c 244c | 4489 5424 | 5c44 895c | 2460 6690 

  0x0000026918f196c8: ;   {runtime_call UncommonTrapBlob}
  0x0000026918f196c8: c5f8 77e8 

  0x0000026918f196cc: ; ImmutableOopMap {rbp=Oop [48]=Oop [56]=Oop [72]=NarrowOop [76]=NarrowOop [80]=Oop }
                      ;*ifle {reexecute=1 rethrow=0 return_oop=0}
                      ; - (reexecute) java.util.concurrent.ConcurrentHashMap::get@23 (line 937)
                      ; - java.lang.ClassLoader::getNamedPackage@5 (line 340)
                      ; - java.lang.ClassLoader::postDefineClass@9 (line 924)
                      ; - java.lang.ClassLoader::defineClass@37 (line 1018)
  0x0000026918f196cc: 30d2 7bff | ba45 ffff | ff4c 8b54 | 2440 4c89 | 5424 284c | 8944 2450 

  0x0000026918f196e4: ;   {runtime_call UncommonTrapBlob}
  0x0000026918f196e4: c5f8 77e8 

  0x0000026918f196e8: ; ImmutableOopMap {[40]=Oop [48]=Oop [56]=Oop [80]=Oop [144]=Oop }
                      ;*if_icmpne {reexecute=1 rethrow=0 return_oop=0}
                      ; - (reexecute) java.lang.ClassLoader::checkName@30 (line 1147)
                      ; - java.lang.ClassLoader::preDefineClass@1 (line 890)
                      ; - java.lang.ClassLoader::defineClass@4 (line 1015)
  0x0000026918f196e8: 14d2 7bff | ba45 ffff | ff4c 8b54 | 2440 4c89 | 5424 204c | 8b54 2430 | 4c89 5424 | 284c 8b94 
  0x0000026918f19708: 2490 0000 | 004c 8954 | 2430 448b | 5c24 4844 | 895c 2440 | 448b 5424 | 4c44 8954 | 2444 4889 
  0x0000026918f19728: 5c24 4848 | 8974 2458 | 4489 7424 | 6066 6690 

  0x0000026918f19738: ;   {runtime_call UncommonTrapBlob}
  0x0000026918f19738: c5f8 77e8 

  0x0000026918f1973c: ; ImmutableOopMap {rbp=NarrowOop [32]=Oop [40]=Oop [48]=Oop [56]=Oop [72]=Oop [88]=Oop [96]=NarrowOop }
                      ;*ifnull {reexecute=1 rethrow=0 return_oop=0}
                      ; - (reexecute) java.security.CodeSource::getCertificates@4 (line 202)
                      ; - java.lang.ClassLoader::checkCerts@34 (line 1158)
                      ; - java.lang.ClassLoader::preDefineClass@113 (line 907)
                      ; - java.lang.ClassLoader::defineClass@4 (line 1015)
  0x0000026918f1973c: c0d1 7bff | ba45 ffff | ff4c 8b54 | 2440 4c89 | 5424 204c | 8b54 2430 | 4c89 5424 | 284c 8b94 
  0x0000026918f1975c: 2490 0000 | 004c 8954 | 2430 448b | 5c24 4844 | 895c 2440 | 448b 5424 | 4c44 8954 | 2444 4889 
  0x0000026918f1977c: 5c24 4848 | 8974 2458 | 4489 7424 | 6066 6690 

  0x0000026918f1978c: ;   {runtime_call UncommonTrapBlob}
  0x0000026918f1978c: c5f8 77e8 

  0x0000026918f19790: ; ImmutableOopMap {rbp=NarrowOop [32]=Oop [40]=Oop [48]=Oop [56]=Oop [72]=Oop [88]=Oop [96]=NarrowOop }
                      ;*ifnull {reexecute=1 rethrow=0 return_oop=0}
                      ; - (reexecute) java.security.CodeSource::getCertificates@22 (line 205)
                      ; - java.lang.ClassLoader::checkCerts@34 (line 1158)
                      ; - java.lang.ClassLoader::preDefineClass@113 (line 907)
                      ; - java.lang.ClassLoader::defineClass@4 (line 1015)
  0x0000026918f19790: 6cd1 7bff | ba45 ffff | ff4c 8b54 | 2440 4c89 | 5424 204c | 8b54 2430 | 4c89 5424 | 284c 8b94 
  0x0000026918f197b0: 2490 0000 | 004c 8954 | 2430 448b | 5424 4844 | 8954 2440 | 448b 5c24 | 4c44 895c | 2444 6690 
  0x0000026918f197d0: ;   {runtime_call UncommonTrapBlob}
  0x0000026918f197d0: c5f8 77e8 

  0x0000026918f197d4: ; ImmutableOopMap {[32]=Oop [40]=Oop [48]=Oop [56]=Oop }
                      ;*ifne {reexecute=1 rethrow=0 return_oop=0}
                      ; - (reexecute) java.lang.ClassLoader::compareCerts@7 (line 1176)
                      ; - java.lang.ClassLoader::checkCerts@80 (line 1162)
                      ; - java.lang.ClassLoader::preDefineClass@113 (line 907)
                      ; - java.lang.ClassLoader::defineClass@4 (line 1015)
  0x0000026918f197d4: 28d1 7bff | ba45 ffff | ff48 8b6c | 2440 4c8b | 5424 304c | 8954 2420 | 894c 242c | 894c 2430 
  0x0000026918f197f4: 4c8b 9424 | 9000 0000 | 4c89 5424 | 4044 8b54 | 2448 4489 | 5424 3444 | 8b5c 244c | 4489 5c24 
  0x0000026918f19814: 4848 895c | 2450 4489 | 7424 4c44 | 894c 246c | 4489 4c24 | 7066 6690 

  0x0000026918f1982c: ;   {runtime_call UncommonTrapBlob}
  0x0000026918f1982c: c5f8 77e8 

  0x0000026918f19830: ; ImmutableOopMap {rbp=Oop [32]=Oop [56]=Oop [64]=Oop [76]=NarrowOop [80]=Oop }
                      ;*if_icmple {reexecute=1 rethrow=0 return_oop=0}
                      ; - (reexecute) java.lang.String::checkBoundsBeginEnd@11 (line 4605)
                      ; - java.lang.String::substring@8 (line 2709)
                      ; - java.lang.ClassLoader::checkCerts@21 (line 1154)
                      ; - java.lang.ClassLoader::preDefineClass@113 (line 907)
                      ; - java.lang.ClassLoader::defineClass@4 (line 1015)
  0x0000026918f19830: ccd0 7bff | 8bcf e9c4 | e6ff ffba | 3701 0000 | 488b e94c | 8b94 2490 | 0000 004c | 8954 2420 
  0x0000026918f19850: 4c8b 5424 | 384c 8954 | 2428 6690 

  0x0000026918f1985c: ;   {runtime_call UncommonTrapBlob}
  0x0000026918f1985c: c5f8 77e8 

  0x0000026918f19860: ; ImmutableOopMap {rbp=Oop [32]=Oop [40]=Oop }
                      ;*new {reexecute=0 rethrow=0 return_oop=0}
                      ; - java.lang.ClassLoader::preDefineClass@56 (line 898)
                      ; - java.lang.ClassLoader::defineClass@4 (line 1015)
  0x0000026918f19860: 9cd0 7bff | baf6 ffff | ff66 6690 

  0x0000026918f1986c: ;   {runtime_call UncommonTrapBlob}
  0x0000026918f1986c: c5f8 77e8 

  0x0000026918f19870: ; ImmutableOopMap {[72]=Oop [104]=Oop }
                      ;*invokevirtual putIfAbsent {reexecute=0 rethrow=0 return_oop=0}
                      ; - java.lang.ClassLoader::getNamedPackage@32 (line 344)
                      ; - java.lang.ClassLoader::postDefineClass@9 (line 924)
                      ; - java.lang.ClassLoader::defineClass@37 (line 1018)
  0x0000026918f19870: 8cd0 7bff | 488b e8ba | 54ff ffff | 4c8b 5424 | 404c 8954 | 2428 6690 

  0x0000026918f19888: ;   {runtime_call UncommonTrapBlob}
  0x0000026918f19888: c5f8 77e8 

  0x0000026918f1988c: ; ImmutableOopMap {rbp=Oop [40]=Oop [80]=Oop [88]=NarrowOop [96]=Oop [104]=Oop }
                      ;*ifnull {reexecute=1 rethrow=0 return_oop=0}
                      ; - (reexecute) java.lang.ClassLoader::getNamedPackage@42 (line 345)
                      ; - java.lang.ClassLoader::postDefineClass@9 (line 924)
                      ; - java.lang.ClassLoader::defineClass@37 (line 1018)
  0x0000026918f1988c: 70d0 7bff | ba45 ffff | ff48 8b4c | 2450 4889 | 4c24 3048 | 8b4c 2440 | 4889 4c24 | 3844 894c 
  0x0000026918f198ac: 2448 4c89 | 4424 5044 | 895c 244c | 4489 5424 | 5866 6690 

  0x0000026918f198c0: ;   {runtime_call UncommonTrapBlob}
  0x0000026918f198c0: c5f8 77e8 

  0x0000026918f198c4: ; ImmutableOopMap {[48]=Oop [56]=Oop [72]=NarrowOop [76]=NarrowOop [80]=Oop [96]=Oop }
                      ;*ifeq {reexecute=1 rethrow=0 return_oop=0}
                      ; - (reexecute) java.util.concurrent.ConcurrentHashMap::get@76 (line 940)
                      ; - java.lang.ClassLoader::getNamedPackage@5 (line 340)
                      ; - java.lang.ClassLoader::postDefineClass@9 (line 924)
                      ; - java.lang.ClassLoader::defineClass@37 (line 1018)
  0x0000026918f198c4: 38d0 7bff | ba45 ffff | ff44 895c | 2438 6690 

  0x0000026918f198d4: ;   {runtime_call UncommonTrapBlob}
  0x0000026918f198d4: c5f8 77e8 

  0x0000026918f198d8: ; ImmutableOopMap {rbp=NarrowOop [56]=NarrowOop [64]=Oop [96]=Oop }
                      ;*ifnull {reexecute=1 rethrow=0 return_oop=0}
                      ; - (reexecute) java.security.CodeSource::getCertificates@4 (line 202)
                      ; - java.lang.ClassLoader::postDefineClass@24 (line 927)
                      ; - java.lang.ClassLoader::defineClass@37 (line 1018)
  0x0000026918f198d8: 24d0 7bff | ba45 ffff | ff44 895c | 2438 6690 

  0x0000026918f198e8: ;   {runtime_call UncommonTrapBlob}
  0x0000026918f198e8: c5f8 77e8 

  0x0000026918f198ec: ; ImmutableOopMap {rbp=NarrowOop [56]=NarrowOop [64]=Oop [96]=Oop }
                      ;*ifnull {reexecute=1 rethrow=0 return_oop=0}
                      ; - (reexecute) java.security.CodeSource::getCertificates@22 (line 205)
                      ; - java.lang.ClassLoader::postDefineClass@24 (line 927)
                      ; - java.lang.ClassLoader::defineClass@37 (line 1018)
  0x0000026918f198ec: 10d0 7bff | baf6 ffff | ff66 6690 

  0x0000026918f198f8: ;   {runtime_call UncommonTrapBlob}
  0x0000026918f198f8: c5f8 77e8 

  0x0000026918f198fc: ; ImmutableOopMap {}
                      ;*invokevirtual isNamed {reexecute=0 rethrow=0 return_oop=0}
                      ; - java.lang.NamedPackage::<init>@12 (line 48)
                      ; - java.lang.ClassLoader::getNamedPackage@22 (line 342)
                      ; - java.lang.ClassLoader::postDefineClass@9 (line 924)
                      ; - java.lang.ClassLoader::defineClass@37 (line 1018)
  0x0000026918f198fc: 00d0 7bff | ba12 0000 | 004c 8b54 | 2450 4c89 | 5424 304c | 8b54 2440 | 4c89 5424 | 384c 8b54 
  0x0000026918f1991c: 2448 4c89 | 5424 4044 | 8b5c 2458 | 4489 5c24 | 4c66 6690 

  0x0000026918f19930: ;   {runtime_call UncommonTrapBlob}
  0x0000026918f19930: c5f8 77e8 

  0x0000026918f19934: ; ImmutableOopMap {[48]=Oop [56]=Oop [64]=Oop [76]=NarrowOop [88]=NarrowOop [96]=Oop [104]=Oop }
                      ;*new {reexecute=0 rethrow=0 return_oop=0}
                      ; - java.lang.NamedPackage::<init>@18 (line 49)
                      ; - java.lang.ClassLoader::getNamedPackage@22 (line 342)
                      ; - java.lang.ClassLoader::postDefineClass@9 (line 924)
                      ; - java.lang.ClassLoader::defineClass@37 (line 1018)
  0x0000026918f19934: c8cf 7bff | 85c9 400f | 95c5 400f | b6ed 83f5 | 01ba 45ff | ffff 4c8b | 5424 604c | 8954 2420 
  0x0000026918f19954: 4c8b 5424 | 504c 8954 | 2438 4c89 | 4424 5844 | 895c 2460 

  0x0000026918f19968: ;   {runtime_call UncommonTrapBlob}
  0x0000026918f19968: c5f8 77e8 

  0x0000026918f1996c: ; ImmutableOopMap {[32]=Oop [56]=Oop [64]=Oop [88]=Oop }
                      ;*ifeq {reexecute=1 rethrow=0 return_oop=0}
                      ; - (reexecute) java.lang.String::lastIndexOf@4 (line 2489)
                      ; - java.lang.String::lastIndexOf@8 (line 2451)
                      ; - java.lang.Class::getPackageName@47 (line 1085)
                      ; - java.lang.ClassLoader::postDefineClass@2 (line 924)
                      ; - java.lang.ClassLoader::defineClass@37 (line 1018)
  0x0000026918f1996c: 90cf 7bff | 498b d7c5 | f877 49ba | 706b 956b | f97f 0000 | 41ff d2e9 | f7ea ffff | ba45 ffff 
  0x0000026918f1998c: ff48 8b6c | 2460 4c8b | 5424 504c | 8954 2430 | 4c8b 5424 | 404c 8954 | 2438 4489 | 5c24 4c44 
  0x0000026918f199ac: 895c 2450 | 4c89 4424 | 5889 7c24 | 6066 6690 

  0x0000026918f199bc: ;   {runtime_call UncommonTrapBlob}
  0x0000026918f199bc: c5f8 77e8 

  0x0000026918f199c0: ; ImmutableOopMap {rbp=Oop [48]=Oop [56]=Oop [88]=Oop }
                      ;*if_icmpgt {reexecute=1 rethrow=0 return_oop=0}
                      ; - (reexecute) java.lang.String::checkBoundsBeginEnd@6 (line 4605)
                      ; - java.lang.String::substring@8 (line 2709)
                      ; - java.lang.Class::getPackageName@62 (line 1086)
                      ; - java.lang.ClassLoader::postDefineClass@2 (line 924)
                      ; - java.lang.ClassLoader::defineClass@37 (line 1018)
  0x0000026918f199c0: 3ccf 7bff | ba45 ffff | ff48 8b6c | 2460 4c8b | 5424 504c | 8954 2430 | 4c8b 5424 | 404c 8954 
  0x0000026918f199e0: 2438 4489 | 5c24 4c44 | 895c 2450 | 4c89 4424 | 5889 7c24 | 6089 7c24 | 6466 6690 

  0x0000026918f199fc: ;   {runtime_call UncommonTrapBlob}
  0x0000026918f199fc: c5f8 77e8 

  0x0000026918f19a00: ; ImmutableOopMap {rbp=Oop [48]=Oop [56]=Oop [88]=Oop }
                      ;*if_icmple {reexecute=1 rethrow=0 return_oop=0}
                      ; - (reexecute) java.lang.String::checkBoundsBeginEnd@11 (line 4605)
                      ; - java.lang.String::substring@8 (line 2709)
                      ; - java.lang.Class::getPackageName@62 (line 1086)
                      ; - java.lang.ClassLoader::postDefineClass@2 (line 924)
                      ; - java.lang.ClassLoader::defineClass@37 (line 1018)
  0x0000026918f19a00: fcce 7bff | 448b d9e9 | c3e8 ffff | ba76 ffff | ff48 8b6c | 2460 4c8b | 5c24 504c | 895c 2430 
  0x0000026918f19a20: 4c8b 5c24 | 404c 895c | 2438 4489 | 4c24 484c | 8944 2450 | 4c89 4424 | 5889 5c24 | 4c89 4c24 
  0x0000026918f19a40: 6444 8954 | 2468 6690 

  0x0000026918f19a48: ;   {runtime_call UncommonTrapBlob}
  0x0000026918f19a48: c5f8 77e8 

  0x0000026918f19a4c: ; ImmutableOopMap {rbp=Oop [48]=Oop [56]=Oop [72]=NarrowOop [76]=NarrowOop [80]=Oop [88]=Oop [104]=NarrowOop }
                      ;*if_icmpge {reexecute=1 rethrow=0 return_oop=0}
                      ; - (reexecute) java.lang.StringLatin1::hashCode@13 (line 196)
                      ; - java.lang.String::hashCode@27 (line 2344)
                      ; - java.util.concurrent.ConcurrentHashMap::get@1 (line 936)
                      ; - java.lang.ClassLoader::getNamedPackage@5 (line 340)
                      ; - java.lang.ClassLoader::postDefineClass@9 (line 924)
                      ; - java.lang.ClassLoader::defineClass@37 (line 1018)
  0x0000026918f19a4c: b0ce 7bff | bf01 0000 | 00e9 cff0 | ffff 498b | d7c5 f877 | 49ba 706b | 956b f97f | 0000 41ff 
  0x0000026918f19a6c: d2e9 31ed | ffff 498b | d7c5 f877 | 49ba 706b | 956b f97f | 0000 41ff | d2e9 d4ec | ffff ba45 
  0x0000026918f19a8c: ffff ff48 | 8b5c 2460 | 4889 5c24 | 3048 8b5c | 2450 4889 | 5c24 3844 | 894c 2450 | 4c89 4424 
  0x0000026918f19aac: 584c 8944 | 2460 4489 | 5c24 5444 | 8954 2468 | 4889 7c24 | 7089 4c24 | 6c66 6690 

  0x0000026918f19ac8: ;   {runtime_call UncommonTrapBlob}
  0x0000026918f19ac8: c5f8 77e8 

  0x0000026918f19acc: ; ImmutableOopMap {[48]=Oop [56]=Oop [64]=Oop [80]=NarrowOop [84]=NarrowOop [88]=Oop [96]=Oop [112]=Oop }
                      ;*if_icmpne {reexecute=1 rethrow=0 return_oop=0}
                      ; - (reexecute) java.lang.String::equals@33 (line 1830)
                      ; - java.util.concurrent.ConcurrentHashMap::get@73 (line 940)
                      ; - java.lang.ClassLoader::getNamedPackage@5 (line 340)
                      ; - java.lang.ClassLoader::postDefineClass@9 (line 924)
                      ; - java.lang.ClassLoader::defineClass@37 (line 1018)
  0x0000026918f19acc: 30ce 7bff | ba45 ffff | ff48 8b4c | 2460 4889 | 4c24 3048 | 8b4c 2450 | 4889 4c24 | 3844 894c 
  0x0000026918f19aec: 2450 4c89 | 4424 5844 | 895c 2454 | 4489 5424 | 6066 6690 

  0x0000026918f19b00: ;   {runtime_call UncommonTrapBlob}
  0x0000026918f19b00: c5f8 77e8 

  0x0000026918f19b04: ; ImmutableOopMap {[48]=Oop [56]=Oop [64]=Oop [80]=NarrowOop [84]=NarrowOop [88]=Oop }
                      ;*ifge {reexecute=1 rethrow=0 return_oop=0}
                      ; - (reexecute) java.util.concurrent.ConcurrentHashMap::get@86 (line 943)
                      ; - java.lang.ClassLoader::getNamedPackage@5 (line 340)
                      ; - java.lang.ClassLoader::postDefineClass@9 (line 924)
                      ; - java.lang.ClassLoader::defineClass@37 (line 1018)
  0x0000026918f19b04: f8cd 7bff | ba45 ffff | ff48 8b4c | 2460 4889 | 4c24 3048 | 8b4c 2450 | 4889 4c24 | 3844 894c 
  0x0000026918f19b24: 2450 4c89 | 4424 584c | 8944 2460 | 4c89 5c24 | 6844 8954 | 2454 4889 | 7c24 7089 | 5c24 7890 
  0x0000026918f19b44: ;   {runtime_call UncommonTrapBlob}
  0x0000026918f19b44: c5f8 77e8 

  0x0000026918f19b48: ; ImmutableOopMap {[48]=Oop [56]=Oop [64]=Oop [80]=NarrowOop [88]=Oop [96]=Oop [104]=Oop [112]=Oop }
                      ;*if_icmpne {reexecute=1 rethrow=0 return_oop=0}
                      ; - (reexecute) java.lang.String::equals@33 (line 1830)
                      ; - java.util.concurrent.ConcurrentHashMap::get@149 (line 947)
                      ; - java.lang.ClassLoader::getNamedPackage@5 (line 340)
                      ; - java.lang.ClassLoader::postDefineClass@9 (line 924)
                      ; - java.lang.ClassLoader::defineClass@37 (line 1018)
  0x0000026918f19b48: b4cd 7bff | bade ffff | ff48 8b6c | 2440 4c8b | 5424 304c | 8954 2420 | 4c8b 9424 | 9000 0000 
  0x0000026918f19b68: 4c89 5424 | 3044 8b54 | 2448 4489 | 5424 4044 | 8b54 244c | 4489 5424 | 4448 8944 | 2450 6690 
  0x0000026918f19b88: ;   {runtime_call UncommonTrapBlob}
  0x0000026918f19b88: c5f8 77e8 

  0x0000026918f19b8c: ; ImmutableOopMap {rbp=Oop [32]=Oop [40]=Oop [48]=Oop [56]=Oop [80]=Oop }
                      ;*checkcast {reexecute=0 rethrow=0 return_oop=0}
                      ; - java.lang.ClassLoader::checkCerts@65 (line 1161)
                      ; - java.lang.ClassLoader::preDefineClass@113 (line 907)
                      ; - java.lang.ClassLoader::defineClass@4 (line 1015)
  0x0000026918f19b8c: 70cd 7bff | baf6 ffff | ff66 6690 

  0x0000026918f19b98: ;   {runtime_call UncommonTrapBlob}
  0x0000026918f19b98: c5f8 77e8 

  0x0000026918f19b9c: ; ImmutableOopMap {}
                      ;*arraylength {reexecute=0 rethrow=0 return_oop=0}
                      ; - java.lang.String::isEmpty@4 (line 1494)
                      ; - java.lang.ClassLoader::checkName@5 (line 1145)
                      ; - java.lang.ClassLoader::preDefineClass@1 (line 890)
                      ; - java.lang.ClassLoader::defineClass@4 (line 1015)
  0x0000026918f19b9c: 60cd 7bff | baf6 ffff | ff66 6690 

  0x0000026918f19ba8: ;   {runtime_call UncommonTrapBlob}
  0x0000026918f19ba8: c5f8 77e8 

  0x0000026918f19bac: ; ImmutableOopMap {}
                      ;*invokevirtual getPackageName {reexecute=0 rethrow=0 return_oop=0}
                      ; - java.lang.ClassLoader::postDefineClass@2 (line 924)
                      ; - java.lang.ClassLoader::defineClass@37 (line 1018)
  0x0000026918f19bac: 50cd 7bff | baf6 ffff | ff66 6690 

  0x0000026918f19bb8: ;   {runtime_call UncommonTrapBlob}
  0x0000026918f19bb8: c5f8 77e8 

  0x0000026918f19bbc: ; ImmutableOopMap {}
                      ;*invokevirtual hashCode {reexecute=0 rethrow=0 return_oop=0}
                      ; - java.util.concurrent.ConcurrentHashMap::get@1 (line 936)
                      ; - java.lang.ClassLoader::getNamedPackage@5 (line 340)
                      ; - java.lang.ClassLoader::postDefineClass@9 (line 924)
                      ; - java.lang.ClassLoader::defineClass@37 (line 1018)
  0x0000026918f19bbc: 40cd 7bff | 4d85 d240 | 0f95 c540 | 0fb6 ed83 | f501 ba45 | ffff ff48 | 8944 2430 | 4c8b 5424 
  0x0000026918f19bdc: 504c 8954 | 2438 4889 | 4424 4890 

  0x0000026918f19be8: ;   {runtime_call UncommonTrapBlob}
  0x0000026918f19be8: c5f8 77e8 

  0x0000026918f19bec: ; ImmutableOopMap {[48]=Oop [56]=Oop [64]=Oop [72]=Oop }
                      ;*ifeq {reexecute=1 rethrow=0 return_oop=0}
                      ; - (reexecute) java.lang.Class::getPackageName@29 (line 1081)
                      ; - java.lang.ClassLoader::postDefineClass@2 (line 924)
                      ; - java.lang.ClassLoader::defineClass@37 (line 1018)
  0x0000026918f19bec: 10cd 7bff | baf6 ffff | ff66 6690 

  0x0000026918f19bf8: ;   {runtime_call UncommonTrapBlob}
  0x0000026918f19bf8: c5f8 77e8 

  0x0000026918f19bfc: ; ImmutableOopMap {}
                      ;*arraylength {reexecute=0 rethrow=0 return_oop=0}
                      ; - java.lang.String::length@4 (line 1481)
                      ; - java.lang.String::lastIndexOf@3 (line 2451)
                      ; - java.lang.Class::getPackageName@47 (line 1085)
                      ; - java.lang.ClassLoader::postDefineClass@2 (line 924)
                      ; - java.lang.ClassLoader::defineClass@37 (line 1018)
  0x0000026918f19bfc: 00cd 7bff | ba45 ffff | ff48 8b6c | 2440 4889 | 4c24 2889 | 7c24 4089 | 7424 444c | 8944 2448 
  0x0000026918f19c1c: 4c89 4424 | 5066 6690 

  0x0000026918f19c24: ;   {runtime_call UncommonTrapBlob}
  0x0000026918f19c24: c5f8 77e8 

  0x0000026918f19c28: ; ImmutableOopMap {rbp=Oop [40]=Oop [56]=Oop [72]=Oop [80]=Oop }
                      ;*ifnull {reexecute=1 rethrow=0 return_oop=0}
                      ; - (reexecute) java.lang.ClassLoader::checkName@1 (line 1145)
                      ; - java.lang.ClassLoader::preDefineClass@1 (line 890)
                      ; - java.lang.ClassLoader::defineClass@4 (line 1015)
  0x0000026918f19c28: d4cc 7bff | ba45 ffff | ff48 8b6c | 2440 4c89 | 4424 284c | 8b94 2490 | 0000 004c | 8954 2430 
  0x0000026918f19c48: 448b 5c24 | 4844 895c | 2440 448b | 5424 4c44 | 8954 2444 | 4889 5c24 | 4866 6690 

  0x0000026918f19c64: ;   {runtime_call UncommonTrapBlob}
  0x0000026918f19c64: c5f8 77e8 

  0x0000026918f19c68: ; ImmutableOopMap {rbp=Oop [40]=Oop [48]=Oop [56]=Oop [72]=Oop }
                      ;*ifnonnull {reexecute=1 rethrow=0 return_oop=0}
                      ; - (reexecute) java.lang.ClassLoader::preDefineClass@95 (line 902)
                      ; - java.lang.ClassLoader::defineClass@4 (line 1015)
  0x0000026918f19c68: 94cc 7bff | ba45 ffff | ff4c 8b5c | 2440 4c89 | 5c24 2048 | ff74 2430 | 488f 4424 | 2844 8b54 
  0x0000026918f19c88: 2448 4489 | 5424 4044 | 894c 2448 

  0x0000026918f19c94: ;   {runtime_call UncommonTrapBlob}
  0x0000026918f19c94: c5f8 77e8 

  0x0000026918f19c98: ; ImmutableOopMap {rbp=NarrowOop [32]=Oop [40]=Oop [56]=Oop [72]=NarrowOop [144]=Oop }
                      ;*ifnull {reexecute=1 rethrow=0 return_oop=0}
                      ; - (reexecute) java.lang.ClassLoader::defineClassSourceLocation@15 (line 916)
                      ; - java.lang.ClassLoader::defineClass@12 (line 1016)
  0x0000026918f19c98: 64cc 7bff | baf6 ffff | ff66 6690 

  0x0000026918f19ca4: ;   {runtime_call UncommonTrapBlob}
  0x0000026918f19ca4: c5f8 77e8 

  0x0000026918f19ca8: ; ImmutableOopMap {}
                      ;*arraylength {reexecute=0 rethrow=0 return_oop=0}
                      ; - java.lang.String::isEmpty@4 (line 1494)
                      ; - java.lang.NamedPackage::<init>@5 (line 48)
                      ; - java.lang.ClassLoader::getNamedPackage@22 (line 342)
                      ; - java.lang.ClassLoader::postDefineClass@9 (line 924)
                      ; - java.lang.ClassLoader::defineClass@37 (line 1018)
  0x0000026918f19ca8: 54cc 7bff | baf6 ffff | ff66 6690 

  0x0000026918f19cb4: ;   {runtime_call UncommonTrapBlob}
  0x0000026918f19cb4: c5f8 77e8 

  0x0000026918f19cb8: ; ImmutableOopMap {}
                      ;*arraylength {reexecute=0 rethrow=0 return_oop=0}
                      ; - java.lang.StringLatin1::hashCode@5 (line 196)
                      ; - java.lang.String::hashCode@27 (line 2344)
                      ; - java.util.concurrent.ConcurrentHashMap::get@1 (line 936)
                      ; - java.lang.ClassLoader::getNamedPackage@5 (line 340)
                      ; - java.lang.ClassLoader::postDefineClass@9 (line 924)
                      ; - java.lang.ClassLoader::defineClass@37 (line 1018)
  0x0000026918f19cb8: 44cc 7bff | ba45 ffff | ff48 8b4c | 2460 4889 | 4c24 3048 | 8b4c 2450 | 4889 4c24 | 3844 894c 
  0x0000026918f19cd8: 2450 4c89 | 4424 5844 | 895c 2454 | 4489 5424 | 6066 6690 

  0x0000026918f19cec: ;   {runtime_call UncommonTrapBlob}
  0x0000026918f19cec: c5f8 77e8 

  0x0000026918f19cf0: ; ImmutableOopMap {rbp=NarrowOop [48]=Oop [56]=Oop [64]=Oop [80]=NarrowOop [84]=NarrowOop [88]=Oop }
                      ;*ifnull {reexecute=1 rethrow=0 return_oop=0}
                      ; - (reexecute) java.util.concurrent.ConcurrentHashMap::get@67 (line 940)
                      ; - java.lang.ClassLoader::getNamedPackage@5 (line 340)
                      ; - java.lang.ClassLoader::postDefineClass@9 (line 924)
                      ; - java.lang.ClassLoader::defineClass@37 (line 1018)
  0x0000026918f19cf0: 0ccc 7bff | ba45 ffff | ff48 8b4c | 2460 4889 | 4c24 3048 | 8b4c 2450 | 4889 4c24 | 3844 894c 
  0x0000026918f19d10: 2450 4c89 | 4424 584c | 895c 2460 | 4489 5424 | 5466 6690 

  0x0000026918f19d24: ;   {runtime_call UncommonTrapBlob}
  0x0000026918f19d24: c5f8 77e8 

  0x0000026918f19d28: ; ImmutableOopMap {rbp=NarrowOop [48]=Oop [56]=Oop [64]=Oop [80]=NarrowOop [88]=Oop [96]=Oop }
                      ;*ifnull {reexecute=1 rethrow=0 return_oop=0}
                      ; - (reexecute) java.util.concurrent.ConcurrentHashMap::get@143 (line 946)
                      ; - java.lang.ClassLoader::getNamedPackage@5 (line 340)
                      ; - java.lang.ClassLoader::postDefineClass@9 (line 924)
                      ; - java.lang.ClassLoader::defineClass@37 (line 1018)
  0x0000026918f19d28: d4cb 7bff | eb33 488b | d0eb 3148 | 8bd0 eb2c | eb27 488b | d0eb 2548 | 8bd0 eb20 | 488b d0eb 
  0x0000026918f19d48: 1b48 8bd0 | eb16 488b | d0eb 1148 | 8bd0 eb0c | 488b d0eb | 07eb 02eb | 0048 8bd0 | c5f8 7748 
  0x0000026918f19d68: 81c4 b000 

  0x0000026918f19d6c: ;   {runtime_call _rethrow_Java}
  0x0000026918f19d6c: 0000 5de9 | 0c12 7dff 

  0x0000026918f19d74: ;   {internal_word}
  0x0000026918f19d74: 49ba e789 | f118 6902 | 0000 4d89 | 9760 0300 

  0x0000026918f19d84: ;   {runtime_call SafepointBlob}
  0x0000026918f19d84: 00e9 76dc | 7bff f4f4 | f4f4 f4f4 | f4f4 f4f4 | f4f4 f4f4 | f4f4 f4f4 | f4f4 f4f4 
[Stub Code]
  0x0000026918f19da0: ;   {no_reloc}
  0x0000026918f19da0: 48bb 38da | 4228 6902 

  0x0000026918f19da8: ;   {runtime_call I2C/C2I adapters}
  0x0000026918f19da8: 0000 e935 

  0x0000026918f19dac: ;   {static_stub}
  0x0000026918f19dac: 0579 ff48 | bb00 0000 | 0000 0000 

  0x0000026918f19db8: ;   {runtime_call}
  0x0000026918f19db8: 00e9 fbff 

  0x0000026918f19dbc: ;   {static_stub}
  0x0000026918f19dbc: ffff 48bb | 0000 0000 | 0000 0000 

  0x0000026918f19dc8: ;   {runtime_call}
  0x0000026918f19dc8: e9fb ffff 

  0x0000026918f19dcc: ;   {static_stub}
  0x0000026918f19dcc: ff48 bb00 | 0000 0000 

  0x0000026918f19dd4: ;   {runtime_call}
  0x0000026918f19dd4: 0000 00e9 | fbff ffff 

  0x0000026918f19ddc: ;   {static_stub}
  0x0000026918f19ddc: 48bb 0000 | 0000 0000 

  0x0000026918f19de4: ;   {runtime_call}
  0x0000026918f19de4: 0000 e9fb 

  0x0000026918f19de8: ;   {static_stub}
  0x0000026918f19de8: ffff ff48 | bb00 0000 | 0000 0000 

  0x0000026918f19df4: ;   {runtime_call}
  0x0000026918f19df4: 00e9 fbff 

  0x0000026918f19df8: ;   {static_stub}
  0x0000026918f19df8: ffff 48bb | 0000 0000 | 0000 0000 

  0x0000026918f19e04: ;   {runtime_call}
  0x0000026918f19e04: e9fb ffff 

  0x0000026918f19e08: ;   {static_stub}
  0x0000026918f19e08: ff48 bb00 | 0000 0000 

  0x0000026918f19e10: ;   {runtime_call}
  0x0000026918f19e10: 0000 00e9 | fbff ffff 

  0x0000026918f19e18: ;   {static_stub}
  0x0000026918f19e18: 48bb 0000 | 0000 0000 

  0x0000026918f19e20: ;   {runtime_call}
  0x0000026918f19e20: 0000 e9fb 

  0x0000026918f19e24: ;   {runtime_call ExceptionBlob}
  0x0000026918f19e24: ffff ffe9 | d4bf 7cff 
[Deopt Handler Code]
  0x0000026918f19e2c: e800 0000 | 0048 832c 

  0x0000026918f19e34: ;   {runtime_call DeoptimizationBlob}
  0x0000026918f19e34: 2405 e965 | ce7b fff4 | f4f4 f4f4 
[/MachCode]


Compiled method (c2) 951541 5389       4       java.security.SecureClassLoader::defineClass (16 bytes)
 total in heap  [0x0000026918ce2090,0x0000026918ce2780] = 1776
 relocation     [0x0000026918ce21f0,0x0000026918ce2240] = 80
 main code      [0x0000026918ce2240,0x0000026918ce24e0] = 672
 stub code      [0x0000026918ce24e0,0x0000026918ce2518] = 56
 metadata       [0x0000026918ce2518,0x0000026918ce2548] = 48
 scopes data    [0x0000026918ce2548,0x0000026918ce2650] = 264
 scopes pcs     [0x0000026918ce2650,0x0000026918ce2700] = 176
 dependencies   [0x0000026918ce2700,0x0000026918ce2708] = 8
 handler table  [0x0000026918ce2708,0x0000026918ce2768] = 96
 nul chk table  [0x0000026918ce2768,0x0000026918ce2780] = 24

[Constant Pool (empty)]

[MachCode]
[Entry Point]
  # {method} {0x0000026928435008} 'defineClass' '(Ljava/lang/String;[BIILjava/security/CodeSource;)Ljava/lang/Class;' in 'java/security/SecureClassLoader'
  # this:     rdx:rdx   = 'java/security/SecureClassLoader'
  # parm0:    r8:r8     = 'java/lang/String'
  # parm1:    r9:r9     = '[B'
  # parm2:    rdi       = int
  # parm3:    rsi       = int
  # parm4:    rcx:rcx   = 'java/security/CodeSource'
  #           [sp+0x60]  (sp of caller)
  0x0000026918ce2240: 448b 5208 | 49bb 0000 | 0028 6902 | 0000 4d03 | d349 3bc2 

  0x0000026918ce2254: ;   {runtime_call ic_miss_stub}
  0x0000026918ce2254: 0f85 26ee | 9eff 6690 | 0f1f 4000 
[Verified Entry Point]
  0x0000026918ce2260: 8984 2400 | 90ff ff55 | 4883 ec50 | 8974 2424 | 897c 2420 | 4c89 4c24 | 104c 8944 | 2408 4889 
  0x0000026918ce2280: 5424 1848 | 894c 2438 | 4885 c90f | 848f 0100 | 004d 8b87 | 0801 0000 | 4d8b d049 | 83c2 104d 
  0x0000026918ce22a0: 3b97 1801 | 0000 0f83 | 1201 0000 | 4d89 9708 | 0100 0041 | 0f0d 8ac0 | 0000 0049 | c700 0100 
  0x0000026918ce22c0: ;   {metadata('java/security/SecureClassLoader$CodeSourceKey')}
  0x0000026918ce22c0: 0000 41c7 | 4008 e083 | 1400 4c8b | 5424 384d | 8bda 4589 | 580c 4d8b | 8f08 0100 | 004c 8b54 
  0x0000026918ce22e0: 2418 418b | 6a50 4d8b | d149 83c2 | 184d 3b97 | 1801 0000 | 0f83 8d00 | 0000 4d89 | 9708 0100 
  0x0000026918ce2300: 0041 0f0d | 8ac0 0000 | 0049 c701 | 0100 0000 

  0x0000026918ce2310: ;   {metadata('java/security/SecureClassLoader$1')}
  0x0000026918ce2310: 41c7 4108 | f085 1400 | 4589 6114 | 4589 590c | 4c8b 5424 | 1845 8951 | 1044 8b55 

  0x0000026918ce232c: ;   {metadata('java/util/concurrent/ConcurrentHashMap')}
  0x0000026918ce232c: 0841 81fa | 38e4 0000 | 0f85 a200 | 0000 488b 

  0x0000026918ce233c: ;   {optimized virtual_call}
  0x0000026918ce233c: d566 90e8 

  0x0000026918ce2340: ; ImmutableOopMap {[8]=Oop [16]=Oop [24]=Oop }
                      ;*invokeinterface computeIfAbsent {reexecute=0 rethrow=0 return_oop=1}
                      ; - java.security.SecureClassLoader::getProtectionDomain@29 (line 222)
                      ; - java.security.SecureClassLoader::defineClass@9 (line 150)
  0x0000026918ce2340: 9cb4 4ef8 

  0x0000026918ce2344: ; implicit exception: dispatches to 0x0000026918ce2484
  0x0000026918ce2344: 448b 5808 

  0x0000026918ce2348: ;   {metadata('java/security/ProtectionDomain')}
  0x0000026918ce2348: 4181 fb80 | ec00 000f | 85f3 0000 | 0048 8bc8 | 488b 5424 | 184c 8b44 | 2408 4c8b | 4c24 108b 
  0x0000026918ce2368: 7c24 208b 

  0x0000026918ce236c: ;   {optimized virtual_call}
  0x0000026918ce236c: 7424 24e8 

  0x0000026918ce2370: ; ImmutableOopMap {}
                      ;*invokevirtual defineClass {reexecute=0 rethrow=0 return_oop=1}
                      ; - java.security.SecureClassLoader::defineClass@12 (line 150)
  0x0000026918ce2370: ec58 2300 | 4883 c450 

  0x0000026918ce2378: ;   {poll_return}
  0x0000026918ce2378: 5d49 3ba7 | 4803 0000 | 0f87 3801 | 0000 c344 | 895c 2430 | 4c89 4424 

  0x0000026918ce2390: ;   {metadata('java/security/SecureClassLoader$1')}
  0x0000026918ce2390: 2848 baf0 | 8514 2869 | 0200 0048 | ff74 2438 | 488f 0424 

  0x0000026918ce23a4: ;   {runtime_call _new_instance_Java}
  0x0000026918ce23a4: 6666 90e8 

  0x0000026918ce23a8: ; ImmutableOopMap {rbp=NarrowOop [0]=Oop [8]=Oop [16]=Oop [24]=Oop [40]=Oop [48]=NarrowOop }
                      ;*new {reexecute=0 rethrow=0 return_oop=1}
                      ; - java.security.SecureClassLoader::getProtectionDomain@20 (line 222)
                      ; - java.security.SecureClassLoader::defineClass@9 (line 150)
  0x0000026918ce23a8: 5437 a0ff | 4c8b 4424 | 2844 8b5c | 2430 4c8b | c8e9 5eff 

  0x0000026918ce23bc: ;   {metadata('java/security/SecureClassLoader$CodeSourceKey')}
  0x0000026918ce23bc: ffff 48ba | e083 1428 | 6902 0000 | 488b 6c24 

  0x0000026918ce23cc: ;   {runtime_call _new_instance_Java}
  0x0000026918ce23cc: 1866 90e8 

  0x0000026918ce23d0: ; ImmutableOopMap {rbp=Oop [8]=Oop [16]=Oop [24]=Oop [56]=Oop }
                      ;*new {reexecute=0 rethrow=0 return_oop=1}
                      ; - java.security.SecureClassLoader::getProtectionDomain@6 (line 221)
                      ; - java.security.SecureClassLoader::defineClass@9 (line 150)
  0x0000026918ce23d0: 2c37 a0ff | 4c8b c0e9 | eefe ffff | bade ffff | ff48 ff74 | 2418 488f | 0424 4889 | 4424 f88b 
  0x0000026918ce23f0: 4424 2089 | 4424 1848 | 8b44 24f8 | 4889 4424 | f88b 4424 | 2489 4424 | 1c48 8b44 | 24f8 4c89 
  0x0000026918ce2410: 4424 204c | 894c 2428 

  0x0000026918ce2418: ;   {runtime_call UncommonTrapBlob}
  0x0000026918ce2418: 6666 90e8 

  0x0000026918ce241c: ; ImmutableOopMap {rbp=NarrowOop [0]=Oop [8]=Oop [16]=Oop [32]=Oop [40]=Oop }
                      ;*invokeinterface computeIfAbsent {reexecute=0 rethrow=0 return_oop=0}
                      ; - java.security.SecureClassLoader::getProtectionDomain@29 (line 222)
                      ; - java.security.SecureClassLoader::defineClass@9 (line 150)
  0x0000026918ce241c: e044 9fff | ba45 ffff | ff48 8b6c | 2418 4c89 | 0424 4c89 | 4c24 0889 | 7c24 1089 | 7424 1448 
  0x0000026918ce243c: 894c 2428 

  0x0000026918ce2440: ;   {runtime_call UncommonTrapBlob}
  0x0000026918ce2440: 6666 90e8 

  0x0000026918ce2444: ; ImmutableOopMap {rbp=Oop [0]=Oop [8]=Oop [40]=Oop [56]=Oop }
                      ;*ifnonnull {reexecute=1 rethrow=0 return_oop=0}
                      ; - (reexecute) java.security.SecureClassLoader::getProtectionDomain@1 (line 213)
                      ; - java.security.SecureClassLoader::defineClass@9 (line 150)
  0x0000026918ce2444: b844 9fff | bade ffff | ff48 8b6c | 2418 4c8b | 5424 084c | 8914 244c | 8b54 2410 | 4c89 5424 
  0x0000026918ce2464: 0848 8944 

  0x0000026918ce2468: ;   {runtime_call UncommonTrapBlob}
  0x0000026918ce2468: 2418 90e8 

  0x0000026918ce246c: ; ImmutableOopMap {rbp=Oop [0]=Oop [8]=Oop [24]=Oop }
                      ;*checkcast {reexecute=0 rethrow=0 return_oop=0}
                      ; - java.security.SecureClassLoader::getProtectionDomain@34 (line 222)
                      ; - java.security.SecureClassLoader::defineClass@9 (line 150)
  0x0000026918ce246c: 9044 9fff | baf6 ffff | ff49 8be8 | 4c89 0c24 

  0x0000026918ce247c: ;   {runtime_call UncommonTrapBlob}
  0x0000026918ce247c: 6666 90e8 

  0x0000026918ce2480: ; ImmutableOopMap {rbp=Oop [0]=Oop }
                      ;*invokeinterface computeIfAbsent {reexecute=0 rethrow=0 return_oop=0}
                      ; - java.security.SecureClassLoader::getProtectionDomain@29 (line 222)
                      ; - java.security.SecureClassLoader::defineClass@9 (line 150)
  0x0000026918ce2480: 7c44 9fff | baf4 ffff | ff48 8b6c | 2418 4c8b | 5424 084c | 8914 244c | 8b54 2410 | 4c89 5424 
  0x0000026918ce24a0: ;   {runtime_call UncommonTrapBlob}
  0x0000026918ce24a0: 0866 90e8 

  0x0000026918ce24a4: ; ImmutableOopMap {rbp=Oop [0]=Oop [8]=Oop }
                      ;*checkcast {reexecute=0 rethrow=0 return_oop=0}
                      ; - java.security.SecureClassLoader::getProtectionDomain@34 (line 222)
                      ; - java.security.SecureClassLoader::defineClass@9 (line 150)
  0x0000026918ce24a4: 5844 9fff | eb02 eb00 | 488b d0eb | 0348 8bd0 | 4883 c450 

  0x0000026918ce24b8: ;   {runtime_call _rethrow_Java}
  0x0000026918ce24b8: 5de9 c28a 

  0x0000026918ce24bc: ;   {internal_word}
  0x0000026918ce24bc: a0ff 49ba | 7923 ce18 | 6902 0000 | 4d89 9760 

  0x0000026918ce24cc: ;   {runtime_call SafepointBlob}
  0x0000026918ce24cc: 0300 00e9 | 2c55 9fff | f4f4 f4f4 | f4f4 f4f4 | f4f4 f4f4 
[Stub Code]
  0x0000026918ce24e0: ;   {no_reloc}
  0x0000026918ce24e0: 48bb 50ca | 4228 6902 

  0x0000026918ce24e8: ;   {runtime_call I2C/C2I adapters}
  0x0000026918ce24e8: 0000 e9f2 

  0x0000026918ce24ec: ;   {static_stub}
  0x0000026918ce24ec: b49e ff48 | bb00 0000 | 0000 0000 

  0x0000026918ce24f8: ;   {runtime_call}
  0x0000026918ce24f8: 00e9 fbff 

  0x0000026918ce24fc: ;   {runtime_call ExceptionBlob}
  0x0000026918ce24fc: ffff e9fd | 38a0 ffe8 | 0000 0000 | 4883 2c24 

  0x0000026918ce250c: ;   {runtime_call DeoptimizationBlob}
  0x0000026918ce250c: 05e9 8e47 | 9fff f4f4 | f4f4 f4f4 
[/MachCode]


---------------  P R O C E S S  ---------------

Threads class SMR info:
_java_thread_list=0x0000026948fa64e0, length=66, elements={
0x00000269095ce6b0, 0x0000026927aa7850, 0x0000026927aa8e90, 0x0000026927abc4d0,
0x0000026927abcda0, 0x0000026927abf680, 0x0000026927abff50, 0x0000026927ac1b60,
0x0000026927acc540, 0x0000026947030020, 0x000002694705a1f0, 0x00000269471c8330,
0x0000026947db5e60, 0x000002694862d080, 0x00000269470b1cd0, 0x0000026947c77a20,
0x000002694715d230, 0x0000026947bf2ea0, 0x0000026947bf0b30, 0x0000026947bf0620,
0x0000026947bf1040, 0x0000026947bf38c0, 0x0000026947bf2480, 0x0000026947bf2990,
0x0000026947bf33b0, 0x0000026947bf1a60, 0x0000026947bf1f70, 0x00000269497ea200,
0x00000269497ed4a0, 0x00000269497ebb50, 0x00000269497eb640, 0x00000269497ea710,
0x00000269497e9cf0, 0x00000269497edec0, 0x00000269497eb130, 0x00000269497f0230,
0x00000269497efd20, 0x00000269497ee3d0, 0x00000269497eac20, 0x00000269497ee8e0,
0x00000269497f1670, 0x00000269497eedf0, 0x00000269497ef300, 0x00000269497ef810,
0x00000269497f0740, 0x00000269497f0c50, 0x00000269497f1160, 0x0000026947bf0110,
0x00000269499267b0, 0x00000269499271d0, 0x00000269499262a0, 0x0000026949926cc0,
0x00000269499276e0, 0x0000026949927bf0, 0x0000026949928610, 0x0000026949925880,
0x0000026949928100, 0x0000026949924e60, 0x0000026949925d90, 0x0000026949928b20,
0x0000026949925370, 0x0000026949929a50, 0x0000026949929030, 0x0000026949929540,
0x000002694992b3a0, 0x0000026949929f60
}

Java Threads: ( => current thread )
  0x00000269095ce6b0 JavaThread "main" [_thread_blocked, id=26316, stack(0x000000d9a7d00000,0x000000d9a7e00000)]
  0x0000026927aa7850 JavaThread "Reference Handler" daemon [_thread_blocked, id=28072, stack(0x000000d9a8400000,0x000000d9a8500000)]
  0x0000026927aa8e90 JavaThread "Finalizer" daemon [_thread_blocked, id=28076, stack(0x000000d9a8500000,0x000000d9a8600000)]
  0x0000026927abc4d0 JavaThread "Signal Dispatcher" daemon [_thread_blocked, id=28084, stack(0x000000d9a8600000,0x000000d9a8700000)]
  0x0000026927abcda0 JavaThread "Attach Listener" daemon [_thread_blocked, id=28088, stack(0x000000d9a8700000,0x000000d9a8800000)]
  0x0000026927abf680 JavaThread "Service Thread" daemon [_thread_blocked, id=28092, stack(0x000000d9a8800000,0x000000d9a8900000)]
  0x0000026927abff50 JavaThread "Monitor Deflation Thread" daemon [_thread_blocked, id=28096, stack(0x000000d9a8900000,0x000000d9a8a00000)]
  0x0000026927ac1b60 JavaThread "C2 CompilerThread0" daemon [_thread_blocked, id=28100, stack(0x000000d9a8a00000,0x000000d9a8b00000)]
  0x0000026927acc540 JavaThread "C1 CompilerThread0" daemon [_thread_blocked, id=28112, stack(0x000000d9a8b00000,0x000000d9a8c00000)]
  0x0000026947030020 JavaThread "Sweeper thread" daemon [_thread_blocked, id=28120, stack(0x000000d9a8c00000,0x000000d9a8d00000)]
  0x000002694705a1f0 JavaThread "Common-Cleaner" daemon [_thread_blocked, id=28196, stack(0x000000d9a8d00000,0x000000d9a8e00000)]
  0x00000269471c8330 JavaThread "Notification Thread" daemon [_thread_blocked, id=28332, stack(0x000000d9a8e00000,0x000000d9a8f00000)]
  0x0000026947db5e60 JavaThread "Daemon health stats" [_thread_blocked, id=9224, stack(0x000000d9a9400000,0x000000d9a9500000)]
  0x000002694862d080 JavaThread "Incoming local TCP Connector on port 59432" [_thread_in_native, id=20384, stack(0x000000d9a9500000,0x000000d9a9600000)]
  0x00000269470b1cd0 JavaThread "Daemon periodic checks" [_thread_blocked, id=28536, stack(0x000000d9a9600000,0x000000d9a9700000)]
  0x0000026947c77a20 JavaThread "Daemon" [_thread_blocked, id=26104, stack(0x000000d9a9700000,0x000000d9a9800000)]
  0x000002694715d230 JavaThread "Handler for socket connection from /127.0.0.1:59432 to /127.0.0.1:59445" [_thread_in_native, id=1436, stack(0x000000d9a9800000,0x000000d9a9900000)]
  0x0000026947bf2ea0 JavaThread "Cancel handler" [_thread_blocked, id=27500, stack(0x000000d9a9900000,0x000000d9a9a00000)]
=>0x0000026947bf0b30 JavaThread "Daemon worker" [_thread_in_vm, id=29024, stack(0x000000d9a9a00000,0x000000d9a9b00000)]
  0x0000026947bf0620 JavaThread "Asynchronous log dispatcher for DefaultDaemonConnection: socket connection from /127.0.0.1:59432 to /127.0.0.1:59445" [_thread_blocked, id=29032, stack(0x000000d9a9b00000,0x000000d9a9c00000)]
  0x0000026947bf1040 JavaThread "Stdin handler" [_thread_blocked, id=29036, stack(0x000000d9a9c00000,0x000000d9a9d00000)]
  0x0000026947bf38c0 JavaThread "Daemon client event forwarder" [_thread_blocked, id=29040, stack(0x000000d9a9d00000,0x000000d9a9e00000)]
  0x0000026947bf2480 JavaThread "Cache worker for journal cache (C:\Users\USER\.gradle\caches\journal-1)" [_thread_blocked, id=29424, stack(0x000000d9aa100000,0x000000d9aa200000)]
  0x0000026947bf2990 JavaThread "File lock request listener" [_thread_in_native, id=29456, stack(0x000000d9aa200000,0x000000d9aa300000)]
  0x0000026947bf33b0 JavaThread "Cache worker for file hash cache (C:\Users\USER\.gradle\caches\8.14.3\fileHashes)" [_thread_blocked, id=29524, stack(0x000000d9aa300000,0x000000d9aa400000)]
  0x0000026947bf1a60 JavaThread "Cache worker for file hash cache (C:\Users\USER\kalimed2\android\.gradle\8.14.3\fileHashes)" [_thread_blocked, id=17496, stack(0x000000d9aa700000,0x000000d9aa800000)]
  0x0000026947bf1f70 JavaThread "Cache worker for Build Output Cleanup Cache (C:\Users\USER\kalimed2\android\.gradle\buildOutputCleanup)" [_thread_blocked, id=18820, stack(0x000000d9aa800000,0x000000d9aa900000)]
  0x00000269497ea200 JavaThread "File watcher server" daemon [_thread_in_native, id=1820, stack(0x000000d9aaa00000,0x000000d9aab00000)]
  0x00000269497ed4a0 JavaThread "File watcher consumer" daemon [_thread_blocked, id=23208, stack(0x000000d9aab00000,0x000000d9aac00000)]
  0x00000269497ebb50 JavaThread "jar transforms" [_thread_blocked, id=664, stack(0x000000d9a7a00000,0x000000d9a7b00000)]
  0x00000269497eb640 JavaThread "jar transforms Thread 2" [_thread_blocked, id=28580, stack(0x000000d9a7b00000,0x000000d9a7c00000)]
  0x00000269497ea710 JavaThread "Cache worker for checksums cache (C:\Users\USER\kalimed2\android\.gradle\8.14.3\checksums)" [_thread_blocked, id=24424, stack(0x000000d9a7c00000,0x000000d9a7d00000)]
  0x00000269497e9cf0 JavaThread "Cache worker for file content cache (C:\Users\USER\.gradle\caches\8.14.3\fileContent)" [_thread_blocked, id=26900, stack(0x000000d9aac00000,0x000000d9aad00000)]
  0x00000269497edec0 JavaThread "jar transforms Thread 3" [_thread_blocked, id=30524, stack(0x000000d9aad00000,0x000000d9aae00000)]
  0x00000269497eb130 JavaThread "Cache worker for cache directory md-supplier (C:\Users\USER\.gradle\caches\8.14.3\md-supplier)" [_thread_blocked, id=24076, stack(0x000000d9aa500000,0x000000d9aa600000)]
  0x00000269497f0230 JavaThread "Cache worker for cache directory md-rule (C:\Users\USER\.gradle\caches\8.14.3\md-rule)" [_thread_blocked, id=27408, stack(0x000000d9ab100000,0x000000d9ab200000)]
  0x00000269497efd20 JavaThread "Cache worker for Build Output Cleanup Cache (C:\Users\USER\kalimed2\node_modules\@react-native\gradle-plugin\.gradle\buildOutputCleanup)" [_thread_blocked, id=31536, stack(0x000000d9ab200000,0x000000d9ab300000)]
  0x00000269497ee3d0 JavaThread "Unconstrained build operations" [_thread_blocked, id=31388, stack(0x000000d9aa600000,0x000000d9aa700000)]
  0x00000269497eac20 JavaThread "Unconstrained build operations Thread 2" [_thread_blocked, id=23016, stack(0x000000d9aae00000,0x000000d9aaf00000)]
  0x00000269497ee8e0 JavaThread "Unconstrained build operations Thread 3" [_thread_blocked, id=13840, stack(0x000000d9aaf00000,0x000000d9ab000000)]
  0x00000269497f1670 JavaThread "Unconstrained build operations Thread 4" [_thread_blocked, id=18856, stack(0x000000d9ab000000,0x000000d9ab100000)]
  0x00000269497eedf0 JavaThread "Unconstrained build operations Thread 5" [_thread_blocked, id=30580, stack(0x000000d9ab400000,0x000000d9ab500000)]
  0x00000269497ef300 JavaThread "Unconstrained build operations Thread 6" [_thread_blocked, id=29268, stack(0x000000d9ab500000,0x000000d9ab600000)]
  0x00000269497ef810 JavaThread "Cache worker for Build Output Cleanup Cache (C:\Users\USER\kalimed2\node_modules\expo-modules-autolinking\android\expo-gradle-plugin\.gradle\buildOutputCleanup)" [_thread_blocked, id=32716, stack(0x000000d9ab300000,0x000000d9ab400000)]
  0x00000269497f0740 JavaThread "File lock release action executor Thread 3" [_thread_blocked, id=30192, stack(0x000000d9aa400000,0x000000d9aa500000)]
  0x00000269497f0c50 JavaThread "Unconstrained build operations Thread 7" [_thread_blocked, id=26240, stack(0x000000d9ab600000,0x000000d9ab700000)]
  0x00000269497f1160 JavaThread "Unconstrained build operations Thread 8" [_thread_blocked, id=9516, stack(0x000000d9ab700000,0x000000d9ab800000)]
  0x0000026947bf0110 JavaThread "Unconstrained build operations Thread 9" [_thread_blocked, id=19556, stack(0x000000d9ab800000,0x000000d9ab900000)]
  0x00000269499267b0 JavaThread "Unconstrained build operations Thread 10" [_thread_blocked, id=9644, stack(0x000000d9ab900000,0x000000d9aba00000)]
  0x00000269499271d0 JavaThread "Unconstrained build operations Thread 11" [_thread_blocked, id=29824, stack(0x000000d9aba00000,0x000000d9abb00000)]
  0x00000269499262a0 JavaThread "Unconstrained build operations Thread 12" [_thread_blocked, id=30020, stack(0x000000d9abb00000,0x000000d9abc00000)]
  0x0000026949926cc0 JavaThread "Unconstrained build operations Thread 13" [_thread_blocked, id=26280, stack(0x000000d9abc00000,0x000000d9abd00000)]
  0x00000269499276e0 JavaThread "Unconstrained build operations Thread 14" [_thread_blocked, id=6952, stack(0x000000d9abd00000,0x000000d9abe00000)]
  0x0000026949927bf0 JavaThread "Unconstrained build operations Thread 15" [_thread_blocked, id=7088, stack(0x000000d9abe00000,0x000000d9abf00000)]
  0x0000026949928610 JavaThread "Unconstrained build operations Thread 16" [_thread_blocked, id=7804, stack(0x000000d9abf00000,0x000000d9ac000000)]
  0x0000026949925880 JavaThread "Unconstrained build operations Thread 17" [_thread_blocked, id=7792, stack(0x000000d9ac000000,0x000000d9ac100000)]
  0x0000026949928100 JavaThread "Unconstrained build operations Thread 18" [_thread_blocked, id=7924, stack(0x000000d9ac100000,0x000000d9ac200000)]
  0x0000026949924e60 JavaThread "Unconstrained build operations Thread 19" [_thread_blocked, id=7840, stack(0x000000d9ac200000,0x000000d9ac300000)]
  0x0000026949925d90 JavaThread "Unconstrained build operations Thread 20" [_thread_blocked, id=7980, stack(0x000000d9ac300000,0x000000d9ac400000)]
  0x0000026949928b20 JavaThread "Unconstrained build operations Thread 21" [_thread_blocked, id=9140, stack(0x000000d9ac400000,0x000000d9ac500000)]
  0x0000026949925370 JavaThread "Unconstrained build operations Thread 22" [_thread_blocked, id=9152, stack(0x000000d9ac500000,0x000000d9ac600000)]
  0x0000026949929a50 JavaThread "Unconstrained build operations Thread 23" [_thread_blocked, id=9156, stack(0x000000d9ac600000,0x000000d9ac700000)]
  0x0000026949929030 JavaThread "Unconstrained build operations Thread 24" [_thread_blocked, id=9160, stack(0x000000d9ac700000,0x000000d9ac800000)]
  0x0000026949929540 JavaThread "Unconstrained build operations Thread 25" [_thread_blocked, id=9164, stack(0x000000d9ac800000,0x000000d9ac900000)]
  0x000002694992b3a0 JavaThread "Unconstrained build operations Thread 26" [_thread_blocked, id=8128, stack(0x000000d9ac900000,0x000000d9aca00000)]
  0x0000026949929f60 JavaThread "Unconstrained build operations Thread 27" [_thread_blocked, id=8272, stack(0x000000d9aca00000,0x000000d9acb00000)]

Other Threads:
  0x0000026927aa1550 VMThread "VM Thread" [stack: 0x000000d9a8300000,0x000000d9a8400000] [id=28068] _threads_hazard_ptr=0x0000026948fa64e0
  0x00000269095cf440 WatcherThread [stack: 0x000000d9a8f00000,0x000000d9a9000000] [id=28336]
  0x000002690962d4f0 GCTaskThread "GC Thread#0" [stack: 0x000000d9a7e00000,0x000000d9a7f00000] [id=27784]
  0x00000269472915a0 GCTaskThread "GC Thread#1" [stack: 0x000000d9a9000000,0x000000d9a9100000] [id=28576]
  0x00000269472e4fc0 GCTaskThread "GC Thread#2" [stack: 0x000000d9a9100000,0x000000d9a9200000] [id=28588]
  0x0000026947254d00 GCTaskThread "GC Thread#3" [stack: 0x000000d9a9200000,0x000000d9a9300000] [id=28592]
  0x0000026947d45d40 GCTaskThread "GC Thread#4" [stack: 0x000000d9a9300000,0x000000d9a9400000] [id=28556]
  0x0000026947c57700 GCTaskThread "GC Thread#5" [stack: 0x000000d9a9e00000,0x000000d9a9f00000] [id=29056]
  0x000002694858ad40 GCTaskThread "GC Thread#6" [stack: 0x000000d9a9f00000,0x000000d9aa000000] [id=29060]
  0x000002694858b000 GCTaskThread "GC Thread#7" [stack: 0x000000d9aa000000,0x000000d9aa100000] [id=29064]
  0x000002690963e350 ConcurrentGCThread "G1 Main Marker" [stack: 0x000000d9a7f00000,0x000000d9a8000000] [id=27788]
  0x000002690963ec80 ConcurrentGCThread "G1 Conc#0" [stack: 0x000000d9a8000000,0x000000d9a8100000] [id=27792]
  0x00000269494a3c90 ConcurrentGCThread "G1 Conc#1" [stack: 0x000000d9aa900000,0x000000d9aaa00000] [id=26976]
  0x000002690967e770 ConcurrentGCThread "G1 Refine#0" [stack: 0x000000d9a8100000,0x000000d9a8200000] [id=27796]
  0x0000026927957260 ConcurrentGCThread "G1 Service" [stack: 0x000000d9a8200000,0x000000d9a8300000] [id=27800]

Threads with active compile tasks:

VM state: synchronizing (normal execution)

VM Mutex/Monitor currently owned by a thread:  ([mutex/lock_event])
[0x00000269095c8840] Metaspace_lock - owner thread: 0x0000026947bf0b30
[0x00000269095c90b0] Threads_lock - owner thread: 0x0000026927aa1550

Heap address: 0x0000000080000000, size: 2048 MB, Compressed Oops mode: 32-bit

CDS archive(s) mapped at: [0x0000026928000000-0x0000026928bb0000-0x0000026928bb0000), size 12255232, SharedBaseAddress: 0x0000026928000000, ArchiveRelocationMode: 1.
Compressed class space mapped at: 0x0000026929000000-0x0000026943000000, reserved size: 436207616
Narrow klass base: 0x0000026928000000, Narrow klass shift: 0, Narrow klass range: 0x100000000

GC Precious Log:
 CPUs: 8 total, 8 available
 Memory: 7835M
 Large Page Support: Disabled
 NUMA Support: Disabled
 Compressed Oops: Enabled (32-bit)
 Heap Region Size: 1M
 Heap Min Capacity: 8M
 Heap Initial Capacity: 124M
 Heap Max Capacity: 2G
 Pre-touch: Disabled
 Parallel Workers: 8
 Concurrent Workers: 2
 Concurrent Refinement Workers: 8
 Periodic GC: Disabled

Heap:
 garbage-first heap   total 129024K, used 60515K [0x0000000080000000, 0x0000000100000000)
  region size 1024K, 10 young (10240K), 1 survivors (1024K)
 Metaspace       used 56522K, committed 57152K, reserved 491520K
  class space    used 7868K, committed 8192K, reserved 425984K

Heap Regions: E=young(eden), S=young(survivor), O=old, HS=humongous(starts), HC=humongous(continues), CS=collection set, F=free, OA=open archive, CA=closed archive, TAMS=top-at-mark-start (previous, next)
|   0|0x0000000080000000, 0x0000000080100000, 0x0000000080100000|100%|HS|  |TAMS 0x0000000080100000, 0x0000000080000000| Complete 
|   1|0x0000000080100000, 0x0000000080200000, 0x0000000080200000|100%|HC|  |TAMS 0x0000000080200000, 0x0000000080100000| Complete 
|   2|0x0000000080200000, 0x0000000080300000, 0x0000000080300000|100%|HC|  |TAMS 0x0000000080300000, 0x0000000080200000| Complete 
|   3|0x0000000080300000, 0x0000000080400000, 0x0000000080400000|100%| O|  |TAMS 0x0000000080400000, 0x0000000080300000| Untracked 
|   4|0x0000000080400000, 0x0000000080500000, 0x0000000080500000|100%| O|  |TAMS 0x0000000080500000, 0x0000000080400000| Untracked 
|   5|0x0000000080500000, 0x0000000080600000, 0x0000000080600000|100%| O|  |TAMS 0x0000000080600000, 0x0000000080500000| Untracked 
|   6|0x0000000080600000, 0x0000000080700000, 0x0000000080700000|100%|HS|  |TAMS 0x0000000080700000, 0x0000000080600000| Complete 
|   7|0x0000000080700000, 0x0000000080800000, 0x0000000080800000|100%| O|  |TAMS 0x0000000080800000, 0x0000000080700000| Untracked 
|   8|0x0000000080800000, 0x0000000080900000, 0x0000000080900000|100%| O|  |TAMS 0x0000000080900000, 0x0000000080800000| Untracked 
|   9|0x0000000080900000, 0x0000000080a00000, 0x0000000080a00000|100%| O|  |TAMS 0x0000000080a00000, 0x0000000080900000| Untracked 
|  10|0x0000000080a00000, 0x0000000080b00000, 0x0000000080b00000|100%| O|  |TAMS 0x0000000080b00000, 0x0000000080a00000| Untracked 
|  11|0x0000000080b00000, 0x0000000080c00000, 0x0000000080c00000|100%| O|  |TAMS 0x0000000080c00000, 0x0000000080b00000| Untracked 
|  12|0x0000000080c00000, 0x0000000080d00000, 0x0000000080d00000|100%| O|  |TAMS 0x0000000080d00000, 0x0000000080c00000| Untracked 
|  13|0x0000000080d00000, 0x0000000080e00000, 0x0000000080e00000|100%| O|  |TAMS 0x0000000080e00000, 0x0000000080d00000| Untracked 
|  14|0x0000000080e00000, 0x0000000080f00000, 0x0000000080f00000|100%| O|  |TAMS 0x0000000080f00000, 0x0000000080e00000| Untracked 
|  15|0x0000000080f00000, 0x0000000081000000, 0x0000000081000000|100%| O|  |TAMS 0x0000000081000000, 0x0000000080f00000| Untracked 
|  16|0x0000000081000000, 0x0000000081100000, 0x0000000081100000|100%| O|  |TAMS 0x0000000081100000, 0x0000000081000000| Untracked 
|  17|0x0000000081100000, 0x0000000081200000, 0x0000000081200000|100%| O|  |TAMS 0x0000000081200000, 0x0000000081100000| Untracked 
|  18|0x0000000081200000, 0x0000000081300000, 0x0000000081300000|100%| O|  |TAMS 0x0000000081300000, 0x0000000081200000| Untracked 
|  19|0x0000000081300000, 0x000000008135b200, 0x0000000081400000| 35%| O|  |TAMS 0x000000008135b200, 0x0000000081300000| Untracked 
|  20|0x0000000081400000, 0x0000000081500000, 0x0000000081500000|100%| O|  |TAMS 0x0000000081500000, 0x0000000081400000| Untracked 
|  21|0x0000000081500000, 0x0000000081600000, 0x0000000081600000|100%| O|  |TAMS 0x0000000081600000, 0x0000000081500000| Untracked 
|  22|0x0000000081600000, 0x0000000081700000, 0x0000000081700000|100%| O|  |TAMS 0x0000000081700000, 0x0000000081600000| Untracked 
|  23|0x0000000081700000, 0x0000000081800000, 0x0000000081800000|100%| O|  |TAMS 0x0000000081800000, 0x0000000081700000| Untracked 
|  24|0x0000000081800000, 0x0000000081900000, 0x0000000081900000|100%| O|  |TAMS 0x000000008188ae00, 0x0000000081800000| Untracked 
|  25|0x0000000081900000, 0x0000000081a00000, 0x0000000081a00000|100%| O|  |TAMS 0x0000000081900000, 0x0000000081900000| Untracked 
|  26|0x0000000081a00000, 0x0000000081b00000, 0x0000000081b00000|100%| O|  |TAMS 0x0000000081a00000, 0x0000000081a00000| Untracked 
|  27|0x0000000081b00000, 0x0000000081c00000, 0x0000000081c00000|100%| O|  |TAMS 0x0000000081b00000, 0x0000000081b00000| Untracked 
|  28|0x0000000081c00000, 0x0000000081d00000, 0x0000000081d00000|100%| O|  |TAMS 0x0000000081c00000, 0x0000000081c00000| Untracked 
|  29|0x0000000081d00000, 0x0000000081e00000, 0x0000000081e00000|100%| O|  |TAMS 0x0000000081d00000, 0x0000000081d00000| Untracked 
|  30|0x0000000081e00000, 0x0000000081f00000, 0x0000000081f00000|100%| O|  |TAMS 0x0000000081e00000, 0x0000000081e00000| Untracked 
|  31|0x0000000081f00000, 0x0000000082000000, 0x0000000082000000|100%| O|  |TAMS 0x0000000081f00000, 0x0000000081f00000| Untracked 
|  32|0x0000000082000000, 0x0000000082100000, 0x0000000082100000|100%| O|  |TAMS 0x0000000082000000, 0x0000000082000000| Untracked 
|  33|0x0000000082100000, 0x0000000082200000, 0x0000000082200000|100%| O|  |TAMS 0x0000000082100000, 0x0000000082100000| Untracked 
|  34|0x0000000082200000, 0x0000000082300000, 0x0000000082300000|100%| O|  |TAMS 0x0000000082200000, 0x0000000082200000| Untracked 
|  35|0x0000000082300000, 0x0000000082400000, 0x0000000082400000|100%| O|  |TAMS 0x0000000082300000, 0x0000000082300000| Untracked 
|  36|0x0000000082400000, 0x0000000082500000, 0x0000000082500000|100%| O|  |TAMS 0x0000000082400000, 0x0000000082400000| Untracked 
|  37|0x0000000082500000, 0x0000000082600000, 0x0000000082600000|100%| O|  |TAMS 0x0000000082500000, 0x0000000082500000| Untracked 
|  38|0x0000000082600000, 0x0000000082700000, 0x0000000082700000|100%| O|  |TAMS 0x0000000082600000, 0x0000000082600000| Untracked 
|  39|0x0000000082700000, 0x0000000082800000, 0x0000000082800000|100%| O|  |TAMS 0x0000000082700000, 0x0000000082700000| Untracked 
|  40|0x0000000082800000, 0x0000000082900000, 0x0000000082900000|100%| O|  |TAMS 0x0000000082800000, 0x0000000082800000| Untracked 
|  41|0x0000000082900000, 0x0000000082a00000, 0x0000000082a00000|100%|HS|  |TAMS 0x0000000082900000, 0x0000000082900000| Complete 
|  42|0x0000000082a00000, 0x0000000082b00000, 0x0000000082b00000|100%|HC|  |TAMS 0x0000000082a00000, 0x0000000082a00000| Complete 
|  43|0x0000000082b00000, 0x0000000082c00000, 0x0000000082c00000|100%|HC|  |TAMS 0x0000000082b00000, 0x0000000082b00000| Complete 
|  44|0x0000000082c00000, 0x0000000082d00000, 0x0000000082d00000|100%|HS|  |TAMS 0x0000000082c00000, 0x0000000082c00000| Complete 
|  45|0x0000000082d00000, 0x0000000082e00000, 0x0000000082e00000|100%|HC|  |TAMS 0x0000000082d00000, 0x0000000082d00000| Complete 
|  46|0x0000000082e00000, 0x0000000082f00000, 0x0000000082f00000|100%|HC|  |TAMS 0x0000000082e00000, 0x0000000082e00000| Complete 
|  47|0x0000000082f00000, 0x0000000083000000, 0x0000000083000000|100%| O|  |TAMS 0x0000000082f00000, 0x0000000082f00000| Untracked 
|  48|0x0000000083000000, 0x0000000083100000, 0x0000000083100000|100%| O|  |TAMS 0x0000000083000000, 0x0000000083000000| Untracked 
|  49|0x0000000083100000, 0x0000000083200000, 0x0000000083200000|100%| O|  |TAMS 0x0000000083100000, 0x0000000083100000| Untracked 
|  50|0x0000000083200000, 0x0000000083300000, 0x0000000083300000|100%| O|  |TAMS 0x0000000083200000, 0x0000000083200000| Untracked 
|  51|0x0000000083300000, 0x000000008336b600, 0x0000000083400000| 41%| O|  |TAMS 0x0000000083300000, 0x0000000083300000| Untracked 
|  52|0x0000000083400000, 0x0000000083400000, 0x0000000083500000|  0%| F|  |TAMS 0x0000000083400000, 0x0000000083400000| Untracked 
|  53|0x0000000083500000, 0x0000000083500000, 0x0000000083600000|  0%| F|  |TAMS 0x0000000083500000, 0x0000000083500000| Untracked 
|  54|0x0000000083600000, 0x0000000083600000, 0x0000000083700000|  0%| F|  |TAMS 0x0000000083600000, 0x0000000083600000| Untracked 
|  55|0x0000000083700000, 0x0000000083700000, 0x0000000083800000|  0%| F|  |TAMS 0x0000000083700000, 0x0000000083700000| Untracked 
|  56|0x0000000083800000, 0x0000000083800000, 0x0000000083900000|  0%| F|  |TAMS 0x0000000083800000, 0x0000000083800000| Untracked 
|  57|0x0000000083900000, 0x0000000083900000, 0x0000000083a00000|  0%| F|  |TAMS 0x0000000083900000, 0x0000000083900000| Untracked 
|  58|0x0000000083a00000, 0x0000000083a00000, 0x0000000083b00000|  0%| F|  |TAMS 0x0000000083a00000, 0x0000000083a00000| Untracked 
|  59|0x0000000083b00000, 0x0000000083b00000, 0x0000000083c00000|  0%| F|  |TAMS 0x0000000083b00000, 0x0000000083b00000| Untracked 
|  60|0x0000000083c00000, 0x0000000083c00000, 0x0000000083d00000|  0%| F|  |TAMS 0x0000000083c00000, 0x0000000083c00000| Untracked 
|  61|0x0000000083d00000, 0x0000000083d00000, 0x0000000083e00000|  0%| F|  |TAMS 0x0000000083d00000, 0x0000000083d00000| Untracked 
|  62|0x0000000083e00000, 0x0000000083e00000, 0x0000000083f00000|  0%| F|  |TAMS 0x0000000083e00000, 0x0000000083e00000| Untracked 
|  63|0x0000000083f00000, 0x0000000083f00000, 0x0000000084000000|  0%| F|  |TAMS 0x0000000083f00000, 0x0000000083f00000| Untracked 
|  64|0x0000000084000000, 0x0000000084000000, 0x0000000084100000|  0%| F|  |TAMS 0x0000000084000000, 0x0000000084000000| Untracked 
|  65|0x0000000084100000, 0x0000000084100000, 0x0000000084200000|  0%| F|  |TAMS 0x0000000084100000, 0x0000000084100000| Untracked 
|  66|0x0000000084200000, 0x0000000084200000, 0x0000000084300000|  0%| F|  |TAMS 0x0000000084200000, 0x0000000084200000| Untracked 
|  67|0x0000000084300000, 0x0000000084300000, 0x0000000084400000|  0%| F|  |TAMS 0x0000000084300000, 0x0000000084300000| Untracked 
|  68|0x0000000084400000, 0x0000000084400000, 0x0000000084500000|  0%| F|  |TAMS 0x0000000084400000, 0x0000000084400000| Untracked 
|  69|0x0000000084500000, 0x0000000084500000, 0x0000000084600000|  0%| F|  |TAMS 0x0000000084500000, 0x0000000084500000| Untracked 
|  70|0x0000000084600000, 0x0000000084600000, 0x0000000084700000|  0%| F|  |TAMS 0x0000000084600000, 0x0000000084600000| Untracked 
|  71|0x0000000084700000, 0x0000000084700000, 0x0000000084800000|  0%| F|  |TAMS 0x0000000084700000, 0x0000000084700000| Untracked 
|  72|0x0000000084800000, 0x0000000084800000, 0x0000000084900000|  0%| F|  |TAMS 0x0000000084800000, 0x0000000084800000| Untracked 
|  73|0x0000000084900000, 0x0000000084900000, 0x0000000084a00000|  0%| F|  |TAMS 0x0000000084900000, 0x0000000084900000| Untracked 
|  74|0x0000000084a00000, 0x0000000084a00000, 0x0000000084b00000|  0%| F|  |TAMS 0x0000000084a00000, 0x0000000084a00000| Untracked 
|  75|0x0000000084b00000, 0x0000000084b00000, 0x0000000084c00000|  0%| F|  |TAMS 0x0000000084b00000, 0x0000000084b00000| Untracked 
|  76|0x0000000084c00000, 0x0000000084c00000, 0x0000000084d00000|  0%| F|  |TAMS 0x0000000084c00000, 0x0000000084c00000| Untracked 
|  77|0x0000000084d00000, 0x0000000084d00000, 0x0000000084e00000|  0%| F|  |TAMS 0x0000000084d00000, 0x0000000084d00000| Untracked 
|  78|0x0000000084e00000, 0x0000000084e00000, 0x0000000084f00000|  0%| F|  |TAMS 0x0000000084e00000, 0x0000000084e00000| Untracked 
|  79|0x0000000084f00000, 0x0000000084f00000, 0x0000000085000000|  0%| F|  |TAMS 0x0000000084f00000, 0x0000000084f00000| Untracked 
|  80|0x0000000085000000, 0x0000000085000000, 0x0000000085100000|  0%| F|  |TAMS 0x0000000085000000, 0x0000000085000000| Untracked 
|  81|0x0000000085100000, 0x0000000085100000, 0x0000000085200000|  0%| F|  |TAMS 0x0000000085100000, 0x0000000085100000| Untracked 
|  82|0x0000000085200000, 0x0000000085200000, 0x0000000085300000|  0%| F|  |TAMS 0x0000000085200000, 0x0000000085200000| Untracked 
|  83|0x0000000085300000, 0x0000000085300000, 0x0000000085400000|  0%| F|  |TAMS 0x0000000085300000, 0x0000000085300000| Untracked 
|  84|0x0000000085400000, 0x0000000085400000, 0x0000000085500000|  0%| F|  |TAMS 0x0000000085400000, 0x0000000085400000| Untracked 
|  85|0x0000000085500000, 0x0000000085500000, 0x0000000085600000|  0%| F|  |TAMS 0x0000000085500000, 0x0000000085500000| Untracked 
|  86|0x0000000085600000, 0x0000000085600000, 0x0000000085700000|  0%| F|  |TAMS 0x0000000085600000, 0x0000000085600000| Untracked 
|  87|0x0000000085700000, 0x0000000085700000, 0x0000000085800000|  0%| F|  |TAMS 0x0000000085700000, 0x0000000085700000| Untracked 
|  88|0x0000000085800000, 0x0000000085800000, 0x0000000085900000|  0%| F|  |TAMS 0x0000000085800000, 0x0000000085800000| Untracked 
|  89|0x0000000085900000, 0x0000000085900000, 0x0000000085a00000|  0%| F|  |TAMS 0x0000000085900000, 0x0000000085900000| Untracked 
|  90|0x0000000085a00000, 0x0000000085a00000, 0x0000000085b00000|  0%| F|  |TAMS 0x0000000085a00000, 0x0000000085a00000| Untracked 
|  91|0x0000000085b00000, 0x0000000085b00000, 0x0000000085c00000|  0%| F|  |TAMS 0x0000000085b00000, 0x0000000085b00000| Untracked 
|  92|0x0000000085c00000, 0x0000000085c00000, 0x0000000085d00000|  0%| F|  |TAMS 0x0000000085c00000, 0x0000000085c00000| Untracked 
|  93|0x0000000085d00000, 0x0000000085d00000, 0x0000000085e00000|  0%| F|  |TAMS 0x0000000085d00000, 0x0000000085d00000| Untracked 
|  94|0x0000000085e00000, 0x0000000085e00000, 0x0000000085f00000|  0%| F|  |TAMS 0x0000000085e00000, 0x0000000085e00000| Untracked 
|  95|0x0000000085f00000, 0x0000000085f00000, 0x0000000086000000|  0%| F|  |TAMS 0x0000000085f00000, 0x0000000085f00000| Untracked 
|  96|0x0000000086000000, 0x0000000086000000, 0x0000000086100000|  0%| F|  |TAMS 0x0000000086000000, 0x0000000086000000| Untracked 
|  97|0x0000000086100000, 0x0000000086100000, 0x0000000086200000|  0%| F|  |TAMS 0x0000000086100000, 0x0000000086100000| Untracked 
|  98|0x0000000086200000, 0x0000000086200000, 0x0000000086300000|  0%| F|  |TAMS 0x0000000086200000, 0x0000000086200000| Untracked 
|  99|0x0000000086300000, 0x0000000086300000, 0x0000000086400000|  0%| F|  |TAMS 0x0000000086300000, 0x0000000086300000| Untracked 
| 100|0x0000000086400000, 0x0000000086400000, 0x0000000086500000|  0%| F|  |TAMS 0x0000000086400000, 0x0000000086400000| Untracked 
| 101|0x0000000086500000, 0x0000000086500000, 0x0000000086600000|  0%| F|  |TAMS 0x0000000086500000, 0x0000000086500000| Untracked 
| 102|0x0000000086600000, 0x0000000086600000, 0x0000000086700000|  0%| F|  |TAMS 0x0000000086600000, 0x0000000086600000| Untracked 
| 103|0x0000000086700000, 0x0000000086700000, 0x0000000086800000|  0%| F|  |TAMS 0x0000000086700000, 0x0000000086700000| Untracked 
| 104|0x0000000086800000, 0x0000000086800000, 0x0000000086900000|  0%| F|  |TAMS 0x0000000086800000, 0x0000000086800000| Untracked 
| 105|0x0000000086900000, 0x0000000086900000, 0x0000000086a00000|  0%| F|  |TAMS 0x0000000086900000, 0x0000000086900000| Untracked 
| 106|0x0000000086a00000, 0x0000000086a00000, 0x0000000086b00000|  0%| F|  |TAMS 0x0000000086a00000, 0x0000000086a00000| Untracked 
| 107|0x0000000086b00000, 0x0000000086b00000, 0x0000000086c00000|  0%| F|  |TAMS 0x0000000086b00000, 0x0000000086b00000| Untracked 
| 108|0x0000000086c00000, 0x0000000086c00000, 0x0000000086d00000|  0%| F|  |TAMS 0x0000000086c00000, 0x0000000086c00000| Untracked 
| 109|0x0000000086d00000, 0x0000000086d00000, 0x0000000086e00000|  0%| F|  |TAMS 0x0000000086d00000, 0x0000000086d00000| Untracked 
| 110|0x0000000086e00000, 0x0000000086e00000, 0x0000000086f00000|  0%| F|  |TAMS 0x0000000086e00000, 0x0000000086e00000| Untracked 
| 111|0x0000000086f00000, 0x0000000086f00000, 0x0000000087000000|  0%| F|  |TAMS 0x0000000086f00000, 0x0000000086f00000| Untracked 
| 112|0x0000000087000000, 0x0000000087000000, 0x0000000087100000|  0%| F|  |TAMS 0x0000000087000000, 0x0000000087000000| Untracked 
| 113|0x0000000087100000, 0x0000000087100000, 0x0000000087200000|  0%| F|  |TAMS 0x0000000087100000, 0x0000000087100000| Untracked 
| 114|0x0000000087200000, 0x0000000087200000, 0x0000000087300000|  0%| F|  |TAMS 0x0000000087200000, 0x0000000087200000| Untracked 
| 115|0x0000000087300000, 0x0000000087300000, 0x0000000087400000|  0%| F|  |TAMS 0x0000000087300000, 0x0000000087300000| Untracked 
| 116|0x0000000087400000, 0x0000000087405ad8, 0x0000000087500000|  2%| E|  |TAMS 0x0000000087400000, 0x0000000087400000| Complete 
| 117|0x0000000087500000, 0x0000000087600000, 0x0000000087600000|100%| E|CS|TAMS 0x0000000087500000, 0x0000000087500000| Complete 
| 118|0x0000000087600000, 0x0000000087700000, 0x0000000087700000|100%| E|CS|TAMS 0x0000000087600000, 0x0000000087600000| Complete 
| 119|0x0000000087700000, 0x0000000087800000, 0x0000000087800000|100%| E|CS|TAMS 0x0000000087700000, 0x0000000087700000| Complete 
| 120|0x0000000087800000, 0x0000000087900000, 0x0000000087900000|100%| E|CS|TAMS 0x0000000087800000, 0x0000000087800000| Complete 
| 121|0x0000000087900000, 0x0000000087a00000, 0x0000000087a00000|100%| E|CS|TAMS 0x0000000087900000, 0x0000000087900000| Complete 
| 122|0x0000000087a00000, 0x0000000087a52680, 0x0000000087b00000| 32%| S|CS|TAMS 0x0000000087a00000, 0x0000000087a00000| Complete 
| 123|0x0000000087b00000, 0x0000000087c00000, 0x0000000087c00000|100%| E|CS|TAMS 0x0000000087b00000, 0x0000000087b00000| Complete 
| 124|0x0000000087c00000, 0x0000000087d00000, 0x0000000087d00000|100%| E|CS|TAMS 0x0000000087c00000, 0x0000000087c00000| Complete 
| 125|0x0000000087d00000, 0x0000000087e00000, 0x0000000087e00000|100%| E|CS|TAMS 0x0000000087d00000, 0x0000000087d00000| Complete 

Card table byte_map: [0x0000026920880000,0x0000026920c80000] _byte_map_base: 0x0000026920480000

Marking Bits (Prev, Next): (CMBitMap*) 0x000002690962da20, (CMBitMap*) 0x000002690962da60
 Prev Bits: [0x0000026921080000, 0x0000026923080000)
 Next Bits: [0x0000026923080000, 0x0000026925080000)

Polling page: 0x00000269077c0000

Metaspace:

Usage:
  Non-class:     47.51 MB used.
      Class:      7.68 MB used.
       Both:     55.20 MB used.

Virtual space:
  Non-class space:       64.00 MB reserved,      47.81 MB ( 75%) committed,  1 nodes.
      Class space:      416.00 MB reserved,       8.00 MB (  2%) committed,  1 nodes.
             Both:      480.00 MB reserved,      55.81 MB ( 12%) committed. 

Chunk freelists:
   Non-Class:  15.30 MB
       Class:  8.01 MB
        Both:  23.30 MB

MaxMetaspaceSize: 512.00 MB
CompressedClassSpaceSize: 416.00 MB
Initial GC threshold: 21.00 MB
Current GC threshold: 59.06 MB
CDS: on
MetaspaceReclaimPolicy: balanced
 - commit_granule_bytes: 65536.
 - commit_granule_words: 8192.
 - virtual_space_node_default_size: 8388608.
 - enlarge_chunks_in_place: 1.
 - new_chunks_are_fully_committed: 0.
 - uncommit_free_chunks: 1.
 - use_allocation_guard: 0.
 - handle_deallocations: 1.


Internal statistics:

num_allocs_failed_limit: 6.
num_arena_births: 810.
num_arena_deaths: 0.
num_vsnodes_births: 2.
num_vsnodes_deaths: 0.
num_space_committed: 893.
num_space_uncommitted: 0.
num_chunks_returned_to_freelist: 6.
num_chunks_taken_from_freelist: 3157.
num_chunk_merges: 6.
num_chunk_splits: 2059.
num_chunks_enlarged: 1398.
num_inconsistent_stats: 0.

CodeHeap 'non-profiled nmethods': size=120000Kb used=4312Kb max_used=4312Kb free=115687Kb
 bounds [0x0000026918c20000, 0x0000026919060000, 0x0000026920150000]
CodeHeap 'profiled nmethods': size=120000Kb used=13649Kb max_used=13649Kb free=106350Kb
 bounds [0x0000026911150000, 0x0000026911eb0000, 0x0000026918680000]
CodeHeap 'non-nmethods': size=5760Kb used=2353Kb max_used=2392Kb free=3406Kb
 bounds [0x0000026918680000, 0x00000269188f0000, 0x0000026918c20000]
 total_blobs=7864 nmethods=6988 adapters=789
 compilation: enabled
              stopped_count=0, restarted_count=0
 full_count=0

Compilation events (20 events):
Event: 945.276 Thread 0x0000026927ac1b60 7875   !   4       java.util.concurrent.ConcurrentHashMap::putVal (432 bytes)
Event: 945.300 Thread 0x0000026927acc540 7876       3       org.gradle.cache.internal.DefaultCrossBuildInMemoryCacheFactory$AbstractCrossBuildInMemoryCache$$Lambda$132/0x00000269291b64c0::apply (13 bytes)
Event: 945.306 Thread 0x0000026927acc540 nmethod 7876 0x0000026911ea0710 code [0x0000026911ea08c0, 0x0000026911ea0a08]
Event: 945.306 Thread 0x0000026927acc540 7877       3       org.gradle.cache.internal.DefaultCrossBuildInMemoryCacheFactory$AbstractCrossBuildInMemoryCache::lambda$get$2 (34 bytes)
Event: 945.326 Thread 0x0000026927acc540 nmethod 7877 0x0000026911ea0b10 code [0x0000026911ea0da0, 0x0000026911ea1b78]
Event: 945.326 Thread 0x0000026927acc540 7878       3       org.gradle.cache.internal.DefaultCrossBuildInMemoryCacheFactory$AbstractCrossBuildInMemoryCache$$Lambda$133/0x00000269291b6700::<init> (20 bytes)
Event: 945.326 Thread 0x0000026927acc540 nmethod 7878 0x0000026911ea1f90 code [0x0000026911ea2140, 0x0000026911ea23b8]
Event: 945.356 Thread 0x0000026927ac1b60 nmethod 7875 0x0000026919053790 code [0x00000269190539c0, 0x00000269190551b0]
Event: 945.372 Thread 0x0000026927acc540 7879       3       org.objectweb.asm.AnnotationWriter::<init> (60 bytes)
Event: 945.372 Thread 0x0000026927acc540 nmethod 7879 0x0000026911ea2490 code [0x0000026911ea2660, 0x0000026911ea2a48]
Event: 945.372 Thread 0x0000026927acc540 7880       3       org.objectweb.asm.AnnotationVisitor::<init> (7 bytes)
Event: 945.372 Thread 0x0000026927acc540 nmethod 7880 0x0000026911ea2b90 code [0x0000026911ea2d40, 0x0000026911ea2e88]
Event: 945.497 Thread 0x0000026927acc540 7881       3       jdk.internal.reflect.ByteVectorImpl::resize (44 bytes)
Event: 945.497 Thread 0x0000026927acc540 nmethod 7881 0x0000026911ea2f10 code [0x0000026911ea30c0, 0x0000026911ea33a8]
Event: 945.510 Thread 0x0000026927acc540 7882       1       jdk.internal.reflect.ClassFileAssembler::setMaxLocals (6 bytes)
Event: 945.515 Thread 0x0000026927acc540 nmethod 7882 0x0000026919055d90 code [0x0000026919055f20, 0x0000026919055ff8]
Event: 945.515 Thread 0x0000026927acc540 7883       3       jdk.internal.reflect.ClassFileAssembler::opc_new (16 bytes)
Event: 945.521 Thread 0x0000026927acc540 nmethod 7883 0x0000026911ea3490 code [0x0000026911ea36a0, 0x0000026911ea3be8]
Event: 945.521 Thread 0x0000026927acc540 7884       3       jdk.internal.reflect.ByteVectorFactory::create (8 bytes)
Event: 945.522 Thread 0x0000026927acc540 nmethod 7884 0x0000026911ea3e90 code [0x0000026911ea4040, 0x0000026911ea43b8]

GC Heap History (20 events):
Event: 399.036 GC heap before
{Heap before GC invocations=15 (full 0):
 garbage-first heap   total 107520K, used 39033K [0x0000000080000000, 0x0000000100000000)
  region size 1024K, 5 young (5120K), 4 survivors (4096K)
 Metaspace       used 45479K, committed 46080K, reserved 491520K
  class space    used 6332K, committed 6656K, reserved 425984K
}
Event: 399.196 GC heap after
{Heap after GC invocations=16 (full 0):
 garbage-first heap   total 107520K, used 37881K [0x0000000080000000, 0x0000000100000000)
  region size 1024K, 1 young (1024K), 1 survivors (1024K)
 Metaspace       used 45479K, committed 46080K, reserved 491520K
  class space    used 6332K, committed 6656K, reserved 425984K
}
Event: 534.081 GC heap before
{Heap before GC invocations=16 (full 0):
 garbage-first heap   total 107520K, used 87033K [0x0000000080000000, 0x0000000100000000)
  region size 1024K, 50 young (51200K), 1 survivors (1024K)
 Metaspace       used 49377K, committed 49984K, reserved 491520K
  class space    used 6858K, committed 7168K, reserved 425984K
}
Event: 535.532 GC heap after
{Heap after GC invocations=17 (full 0):
 garbage-first heap   total 107520K, used 38488K [0x0000000080000000, 0x0000000100000000)
  region size 1024K, 2 young (2048K), 2 survivors (2048K)
 Metaspace       used 49377K, committed 49984K, reserved 491520K
  class space    used 6858K, committed 7168K, reserved 425984K
}
Event: 562.320 GC heap before
{Heap before GC invocations=17 (full 0):
 garbage-first heap   total 107520K, used 40536K [0x0000000080000000, 0x0000000100000000)
  region size 1024K, 5 young (5120K), 2 survivors (2048K)
 Metaspace       used 49389K, committed 50048K, reserved 491520K
  class space    used 6859K, committed 7168K, reserved 425984K
}
Event: 562.622 GC heap after
{Heap after GC invocations=18 (full 0):
 garbage-first heap   total 107520K, used 38572K [0x0000000080000000, 0x0000000100000000)
  region size 1024K, 1 young (1024K), 1 survivors (1024K)
 Metaspace       used 49389K, committed 50048K, reserved 491520K
  class space    used 6859K, committed 7168K, reserved 425984K
}
Event: 584.434 GC heap before
{Heap before GC invocations=18 (full 0):
 garbage-first heap   total 107520K, used 53932K [0x0000000080000000, 0x0000000100000000)
  region size 1024K, 16 young (16384K), 1 survivors (1024K)
 Metaspace       used 49656K, committed 50240K, reserved 491520K
  class space    used 6897K, committed 7168K, reserved 425984K
}
Event: 584.469 GC heap after
{Heap after GC invocations=19 (full 0):
 garbage-first heap   total 107520K, used 38801K [0x0000000080000000, 0x0000000100000000)
  region size 1024K, 1 young (1024K), 1 survivors (1024K)
 Metaspace       used 49656K, committed 50240K, reserved 491520K
  class space    used 6897K, committed 7168K, reserved 425984K
}
Event: 728.302 GC heap before
{Heap before GC invocations=19 (full 0):
 garbage-first heap   total 107520K, used 66449K [0x0000000080000000, 0x0000000100000000)
  region size 1024K, 29 young (29696K), 1 survivors (1024K)
 Metaspace       used 49749K, committed 50368K, reserved 491520K
  class space    used 6902K, committed 7232K, reserved 425984K
}
Event: 728.436 GC heap after
{Heap after GC invocations=20 (full 0):
 garbage-first heap   total 107520K, used 39177K [0x0000000080000000, 0x0000000100000000)
  region size 1024K, 1 young (1024K), 1 survivors (1024K)
 Metaspace       used 49749K, committed 50368K, reserved 491520K
  class space    used 6902K, committed 7232K, reserved 425984K
}
Event: 858.727 GC heap before
{Heap before GC invocations=20 (full 0):
 garbage-first heap   total 107520K, used 77065K [0x0000000080000000, 0x0000000100000000)
  region size 1024K, 38 young (38912K), 1 survivors (1024K)
 Metaspace       used 53080K, committed 53760K, reserved 491520K
  class space    used 7428K, committed 7744K, reserved 425984K
}
Event: 858.812 GC heap after
{Heap after GC invocations=21 (full 0):
 garbage-first heap   total 107520K, used 41188K [0x0000000080000000, 0x0000000100000000)
  region size 1024K, 3 young (3072K), 3 survivors (3072K)
 Metaspace       used 53080K, committed 53760K, reserved 491520K
  class space    used 7428K, committed 7744K, reserved 425984K
}
Event: 861.383 GC heap before
{Heap before GC invocations=21 (full 0):
 garbage-first heap   total 107520K, used 44260K [0x0000000080000000, 0x0000000100000000)
  region size 1024K, 7 young (7168K), 3 survivors (3072K)
 Metaspace       used 53454K, committed 54080K, reserved 491520K
  class space    used 7501K, committed 7808K, reserved 425984K
}
Event: 861.460 GC heap after
{Heap after GC invocations=22 (full 0):
 garbage-first heap   total 107520K, used 41497K [0x0000000080000000, 0x0000000100000000)
  region size 1024K, 1 young (1024K), 1 survivors (1024K)
 Metaspace       used 53454K, committed 54080K, reserved 491520K
  class space    used 7501K, committed 7808K, reserved 425984K
}
Event: 895.070 GC heap before
{Heap before GC invocations=22 (full 0):
 garbage-first heap   total 107520K, used 88601K [0x0000000080000000, 0x0000000100000000)
  region size 1024K, 48 young (49152K), 1 survivors (1024K)
 Metaspace       used 55452K, committed 56064K, reserved 491520K
  class space    used 7726K, committed 8000K, reserved 425984K
}
Event: 895.437 GC heap after
{Heap after GC invocations=23 (full 0):
 garbage-first heap   total 129024K, used 43274K [0x0000000080000000, 0x0000000100000000)
  region size 1024K, 3 young (3072K), 3 survivors (3072K)
 Metaspace       used 55452K, committed 56064K, reserved 491520K
  class space    used 7726K, committed 8000K, reserved 425984K
}
Event: 930.593 GC heap before
{Heap before GC invocations=23 (full 0):
 garbage-first heap   total 129024K, used 68874K [0x0000000080000000, 0x0000000100000000)
  region size 1024K, 23 young (23552K), 3 survivors (3072K)
 Metaspace       used 55734K, committed 56448K, reserved 491520K
  class space    used 7763K, committed 8128K, reserved 425984K
}
Event: 930.980 GC heap after
{Heap after GC invocations=24 (full 0):
 garbage-first heap   total 129024K, used 52012K [0x0000000080000000, 0x0000000100000000)
  region size 1024K, 3 young (3072K), 3 survivors (3072K)
 Metaspace       used 55734K, committed 56448K, reserved 491520K
  class space    used 7763K, committed 8128K, reserved 425984K
}
Event: 937.544 GC heap before
{Heap before GC invocations=24 (full 0):
 garbage-first heap   total 129024K, used 55084K [0x0000000080000000, 0x0000000100000000)
  region size 1024K, 6 young (6144K), 3 survivors (3072K)
 Metaspace       used 55908K, committed 56576K, reserved 491520K
  class space    used 7789K, committed 8128K, reserved 425984K
}
Event: 937.580 GC heap after
{Heap after GC invocations=25 (full 0):
 garbage-first heap   total 129024K, used 52323K [0x0000000080000000, 0x0000000100000000)
  region size 1024K, 1 young (1024K), 1 survivors (1024K)
 Metaspace       used 55908K, committed 56576K, reserved 491520K
  class space    used 7789K, committed 8128K, reserved 425984K
}

Dll operation events (15 events):
Event: 0.384 Loaded shared library C:\Program Files\Eclipse Adoptium\jdk-17.0.19.10-hotspot\bin\java.dll
Event: 1.634 Loaded shared library C:\Program Files\Eclipse Adoptium\jdk-17.0.19.10-hotspot\bin\jsvml.dll
Event: 2.385 Loaded shared library C:\Program Files\Eclipse Adoptium\jdk-17.0.19.10-hotspot\bin\zip.dll
Event: 2.414 Loaded shared library C:\Program Files\Eclipse Adoptium\jdk-17.0.19.10-hotspot\bin\instrument.dll
Event: 2.611 Loaded shared library C:\Program Files\Eclipse Adoptium\jdk-17.0.19.10-hotspot\bin\net.dll
Event: 2.619 Loaded shared library C:\Program Files\Eclipse Adoptium\jdk-17.0.19.10-hotspot\bin\nio.dll
Event: 2.622 Loaded shared library C:\Program Files\Eclipse Adoptium\jdk-17.0.19.10-hotspot\bin\zip.dll
Event: 4.075 Loaded shared library C:\Program Files\Eclipse Adoptium\jdk-17.0.19.10-hotspot\bin\jimage.dll
Event: 5.927 Loaded shared library C:\Program Files\Eclipse Adoptium\jdk-17.0.19.10-hotspot\bin\verify.dll
Event: 6.934 Loaded shared library C:\Users\USER\.gradle\native\1def1411415f61bf3af743bc5b6707747c0891f09f0c88961ee8f79bc544acac\windows-amd64\native-platform.dll
Event: 7.030 Loaded shared library C:\Users\USER\.gradle\native\0.2.7\x86_64-windows-gnu\gradle-fileevents.dll
Event: 16.787 Loaded shared library C:\Program Files\Eclipse Adoptium\jdk-17.0.19.10-hotspot\bin\management.dll
Event: 16.830 Loaded shared library C:\Program Files\Eclipse Adoptium\jdk-17.0.19.10-hotspot\bin\management_ext.dll
Event: 18.060 Loaded shared library C:\Program Files\Eclipse Adoptium\jdk-17.0.19.10-hotspot\bin\extnet.dll
Event: 22.185 Loaded shared library C:\Program Files\Eclipse Adoptium\jdk-17.0.19.10-hotspot\bin\sunmscapi.dll

Deoptimization events (20 events):
Event: 906.434 Thread 0x0000026947bf0b30 Uncommon trap: trap_request=0xffffffc6 fr.pc=0x0000026918ec4fe0 relative=0x0000000000001f00
Event: 906.435 Thread 0x0000026947bf0b30 Uncommon trap: reason=bimorphic_or_optimized_type_check action=maybe_recompile pc=0x0000026918ec4fe0 method=org.codehaus.groovy.runtime.metaclass.MetaMethodIndex.isOverridden(Lgroovy/lang/MetaMethod;Lgroovy/lang/MetaMethod;)Z @ 56 c2
Event: 906.435 Thread 0x0000026947bf0b30 DEOPT PACKING pc=0x0000026918ec4fe0 sp=0x000000d9a9af4ff0
Event: 906.435 Thread 0x0000026947bf0b30 DEOPT UNPACKING pc=0x00000269186d69a3 sp=0x000000d9a9af4fe8 mode 2
Event: 906.467 Thread 0x0000026947bf0b30 Uncommon trap: trap_request=0xffffffc6 fr.pc=0x0000026918ec81f4 relative=0x0000000000005114
Event: 906.467 Thread 0x0000026947bf0b30 Uncommon trap: reason=bimorphic_or_optimized_type_check action=maybe_recompile pc=0x0000026918ec81f4 method=org.codehaus.groovy.runtime.metaclass.MetaMethodIndex.isOverridden(Lgroovy/lang/MetaMethod;Lgroovy/lang/MetaMethod;)Z @ 10 c2
Event: 906.467 Thread 0x0000026947bf0b30 DEOPT PACKING pc=0x0000026918ec81f4 sp=0x000000d9a9af4f50
Event: 906.467 Thread 0x0000026947bf0b30 DEOPT UNPACKING pc=0x00000269186d69a3 sp=0x000000d9a9af4f48 mode 2
Event: 907.709 Thread 0x0000026947bf0b30 Uncommon trap: trap_request=0xffffff45 fr.pc=0x0000026918de4588 relative=0x0000000000001588
Event: 907.709 Thread 0x0000026947bf0b30 Uncommon trap: reason=unstable_if action=reinterpret pc=0x0000026918de4588 method=java.util.WeakHashMap.matchesKey(Ljava/util/WeakHashMap$Entry;Ljava/lang/Object;)Z @ 5 c2
Event: 907.709 Thread 0x0000026947bf0b30 DEOPT PACKING pc=0x0000026918de4588 sp=0x000000d9a9af43c0
Event: 907.709 Thread 0x0000026947bf0b30 DEOPT UNPACKING pc=0x00000269186d69a3 sp=0x000000d9a9af4348 mode 2
Event: 907.841 Thread 0x0000026947bf0b30 Uncommon trap: trap_request=0xffffff45 fr.pc=0x0000026919034214 relative=0x0000000000000454
Event: 907.841 Thread 0x0000026947bf0b30 Uncommon trap: reason=unstable_if action=reinterpret pc=0x0000026919034214 method=java.util.StringJoiner.add(Ljava/lang/CharSequence;)Ljava/util/StringJoiner; @ 33 c2
Event: 907.841 Thread 0x0000026947bf0b30 DEOPT PACKING pc=0x0000026919034214 sp=0x000000d9a9af46b0
Event: 907.841 Thread 0x0000026947bf0b30 DEOPT UNPACKING pc=0x00000269186d69a3 sp=0x000000d9a9af4660 mode 2
Event: 911.166 Thread 0x0000026947bf0b30 Uncommon trap: trap_request=0xffffffdc fr.pc=0x000002691903cac0 relative=0x00000000000002a0
Event: 911.166 Thread 0x0000026947bf0b30 Uncommon trap: reason=class_check action=make_not_entrant pc=0x000002691903cac0 method=java.util.ArrayList.toArray([Ljava/lang/Object;)[Ljava/lang/Object; @ 21 c2
Event: 911.166 Thread 0x0000026947bf0b30 DEOPT PACKING pc=0x000002691903cac0 sp=0x000000d9a9af4a80
Event: 911.204 Thread 0x0000026947bf0b30 DEOPT UNPACKING pc=0x00000269186d69a3 sp=0x000000d9a9af4a40 mode 2

Classes loaded (20 events):
Event: 904.364 Loading class java/util/AbstractList$SubList done
Event: 904.364 Loading class java/util/AbstractList$RandomAccessSubList done
Event: 904.364 Loading class java/util/AbstractList$SubList$1
Event: 904.365 Loading class java/util/AbstractList$SubList$1 done
Event: 904.365 Loading class java/util/AbstractList$ListItr
Event: 904.414 Loading class java/util/AbstractList$ListItr done
Event: 906.529 Loading class java/util/AbstractCollectionBeanInfo
Event: 906.529 Loading class java/util/AbstractCollectionBeanInfo done
Event: 906.529 Loading class java/util/AbstractCollectionBeanInfo
Event: 906.529 Loading class java/util/AbstractCollectionBeanInfo done
Event: 906.529 Loading class java/util/AbstractCollectionCustomizer
Event: 906.529 Loading class java/util/AbstractCollectionCustomizer done
Event: 906.549 Loading class java/util/AbstractCollectionCustomizer
Event: 906.549 Loading class java/util/AbstractCollectionCustomizer done
Event: 906.553 Loading class sun/reflect/generics/reflectiveObjects/GenericArrayTypeImpl
Event: 906.554 Loading class sun/reflect/generics/reflectiveObjects/GenericArrayTypeImpl done
Event: 909.286 Loading class sun/reflect/generics/tree/LongSignature
Event: 909.299 Loading class sun/reflect/generics/tree/LongSignature done
Event: 938.763 Loading class java/net/SocketTimeoutException
Event: 938.819 Loading class java/net/SocketTimeoutException done

Classes unloaded (0 events):
No events

Classes redefined (0 events):
No events

Internal exceptions (20 events):
Event: 868.910 Thread 0x0000026947bf0b30 Exception <a 'java/lang/NoSuchMethodError'{0x0000000085e6df10}: 'void java.lang.invoke.DirectMethodHandle$Holder.invokeSpecial(java.lang.Object, java.lang.Object, java.lang.Object, int)'> (0x0000000085e6df10) 
thrown [s\src\hotspot\share\interpreter\linkResolver.cpp, line 759]
Event: 873.885 Thread 0x0000026947bf0b30 Implicit null exception at 0x0000026918c6ddd3 to 0x0000026918c6df64
Event: 876.389 Thread 0x0000026947bf0b30 Exception <a 'java/lang/IncompatibleClassChangeError'{0x0000000085ab8968}: Found class java.lang.Object, but interface was expected> (0x0000000085ab8968) 
thrown [s\src\hotspot\share\interpreter\linkResolver.cpp, line 826]
Event: 905.651 Thread 0x0000026947bf0b30 Exception <a 'java/lang/ClassNotFoundException'{0x000000008769b5f0}: groovy/lang/ReferenceBeanInfo> (0x000000008769b5f0) 
thrown [s\src\hotspot\share\classfile\systemDictionary.cpp, line 256]
Event: 905.679 Thread 0x0000026947bf0b30 Exception <a 'java/lang/ClassNotFoundException'{0x00000000876b74b8}: groovy/lang/ReferenceCustomizer> (0x00000000876b74b8) 
thrown [s\src\hotspot\share\classfile\systemDictionary.cpp, line 256]
Event: 906.478 Thread 0x0000026947bf0b30 Exception <a 'java/lang/ClassNotFoundException'{0x00000000872acf78}: org/gradle/api/internal/tasks/DefaultTaskContainer_DecoratedBeanInfo> (0x00000000872acf78) 
thrown [s\src\hotspot\share\classfile\systemDictionary.cpp, line 256]
Event: 906.492 Thread 0x0000026947bf0b30 Exception <a 'java/lang/ClassNotFoundException'{0x00000000872bbd00}: org/gradle/api/internal/tasks/DefaultTaskContainerBeanInfo> (0x00000000872bbd00) 
thrown [s\src\hotspot\share\classfile\systemDictionary.cpp, line 256]
Event: 906.495 Thread 0x0000026947bf0b30 Exception <a 'java/lang/ClassNotFoundException'{0x00000000872caaa0}: org/gradle/api/internal/tasks/DefaultTaskCollectionBeanInfo> (0x00000000872caaa0) 
thrown [s\src\hotspot\share\classfile\systemDictionary.cpp, line 256]
Event: 906.512 Thread 0x0000026947bf0b30 Exception <a 'java/lang/ClassNotFoundException'{0x00000000872d99e8}: org/gradle/api/internal/DefaultNamedDomainObjectSetBeanInfo> (0x00000000872d99e8) 
thrown [s\src\hotspot\share\classfile\systemDictionary.cpp, line 256]
Event: 906.513 Thread 0x0000026947bf0b30 Exception <a 'java/lang/ClassNotFoundException'{0x00000000872e87a0}: org/gradle/api/internal/DefaultNamedDomainObjectCollectionBeanInfo> (0x00000000872e87a0) 
thrown [s\src\hotspot\share\classfile\systemDictionary.cpp, line 256]
Event: 906.529 Thread 0x0000026947bf0b30 Exception <a 'java/lang/ClassNotFoundException'{0x00000000872f73e0}: org/gradle/api/internal/DefaultDomainObjectCollectionBeanInfo> (0x00000000872f73e0) 
thrown [s\src\hotspot\share\classfile\systemDictionary.cpp, line 256]
Event: 906.529 Thread 0x0000026947bf0b30 Exception <a 'java/lang/ClassNotFoundException'{0x00000000872ff510}: java/util/AbstractCollectionBeanInfo> (0x00000000872ff510) 
thrown [s\src\hotspot\share\classfile\systemDictionary.cpp, line 256]
Event: 906.549 Thread 0x0000026947bf0b30 Exception <a 'java/lang/ClassNotFoundException'{0x0000000087107870}: java/util/AbstractCollectionCustomizer> (0x0000000087107870) 
thrown [s\src\hotspot\share\classfile\systemDictionary.cpp, line 256]
Event: 906.648 Thread 0x0000026947bf0b30 Exception <a 'java/lang/ClassNotFoundException'{0x00000000871286f8}: org/gradle/api/internal/DefaultDomainObjectCollectionCustomizer> (0x00000000871286f8) 
thrown [s\src\hotspot\share\classfile\systemDictionary.cpp, line 256]
Event: 907.249 Thread 0x0000026947bf0b30 Exception <a 'java/lang/ClassNotFoundException'{0x0000000087174c60}: org/gradle/api/internal/DefaultNamedDomainObjectCollectionCustomizer> (0x0000000087174c60) 
thrown [s\src\hotspot\share\classfile\systemDictionary.cpp, line 256]
Event: 907.553 Thread 0x0000026947bf0b30 Exception <a 'java/lang/ClassNotFoundException'{0x00000000871c81e8}: org/gradle/api/internal/DefaultNamedDomainObjectSetCustomizer> (0x00000000871c81e8) 
thrown [s\src\hotspot\share\classfile\systemDictionary.cpp, line 256]
Event: 908.271 Thread 0x0000026947bf0b30 Exception <a 'java/lang/ClassNotFoundException'{0x0000000087053fd0}: org/gradle/api/internal/tasks/DefaultTaskCollectionCustomizer> (0x0000000087053fd0) 
thrown [s\src\hotspot\share\classfile\systemDictionary.cpp, line 256]
Event: 909.227 Thread 0x0000026947bf0b30 Exception <a 'java/lang/ClassNotFoundException'{0x0000000086f070f8}: org/gradle/api/internal/tasks/DefaultTaskContainerCustomizer> (0x0000000086f070f8) 
thrown [s\src\hotspot\share\classfile\systemDictionary.cpp, line 256]
Event: 910.240 Thread 0x0000026947bf0b30 Exception <a 'java/lang/ClassNotFoundException'{0x0000000086edff68}: org/gradle/api/internal/tasks/DefaultTaskContainer_DecoratedCustomizer> (0x0000000086edff68) 
thrown [s\src\hotspot\share\classfile\systemDictionary.cpp, line 256]
Event: 941.191 Thread 0x0000026947bf0b30 Exception <a 'java/lang/NoClassDefFoundError'{0x000000008796bca0}: com/android/Version> (0x000000008796bca0) 
thrown [s\src\hotspot\share\classfile\systemDictionary.cpp, line 245]

VM Operations (20 events):
Event: 934.014 Executing VM operation: Cleanup done
Event: 935.028 Executing VM operation: Cleanup
Event: 935.043 Executing VM operation: Cleanup done
Event: 936.051 Executing VM operation: Cleanup
Event: 936.066 Executing VM operation: Cleanup done
Event: 937.069 Executing VM operation: Cleanup
Event: 937.084 Executing VM operation: Cleanup done
Event: 937.544 Executing VM operation: G1CollectForAllocation
Event: 937.580 Executing VM operation: G1CollectForAllocation done
Event: 939.467 Executing VM operation: HandshakeAllThreads
Event: 939.472 Executing VM operation: HandshakeAllThreads done
Event: 940.465 Executing VM operation: Cleanup
Event: 940.465 Executing VM operation: Cleanup done
Event: 941.470 Executing VM operation: Cleanup
Event: 941.485 Executing VM operation: Cleanup done
Event: 943.497 Executing VM operation: Cleanup
Event: 943.512 Executing VM operation: Cleanup done
Event: 944.514 Executing VM operation: Cleanup
Event: 944.544 Executing VM operation: Cleanup done
Event: 946.554 Executing VM operation: Cleanup

Memory protections (0 events):
No events

Nmethod flushes (20 events):
Event: 141.101 Thread 0x0000026947030020 flushing  nmethod 0x000002691192b710
Event: 141.101 Thread 0x0000026947030020 flushing  nmethod 0x0000026911931b10
Event: 141.101 Thread 0x0000026947030020 flushing  nmethod 0x0000026911932690
Event: 141.101 Thread 0x0000026947030020 flushing  nmethod 0x0000026911932e90
Event: 141.101 Thread 0x0000026947030020 flushing  nmethod 0x0000026911933910
Event: 141.101 Thread 0x0000026947030020 flushing  nmethod 0x0000026911933e90
Event: 141.101 Thread 0x0000026947030020 flushing  nmethod 0x0000026911936a10
Event: 141.101 Thread 0x0000026947030020 flushing  nmethod 0x000002691193af90
Event: 141.101 Thread 0x0000026947030020 flushing  nmethod 0x0000026911942810
Event: 141.101 Thread 0x0000026947030020 flushing  nmethod 0x0000026911943e90
Event: 141.101 Thread 0x0000026947030020 flushing  nmethod 0x000002691194a510
Event: 141.101 Thread 0x0000026947030020 flushing  nmethod 0x000002691194b590
Event: 141.101 Thread 0x0000026947030020 flushing  nmethod 0x000002691195c490
Event: 141.101 Thread 0x0000026947030020 flushing  nmethod 0x0000026911977210
Event: 141.101 Thread 0x0000026947030020 flushing  nmethod 0x000002691198b990
Event: 141.101 Thread 0x0000026947030020 flushing  nmethod 0x00000269119a5890
Event: 141.102 Thread 0x0000026947030020 flushing  nmethod 0x00000269119fb310
Event: 141.102 Thread 0x0000026947030020 flushing  nmethod 0x00000269119fb790
Event: 141.102 Thread 0x0000026947030020 flushing  nmethod 0x0000026911a35990
Event: 908.461 Thread 0x0000026947030020 flushing  nmethod 0x0000026911618990

Events (20 events):
Event: 876.575 Thread 0x0000026947bf0b30 Thread added: 0x00000269497f1160
Event: 876.575 Thread 0x0000026947bf0b30 Thread added: 0x0000026947bf0110
Event: 876.576 Thread 0x0000026947bf0b30 Thread added: 0x00000269499267b0
Event: 876.577 Thread 0x0000026947bf0b30 Thread added: 0x00000269499271d0
Event: 876.580 Thread 0x0000026947bf0b30 Thread added: 0x00000269499262a0
Event: 876.580 Thread 0x0000026947bf0b30 Thread added: 0x0000026949926cc0
Event: 877.668 Thread 0x0000026947bf0b30 Thread added: 0x00000269499276e0
Event: 877.711 Thread 0x0000026947bf0b30 Thread added: 0x0000026949927bf0
Event: 877.755 Thread 0x0000026947bf0b30 Thread added: 0x0000026949928610
Event: 877.891 Thread 0x0000026947bf0b30 Thread added: 0x0000026949925880
Event: 878.011 Thread 0x0000026947bf0b30 Thread added: 0x0000026949928100
Event: 878.194 Thread 0x0000026947bf0b30 Thread added: 0x0000026949924e60
Event: 878.317 Thread 0x0000026947bf0b30 Thread added: 0x0000026949925d90
Event: 879.895 Thread 0x0000026947bf0b30 Thread added: 0x0000026949928b20
Event: 879.896 Thread 0x0000026947bf0b30 Thread added: 0x0000026949925370
Event: 879.897 Thread 0x0000026947bf0b30 Thread added: 0x0000026949929a50
Event: 879.898 Thread 0x0000026947bf0b30 Thread added: 0x0000026949929030
Event: 879.899 Thread 0x0000026947bf0b30 Thread added: 0x0000026949929540
Event: 879.900 Thread 0x0000026947bf0b30 Thread added: 0x000002694992b3a0
Event: 879.908 Thread 0x0000026947bf0b30 Thread added: 0x0000026949929f60


Dynamic libraries:
0x00007ff6ce910000 - 0x00007ff6ce91e000 	C:\Program Files\Eclipse Adoptium\jdk-17.0.19.10-hotspot\bin\java.exe
0x00007ffa60140000 - 0x00007ffa603a6000 	C:\WINDOWS\SYSTEM32\ntdll.dll
0x00007ffa5f100000 - 0x00007ffa5f1c9000 	C:\WINDOWS\System32\KERNEL32.DLL
0x00007ffa5d5b0000 - 0x00007ffa5d9aa000 	C:\WINDOWS\System32\KERNELBASE.dll
0x00007ffa5d460000 - 0x00007ffa5d5ac000 	C:\WINDOWS\System32\ucrtbase.dll
0x00007ffa38040000 - 0x00007ffa38058000 	C:\Program Files\Eclipse Adoptium\jdk-17.0.19.10-hotspot\bin\jli.dll
0x00007ffa5fea0000 - 0x00007ffa60067000 	C:\WINDOWS\System32\USER32.dll
0x00007ffa5de80000 - 0x00007ffa5dea7000 	C:\WINDOWS\System32\win32u.dll
0x00007ffa5f280000 - 0x00007ffa5f2ab000 	C:\WINDOWS\System32\GDI32.dll
0x00007ffa5dc90000 - 0x00007ffa5ddbb000 	C:\WINDOWS\System32\gdi32full.dll
0x00007ffa5dbe0000 - 0x00007ffa5dc83000 	C:\WINDOWS\System32\msvcp_win.dll
0x00007ffa3f680000 - 0x00007ffa3f912000 	C:\WINDOWS\WinSxS\amd64_microsoft.windows.common-controls_6595b64144ccf1df_6.0.26100.8521_none_3e08b75ce33403b3\COMCTL32.dll
0x00007ffa5deb0000 - 0x00007ffa5df59000 	C:\WINDOWS\System32\msvcrt.dll
0x00007ffa38020000 - 0x00007ffa3803e000 	C:\Program Files\Eclipse Adoptium\jdk-17.0.19.10-hotspot\bin\VCRUNTIME140.dll
0x00007ffa5fc60000 - 0x00007ffa5fc92000 	C:\WINDOWS\System32\IMM32.DLL
0x00007ffa38010000 - 0x00007ffa3801c000 	C:\Program Files\Eclipse Adoptium\jdk-17.0.19.10-hotspot\bin\vcruntime140_1.dll
0x00007ffa1f700000 - 0x00007ffa1f78d000 	C:\Program Files\Eclipse Adoptium\jdk-17.0.19.10-hotspot\bin\msvcp140.dll
0x00007ff96b680000 - 0x00007ff96c2ec000 	C:\Program Files\Eclipse Adoptium\jdk-17.0.19.10-hotspot\bin\server\jvm.dll
0x00007ffa5fba0000 - 0x00007ffa5fc56000 	C:\WINDOWS\System32\ADVAPI32.dll
0x00007ffa5f1d0000 - 0x00007ffa5f27a000 	C:\WINDOWS\System32\sechost.dll
0x00007ffa5ed80000 - 0x00007ffa5ee98000 	C:\WINDOWS\System32\RPCRT4.dll
0x00007ffa60070000 - 0x00007ffa600f0000 	C:\WINDOWS\System32\WS2_32.dll
0x00007ffa5d230000 - 0x00007ffa5d28e000 	C:\WINDOWS\SYSTEM32\POWRPROF.dll
0x00007ffa54dd0000 - 0x00007ffa54e06000 	C:\WINDOWS\SYSTEM32\WINMM.dll
0x00007ffa4bf90000 - 0x00007ffa4bf9b000 	C:\WINDOWS\SYSTEM32\VERSION.dll
0x00007ffa5d210000 - 0x00007ffa5d224000 	C:\WINDOWS\SYSTEM32\UMPDC.dll
0x00007ffa5c160000 - 0x00007ffa5c17b000 	C:\WINDOWS\SYSTEM32\kernel.appcore.dll
0x00007ffa38000000 - 0x00007ffa3800a000 	C:\Program Files\Eclipse Adoptium\jdk-17.0.19.10-hotspot\bin\jimage.dll
0x00007ffa40390000 - 0x00007ffa405d2000 	C:\WINDOWS\SYSTEM32\DBGHELP.DLL
0x00007ffa5e1e0000 - 0x00007ffa5e563000 	C:\WINDOWS\System32\combase.dll
0x00007ffa5e040000 - 0x00007ffa5e119000 	C:\WINDOWS\System32\OLEAUT32.dll
0x00007ffa36930000 - 0x00007ffa3696b000 	C:\WINDOWS\SYSTEM32\dbgcore.DLL
0x00007ffa5d9b0000 - 0x00007ffa5da58000 	C:\WINDOWS\System32\bcryptPrimitives.dll
0x00007ffa292d0000 - 0x00007ffa292de000 	C:\Program Files\Eclipse Adoptium\jdk-17.0.19.10-hotspot\bin\instrument.dll
0x00007ffa1f6d0000 - 0x00007ffa1f6f5000 	C:\Program Files\Eclipse Adoptium\jdk-17.0.19.10-hotspot\bin\java.dll
0x00007ff9e45c0000 - 0x00007ff9e4697000 	C:\Program Files\Eclipse Adoptium\jdk-17.0.19.10-hotspot\bin\jsvml.dll
0x00007ffa5f390000 - 0x00007ffa5fb14000 	C:\WINDOWS\System32\SHELL32.dll
0x00007ffa5afb0000 - 0x00007ffa5b830000 	C:\WINDOWS\SYSTEM32\windows.storage.dll
0x00007ffa5e7f0000 - 0x00007ffa5e8e6000 	C:\WINDOWS\System32\SHCORE.dll
0x00007ffa5fb20000 - 0x00007ffa5fb87000 	C:\WINDOWS\System32\shlwapi.dll
0x00007ffa5d2f0000 - 0x00007ffa5d319000 	C:\WINDOWS\SYSTEM32\profapi.dll
0x00007ffa1f6b0000 - 0x00007ffa1f6c8000 	C:\Program Files\Eclipse Adoptium\jdk-17.0.19.10-hotspot\bin\zip.dll
0x00007ffa1e810000 - 0x00007ffa1e82a000 	C:\Program Files\Eclipse Adoptium\jdk-17.0.19.10-hotspot\bin\net.dll
0x00007ffa4f1b0000 - 0x00007ffa4f2d9000 	C:\WINDOWS\SYSTEM32\WINHTTP.dll
0x00007ffa5c6d0000 - 0x00007ffa5c73c000 	C:\WINDOWS\system32\mswsock.dll
0x00007ffa1c380000 - 0x00007ffa1c396000 	C:\Program Files\Eclipse Adoptium\jdk-17.0.19.10-hotspot\bin\nio.dll
0x00007ffa28f60000 - 0x00007ffa28f70000 	C:\Program Files\Eclipse Adoptium\jdk-17.0.19.10-hotspot\bin\verify.dll
0x00007ff9c4460000 - 0x00007ff9c4487000 	C:\Users\USER\.gradle\native\1def1411415f61bf3af743bc5b6707747c0891f09f0c88961ee8f79bc544acac\windows-amd64\native-platform.dll
0x00007ff9a2ec0000 - 0x00007ff9a2f38000 	C:\Users\USER\.gradle\native\0.2.7\x86_64-windows-gnu\gradle-fileevents.dll
0x00007ffa28e20000 - 0x00007ffa28e2a000 	C:\Program Files\Eclipse Adoptium\jdk-17.0.19.10-hotspot\bin\management.dll
0x00007ffa1f6a0000 - 0x00007ffa1f6ac000 	C:\Program Files\Eclipse Adoptium\jdk-17.0.19.10-hotspot\bin\management_ext.dll
0x00007ffa5e030000 - 0x00007ffa5e038000 	C:\WINDOWS\System32\PSAPI.DLL
0x00007ffa5bb00000 - 0x00007ffa5bb33000 	C:\WINDOWS\SYSTEM32\IPHLPAPI.DLL
0x00007ffa5e570000 - 0x00007ffa5e57a000 	C:\WINDOWS\System32\NSI.dll
0x00007ffa546d0000 - 0x00007ffa546ed000 	C:\WINDOWS\SYSTEM32\dhcpcsvc6.DLL
0x00007ffa54720000 - 0x00007ffa54745000 	C:\WINDOWS\SYSTEM32\dhcpcsvc.DLL
0x00007ffa5bb40000 - 0x00007ffa5bc8a000 	C:\WINDOWS\SYSTEM32\DNSAPI.dll
0x00007ffa5c4f0000 - 0x00007ffa5c4fd000 	C:\WINDOWS\SYSTEM32\DSPARSE.dll
0x00007ffa1e9b0000 - 0x00007ffa1e9b9000 	C:\Program Files\Eclipse Adoptium\jdk-17.0.19.10-hotspot\bin\extnet.dll
0x00007ffa5c9b0000 - 0x00007ffa5c9cb000 	C:\WINDOWS\SYSTEM32\CRYPTSP.dll
0x00007ffa5c0c0000 - 0x00007ffa5c0f9000 	C:\WINDOWS\system32\rsaenh.dll
0x00007ffa5c780000 - 0x00007ffa5c7b3000 	C:\WINDOWS\SYSTEM32\USERENV.dll
0x00007ffa5d2c0000 - 0x00007ffa5d2ea000 	C:\WINDOWS\SYSTEM32\bcrypt.dll
0x00007ffa5c9d0000 - 0x00007ffa5c9dc000 	C:\WINDOWS\SYSTEM32\CRYPTBASE.dll
0x00007ffa1e800000 - 0x00007ffa1e80e000 	C:\Program Files\Eclipse Adoptium\jdk-17.0.19.10-hotspot\bin\sunmscapi.dll
0x00007ffa5da60000 - 0x00007ffa5dbd8000 	C:\WINDOWS\System32\CRYPT32.dll
0x00007ffa5cbd0000 - 0x00007ffa5cc00000 	C:\WINDOWS\SYSTEM32\ncrypt.dll
0x00007ffa5cb80000 - 0x00007ffa5cbbf000 	C:\WINDOWS\SYSTEM32\NTASN1.dll
0x00007ffa31770000 - 0x00007ffa31778000 	C:\WINDOWS\system32\wshunix.dll

dbghelp: loaded successfully - version: 4.0.5 - missing functions: none
symbol engine: initialized successfully - sym options: 0x614 - pdb path: .;C:\Program Files\Eclipse Adoptium\jdk-17.0.19.10-hotspot\bin;C:\WINDOWS\SYSTEM32;C:\WINDOWS\WinSxS\amd64_microsoft.windows.common-controls_6595b64144ccf1df_6.0.26100.8521_none_3e08b75ce33403b3;C:\Program Files\Eclipse Adoptium\jdk-17.0.19.10-hotspot\bin\server;C:\Users\USER\.gradle\native\1def1411415f61bf3af743bc5b6707747c0891f09f0c88961ee8f79bc544acac\windows-amd64;C:\Users\USER\.gradle\native\0.2.7\x86_64-windows-gnu

VM Arguments:
jvm_args: --add-opens=java.base/java.lang=ALL-UNNAMED --add-opens=java.base/java.lang.invoke=ALL-UNNAMED --add-opens=java.base/java.util=ALL-UNNAMED --add-opens=java.prefs/java.util.prefs=ALL-UNNAMED --add-exports=jdk.compiler/com.sun.tools.javac.api=ALL-UNNAMED --add-exports=jdk.compiler/com.sun.tools.javac.util=ALL-UNNAMED --add-opens=java.base/java.util=ALL-UNNAMED --add-opens=java.prefs/java.util.prefs=ALL-UNNAMED --add-opens=java.base/java.nio.charset=ALL-UNNAMED --add-opens=java.base/java.net=ALL-UNNAMED --add-opens=java.base/java.util.concurrent.atomic=ALL-UNNAMED --add-opens=java.xml/javax.xml.namespace=ALL-UNNAMED -XX:MaxMetaspaceSize=512m -Xmx2048m -Dfile.encoding=UTF-8 -Duser.country=ZW -Duser.language=en -Duser.variant -javaagent:C:\Users\USER\.gradle\wrapper\dists\gradle-8.14.3-bin\cv11ve7ro1n3o1j4so8xd9n66\gradle-8.14.3\lib\agents\gradle-instrumentation-agent-8.14.3.jar 
java_command: org.gradle.launcher.daemon.bootstrap.GradleDaemon 8.14.3
java_class_path (initial): C:\Users\USER\.gradle\wrapper\dists\gradle-8.14.3-bin\cv11ve7ro1n3o1j4so8xd9n66\gradle-8.14.3\lib\gradle-daemon-main-8.14.3.jar
Launcher Type: SUN_STANDARD

[Global flags]
     intx CICompilerCount                          = 4                                         {product} {ergonomic}
   size_t CompressedClassSpaceSize                 = 436207616                                 {product} {ergonomic}
     uint ConcGCThreads                            = 2                                         {product} {ergonomic}
     uint G1ConcRefinementThreads                  = 8                                         {product} {ergonomic}
   size_t G1HeapRegionSize                         = 1048576                                   {product} {ergonomic}
    uintx GCDrainStackTargetSize                   = 64                                        {product} {ergonomic}
   size_t InitialHeapSize                          = 130023424                                 {product} {ergonomic}
   size_t MarkStackSize                            = 4194304                                   {product} {ergonomic}
   size_t MaxHeapSize                              = 2147483648                                {product} {command line}
   size_t MaxMetaspaceSize                         = 536870912                                 {product} {command line}
   size_t MaxNewSize                               = 1287651328                                {product} {ergonomic}
   size_t MinHeapDeltaBytes                        = 1048576                                   {product} {ergonomic}
   size_t MinHeapSize                              = 8388608                                   {product} {ergonomic}
    uintx NonNMethodCodeHeapSize                   = 5839372                                {pd product} {ergonomic}
    uintx NonProfiledCodeHeapSize                  = 122909434                              {pd product} {ergonomic}
    uintx ProfiledCodeHeapSize                     = 122909434                              {pd product} {ergonomic}
    uintx ReservedCodeCacheSize                    = 251658240                              {pd product} {ergonomic}
     bool SegmentedCodeCache                       = true                                      {product} {ergonomic}
   size_t SoftMaxHeapSize                          = 2147483648                             {manageable} {ergonomic}
     bool UseCompressedClassPointers               = true                           {product lp64_product} {ergonomic}
     bool UseCompressedOops                        = true                           {product lp64_product} {ergonomic}
     bool UseG1GC                                  = true                                      {product} {ergonomic}
     bool UseLargePagesIndividualAllocation        = false                                  {pd product} {ergonomic}

Logging:
Log output configuration:
 #0: stdout all=warning uptime,level,tags
 #1: stderr all=off uptime,level,tags

Environment Variables:
JAVA_HOME=C:\Program Files\Android\Android Studio\jbr
PATH=C:\Program Files\Eclipse Adoptium\jdk-17.0.19.10-hotspot\bin;C:\Program Files (x86)\Common Files\Intel\Shared Libraries\redist\intel64\compiler;C:\Program Files\Eclipse Adoptium\jdk-25.0.0.36-hotspot\bin;C:\Program Files (x86)\Common Files\Intel\Shared Files\cpp\bin\Intel64;C:\WINDOWS\system32;C:\WINDOWS;C:\WINDOWS\System32\Wbem;C:\WINDOWS\System32\WindowsPowerShell\v1.0\;C:\WINDOWS\System32\OpenSSH\;C:\ProgramData\chocolatey\bin;C:\Program Files\nodejs\;C:\Program Files\Git\cmd;C:\Users\USER\AppData\Local\Programs\Python\Python313\Scripts\;C:\Users\USER\AppData\Local\Programs\Python\Python313\;C:\Users\USER\AppData\Local\Microsoft\WindowsApps;C:\Users\USER\AppData\Local\Programs\Microsoft VS Code\bin;C:\Users\USER\AppData\Local\GitHubDesktop\bin;C:\Users\USER\AppData\Roaming\npm;C:\Users\USER\AppData\Local\Programs\mongosh\;
USERNAME=USER
OS=Windows_NT
PROCESSOR_IDENTIFIER=Intel64 Family 6 Model 186 Stepping 3, GenuineIntel
TMP=C:\Users\USER\AppData\Local\Temp
TEMP=C:\Users\USER\AppData\Local\Temp



Periodic native trim disabled


---------------  S Y S T E M  ---------------

OS:
 Windows 11 , 64 bit Build 26100 (10.0.26100.8521)
OS uptime: 0 days 1:04 hours

CPU: total 8 (initial active 8) (4 cores per cpu, 2 threads per core) family 6 model 186 stepping 3 microcode 0x6134, cx8, cmov, fxsr, ht, mmx, 3dnowpref, sse, sse2, sse3, ssse3, sse4.1, sse4.2, popcnt, lzcnt, tsc, tscinvbit, avx, avx2, aes, erms, clmul, bmi1, bmi2, adx, sha, fma, vzeroupper, clflush, clflushopt, clwb
Processor Information for all 8 processors :
  Max Mhz: 1200, Current Mhz: 1200, Mhz Limit: 1200

Memory: 4k page, system-wide physical 7835M (206M free)
TotalPageFile size 31387M (AvailPageFile size 0M)
current process WorkingSet (physical memory assigned to process): 75M, peak: 149M
current process commit charge ("private bytes"): 341M, peak: 344M

vm_info: OpenJDK 64-Bit Server VM (17.0.19+10) for windows-amd64 JRE (17.0.19+10), built on Apr 25 2026 08:04:44 by "admin" with MS VC++ 17.12 (VS2022)

END.
