#
# There is insufficient memory for the Java Runtime Environment to continue.
# Native memory allocation (mmap) failed to map 65536 bytes. Error detail: Failed to commit metaspace.
# Possible reasons:
#   The system is out of physical RAM or swap space
#   This process is running with CompressedOops enabled, and the Java Heap may be blocking the growth of the native heap
# Possible solutions:
#   Reduce memory load on the system
#   Increase physical memory or swap space
#   Check if swap backing store is full
#   Decrease Java heap size (-Xmx/-Xms)
#   Decrease number of Java threads
#   Decrease Java thread stack sizes (-Xss)
#   Set larger code cache with -XX:ReservedCodeCacheSize=
#   JVM is running with Unscaled Compressed Oops mode in which the Java heap is
#     placed in the first 4GB address space. The Java Heap base address is the
#     maximum limit for the native heap growth. Please use -XX:HeapBaseMinAddress
#     to set the Java Heap base and to place the Java Heap above 4GB virtual address.
# This output file may be truncated or incomplete.
#
#  Out of Memory Error (virtualSpaceNode.cpp:113), pid=24004, tid=30640
#
# JRE version: OpenJDK Runtime Environment Temurin-21.0.11+10 (21.0.11+10) (build 21.0.11+10-LTS)
# Java VM: OpenJDK 64-Bit Server VM Temurin-21.0.11+10 (21.0.11+10-LTS, mixed mode, sharing, tiered, compressed oops, compressed class ptrs, g1 gc, windows-amd64)
# No core dump will be written. Minidumps are not enabled by default on client versions of Windows
#

---------------  S U M M A R Y ------------

Command Line: --add-opens=java.base/java.util=ALL-UNNAMED --add-opens=java.base/java.lang=ALL-UNNAMED --add-opens=java.base/java.lang.invoke=ALL-UNNAMED --add-opens=java.prefs/java.util.prefs=ALL-UNNAMED --add-exports=jdk.compiler/com.sun.tools.javac.api=ALL-UNNAMED --add-exports=jdk.compiler/com.sun.tools.javac.util=ALL-UNNAMED --add-opens=java.base/java.nio.charset=ALL-UNNAMED --add-opens=java.base/java.net=ALL-UNNAMED --add-opens=java.base/java.util.concurrent.atomic=ALL-UNNAMED -XX:MaxMetaspaceSize=384m -XX:+HeapDumpOnOutOfMemoryError -Xms256m -Xmx512m -Dfile.encoding=utf8 -Duser.country=ZW -Duser.language=en -Duser.variant -javaagent:C:\Users\USER\.gradle\wrapper\dists\gradle-8.9-bin\90cnw93cvbtalezasaz0blq0a\gradle-8.9\lib\agents\gradle-instrumentation-agent-8.9.jar org.gradle.launcher.daemon.bootstrap.GradleDaemon 8.9

Host: 13th Gen Intel(R) Core(TM) i3-1315U, 8 cores, 7G,  Windows 11 , 64 bit Build 26100 (10.0.26100.8521)
Time: Tue Jul 14 12:34:36 2026 South Africa Standard Time elapsed time: 58.305828 seconds (0d 0h 0m 58s)

---------------  T H R E A D  ---------------

Current thread (0x000002435b285870):  JavaThread "Daemon worker"        [_thread_in_vm, id=30640, stack(0x000000795e400000,0x000000795e500000) (1024K)]

Stack: [0x000000795e400000,0x000000795e500000]
Native frames: (J=compiled Java code, j=interpreted, Vv=VM code, C=native code)
V  [jvm.dll+0x6d7e19]
V  [jvm.dll+0x8b5096]
V  [jvm.dll+0x8b764e]
V  [jvm.dll+0x8b7d33]
V  [jvm.dll+0x284596]
V  [jvm.dll+0x8b0dde]
V  [jvm.dll+0x6795e4]
V  [jvm.dll+0x1e849b]
V  [jvm.dll+0x1e825e]
V  [jvm.dll+0x67bee2]
V  [jvm.dll+0x67bd12]
V  [jvm.dll+0x679fbe]
V  [jvm.dll+0x684268]
V  [jvm.dll+0x21973e]
V  [jvm.dll+0x219be5]
V  [jvm.dll+0x21a5d8]
V  [jvm.dll+0x20f80e]
V  [jvm.dll+0x5b658f]
V  [jvm.dll+0x82f046]
V  [jvm.dll+0x478ec8]
V  [jvm.dll+0x47ecf8]
C  [java.dll+0x17ec]

Java frames: (J=compiled Java code, j=interpreted, Vv=VM code)
J 812  java.lang.ClassLoader.defineClass1(Ljava/lang/ClassLoader;Ljava/lang/String;[BIILjava/security/ProtectionDomain;Ljava/lang/String;)Ljava/lang/Class; java.base@21.0.11 (0 bytes) @ 0x0000024335a48011 [0x0000024335a47f40+0x00000000000000d1]
J 1293 c1 java.lang.ClassLoader.defineClass(Ljava/lang/String;[BIILjava/security/ProtectionDomain;)Ljava/lang/Class; java.base@21.0.11 (43 bytes) @ 0x000002432e179274 [0x000002432e178f20+0x0000000000000354]
J 1528 c1 java.security.SecureClassLoader.defineClass(Ljava/lang/String;[BIILjava/security/CodeSource;)Ljava/lang/Class; java.base@21.0.11 (16 bytes) @ 0x000002432e21d81c [0x000002432e21d740+0x00000000000000dc]
J 1525 c1 java.net.URLClassLoader.defineClass(Ljava/lang/String;Ljdk/internal/loader/Resource;)Ljava/lang/Class; java.base@21.0.11 (224 bytes) @ 0x000002432e21ae44 [0x000002432e219700+0x0000000000001744]
J 942 c1 java.net.URLClassLoader$1.run()Ljava/lang/Class; java.base@21.0.11 (81 bytes) @ 0x000002432e0aee7c [0x000002432e0ae240+0x0000000000000c3c]
J 941 c1 java.net.URLClassLoader$1.run()Ljava/lang/Object; java.base@21.0.11 (5 bytes) @ 0x000002432e0adcd4 [0x000002432e0adc40+0x0000000000000094]
J 2841 c2 java.security.AccessController.doPrivileged(Ljava/security/PrivilegedExceptionAction;Ljava/security/AccessControlContext;)Ljava/lang/Object; java.base@21.0.11 (26 bytes) @ 0x0000024335b58e20 [0x0000024335b58dc0+0x0000000000000060]
J 870 c1 java.net.URLClassLoader.findClass(Ljava/lang/String;)Ljava/lang/Class; java.base@21.0.11 (47 bytes) @ 0x000002432e090ec4 [0x000002432e090d20+0x00000000000001a4]
j  org.gradle.internal.classloader.TransformingClassLoader.findClass(Ljava/lang/String;)Ljava/lang/Class;+10
J 2779 c2 java.lang.ClassLoader.loadClass(Ljava/lang/String;Z)Ljava/lang/Class; java.base@21.0.11 (121 bytes) @ 0x0000024335b34f5c [0x0000024335b316c0+0x000000000000389c]
J 829 c1 java.lang.ClassLoader.loadClass(Ljava/lang/String;)Ljava/lang/Class; java.base@21.0.11 (7 bytes) @ 0x000002432e07d8d4 [0x000002432e07d7c0+0x0000000000000114]
v  ~StubRoutines::call_stub 0x000002433545100d
J 812  java.lang.ClassLoader.defineClass1(Ljava/lang/ClassLoader;Ljava/lang/String;[BIILjava/security/ProtectionDomain;Ljava/lang/String;)Ljava/lang/Class; java.base@21.0.11 (0 bytes) @ 0x0000024335a48011 [0x0000024335a47f40+0x00000000000000d1]
J 1293 c1 java.lang.ClassLoader.defineClass(Ljava/lang/String;[BIILjava/security/ProtectionDomain;)Ljava/lang/Class; java.base@21.0.11 (43 bytes) @ 0x000002432e179274 [0x000002432e178f20+0x0000000000000354]
J 1528 c1 java.security.SecureClassLoader.defineClass(Ljava/lang/String;[BIILjava/security/CodeSource;)Ljava/lang/Class; java.base@21.0.11 (16 bytes) @ 0x000002432e21d81c [0x000002432e21d740+0x00000000000000dc]
J 1525 c1 java.net.URLClassLoader.defineClass(Ljava/lang/String;Ljdk/internal/loader/Resource;)Ljava/lang/Class; java.base@21.0.11 (224 bytes) @ 0x000002432e21ae44 [0x000002432e219700+0x0000000000001744]
J 942 c1 java.net.URLClassLoader$1.run()Ljava/lang/Class; java.base@21.0.11 (81 bytes) @ 0x000002432e0aee7c [0x000002432e0ae240+0x0000000000000c3c]
J 941 c1 java.net.URLClassLoader$1.run()Ljava/lang/Object; java.base@21.0.11 (5 bytes) @ 0x000002432e0adcd4 [0x000002432e0adc40+0x0000000000000094]
J 2841 c2 java.security.AccessController.doPrivileged(Ljava/security/PrivilegedExceptionAction;Ljava/security/AccessControlContext;)Ljava/lang/Object; java.base@21.0.11 (26 bytes) @ 0x0000024335b58e20 [0x0000024335b58dc0+0x0000000000000060]
J 870 c1 java.net.URLClassLoader.findClass(Ljava/lang/String;)Ljava/lang/Class; java.base@21.0.11 (47 bytes) @ 0x000002432e090ec4 [0x000002432e090d20+0x00000000000001a4]
j  org.gradle.internal.classloader.TransformingClassLoader.findClass(Ljava/lang/String;)Ljava/lang/Class;+10
J 2779 c2 java.lang.ClassLoader.loadClass(Ljava/lang/String;Z)Ljava/lang/Class; java.base@21.0.11 (121 bytes) @ 0x0000024335b34f5c [0x0000024335b316c0+0x000000000000389c]
J 829 c1 java.lang.ClassLoader.loadClass(Ljava/lang/String;)Ljava/lang/Class; java.base@21.0.11 (7 bytes) @ 0x000002432e07d8d4 [0x000002432e07d7c0+0x0000000000000114]
v  ~StubRoutines::call_stub 0x000002433545100d
j  org.gradle.api.internal.artifacts.DependencyServices.registerBuildTreeServices(Lorg/gradle/internal/service/ServiceRegistration;)V+1
j  org.gradle.internal.buildtree.BuildTreeScopeServices.configure(Lorg/gradle/internal/service/ServiceRegistration;Ljava/util/List;)V+30
j  java.lang.invoke.LambdaForm$DMH+0x00000243420ac000.invokeVirtual(Ljava/lang/Object;Ljava/lang/Object;Ljava/lang/Object;Ljava/lang/Object;)V+14 java.base@21.0.11
j  java.lang.invoke.LambdaForm$MH+0x0000024342194c00.invoke(Ljava/lang/Object;Ljava/lang/Object;Ljava/lang/Object;Ljava/lang/Object;)Ljava/lang/Object;+73 java.base@21.0.11
J 2355 c1 jdk.internal.reflect.DirectMethodHandleAccessor.invoke(Ljava/lang/Object;[Ljava/lang/Object;)Ljava/lang/Object; java.base@21.0.11 (92 bytes) @ 0x000002432e3bb5e4 [0x000002432e3ba040+0x00000000000015a4]
J 2354 c1 java.lang.reflect.Method.invoke(Ljava/lang/Object;[Ljava/lang/Object;)Ljava/lang/Object; java.base@21.0.11 (108 bytes) @ 0x000002432e3b97d4 [0x000002432e3b92c0+0x0000000000000514]
j  org.gradle.internal.reflect.JavaMethod.invoke(Ljava/lang/Object;[Ljava/lang/Object;)Ljava/lang/Object;+6
j  org.gradle.internal.service.ReflectionBasedServiceMethod.invoke(Ljava/lang/Object;[Ljava/lang/Object;)Ljava/lang/Object;+6
j  org.gradle.internal.service.DefaultServiceRegistry.applyConfigureMethod(Lorg/gradle/internal/service/ServiceMethod;Ljava/lang/Object;)V+140
j  org.gradle.internal.service.DefaultServiceRegistry.findProviderMethods(Lorg/gradle/internal/service/ServiceRegistrationProvider;)V+196
j  org.gradle.internal.service.DefaultServiceRegistry.addProvider(Lorg/gradle/internal/service/ServiceRegistrationProvider;)Lorg/gradle/internal/service/DefaultServiceRegistry;+6
j  org.gradle.internal.service.ServiceRegistryBuilder.build()Lorg/gradle/internal/service/ServiceRegistry;+93
j  org.gradle.internal.buildtree.BuildTreeState.<init>(Lorg/gradle/internal/scopeids/id/BuildInvocationScopeId;Lorg/gradle/internal/service/ServiceRegistry;Lorg/gradle/internal/buildtree/BuildTreeModelControllerServices$Supplier;)V+35
j  org.gradle.launcher.exec.BuildTreeLifecycleBuildActionExecutor.execute(Lorg/gradle/internal/invocation/BuildAction;Lorg/gradle/internal/session/BuildSessionContext;)Lorg/gradle/internal/buildtree/BuildActionRunner$Result;+61
j  org.gradle.launcher.exec.RunAsBuildOperationBuildActionExecutor$3.call(Lorg/gradle/internal/operations/BuildOperationContext;)Lorg/gradle/internal/buildtree/BuildActionRunner$Result;+25
j  org.gradle.launcher.exec.RunAsBuildOperationBuildActionExecutor$3.call(Lorg/gradle/internal/operations/BuildOperationContext;)Ljava/lang/Object;+2
j  org.gradle.internal.operations.DefaultBuildOperationRunner$CallableBuildOperationWorker.execute(Lorg/gradle/internal/operations/CallableBuildOperation;Lorg/gradle/internal/operations/BuildOperationContext;)V+3
j  org.gradle.internal.operations.DefaultBuildOperationRunner$CallableBuildOperationWorker.execute(Lorg/gradle/internal/operations/BuildOperation;Lorg/gradle/internal/operations/BuildOperationContext;)V+6
j  org.gradle.internal.operations.DefaultBuildOperationRunner$2.execute(Lorg/gradle/internal/operations/BuildOperationDescriptor;Lorg/gradle/internal/operations/BuildOperationState;Lorg/gradle/internal/operations/BuildOperationState;Lorg/gradle/internal/operations/DefaultBuildOperationRunner$ReadableBuildOperationContext;Lorg/gradle/internal/operations/DefaultBuildOperationRunner$BuildOperationExecutionListener;)Lorg/gradle/internal/operations/BuildOperation;+22
j  org.gradle.internal.operations.DefaultBuildOperationRunner$2.execute(Lorg/gradle/internal/operations/BuildOperationDescriptor;Lorg/gradle/internal/operations/BuildOperationState;Lorg/gradle/internal/operations/BuildOperationState;Lorg/gradle/internal/operations/DefaultBuildOperationRunner$ReadableBuildOperationContext;Lorg/gradle/internal/operations/DefaultBuildOperationRunner$BuildOperationExecutionListener;)Ljava/lang/Object;+8
j  org.gradle.internal.operations.DefaultBuildOperationRunner.execute(Lorg/gradle/internal/operations/BuildOperationDescriptor$Builder;Lorg/gradle/internal/operations/BuildOperationState;Lorg/gradle/internal/operations/DefaultBuildOperationRunner$BuildOperationExecution;)Ljava/lang/Object;+141
j  org.gradle.internal.operations.DefaultBuildOperationRunner.execute(Lorg/gradle/internal/operations/BuildOperation;Lorg/gradle/internal/operations/BuildOperationWorker;Lorg/gradle/internal/operations/BuildOperationState;)V+18
j  org.gradle.internal.operations.DefaultBuildOperationRunner.call(Lorg/gradle/internal/operations/CallableBuildOperation;)Ljava/lang/Object;+16
j  org.gradle.launcher.exec.RunAsBuildOperationBuildActionExecutor.execute(Lorg/gradle/internal/invocation/BuildAction;Lorg/gradle/internal/session/BuildSessionContext;)Lorg/gradle/internal/buildtree/BuildActionRunner$Result;+23
j  org.gradle.launcher.exec.RunAsWorkerThreadBuildActionExecutor.lambda$execute$0(Lorg/gradle/internal/invocation/BuildAction;Lorg/gradle/internal/session/BuildSessionContext;)Lorg/gradle/internal/buildtree/BuildActionRunner$Result;+6
j  org.gradle.launcher.exec.RunAsWorkerThreadBuildActionExecutor$$Lambda+0x00000243422785a0.create()Ljava/lang/Object;+12
j  org.gradle.internal.work.DefaultWorkerLeaseService.withLocks(Ljava/util/Collection;Lorg/gradle/internal/Factory;)Ljava/lang/Object;+28
j  org.gradle.internal.work.DefaultWorkerLeaseService.runAsWorkerThread(Lorg/gradle/internal/Factory;)Ljava/lang/Object;+33
j  org.gradle.launcher.exec.RunAsWorkerThreadBuildActionExecutor.execute(Lorg/gradle/internal/invocation/BuildAction;Lorg/gradle/internal/session/BuildSessionContext;)Lorg/gradle/internal/buildtree/BuildActionRunner$Result;+12
j  org.gradle.tooling.internal.provider.continuous.ContinuousBuildActionExecutor.execute(Lorg/gradle/internal/invocation/BuildAction;Lorg/gradle/internal/session/BuildSessionContext;)Lorg/gradle/internal/buildtree/BuildActionRunner$Result;+58
j  org.gradle.tooling.internal.provider.SubscribableBuildActionExecutor.execute(Lorg/gradle/internal/invocation/BuildAction;Lorg/gradle/internal/session/BuildSessionContext;)Lorg/gradle/internal/buildtree/BuildActionRunner$Result;+30
j  org.gradle.internal.session.DefaultBuildSessionContext.execute(Lorg/gradle/internal/invocation/BuildAction;)Lorg/gradle/internal/buildtree/BuildActionRunner$Result;+64
j  org.gradle.internal.buildprocess.execution.BuildSessionLifecycleBuildActionExecutor$ActionImpl.apply(Lorg/gradle/internal/session/BuildSessionContext;)Lorg/gradle/launcher/exec/BuildActionResult;+6
j  org.gradle.internal.buildprocess.execution.BuildSessionLifecycleBuildActionExecutor$ActionImpl.apply(Ljava/lang/Object;)Ljava/lang/Object;+5
j  org.gradle.internal.session.BuildSessionState.run(Ljava/util/function/Function;)Ljava/lang/Object;+5
j  org.gradle.internal.buildprocess.execution.BuildSessionLifecycleBuildActionExecutor.execute(Lorg/gradle/internal/invocation/BuildAction;Lorg/gradle/launcher/exec/BuildActionParameters;Lorg/gradle/initialization/BuildRequestContext;)Lorg/gradle/launcher/exec/BuildActionResult;+95
j  org.gradle.internal.buildprocess.execution.BuildSessionLifecycleBuildActionExecutor.execute(Lorg/gradle/internal/invocation/BuildAction;Ljava/lang/Object;Ljava/lang/Object;)Lorg/gradle/launcher/exec/BuildActionResult;+10
j  org.gradle.internal.buildprocess.execution.StartParamsValidatingActionExecutor.execute(Lorg/gradle/internal/invocation/BuildAction;Lorg/gradle/launcher/exec/BuildActionParameters;Lorg/gradle/initialization/BuildRequestContext;)Lorg/gradle/launcher/exec/BuildActionResult;+203
j  org.gradle.internal.buildprocess.execution.StartParamsValidatingActionExecutor.execute(Lorg/gradle/internal/invocation/BuildAction;Ljava/lang/Object;Ljava/lang/Object;)Lorg/gradle/launcher/exec/BuildActionResult;+10
j  org.gradle.internal.buildprocess.execution.SessionFailureReportingActionExecutor.execute(Lorg/gradle/internal/invocation/BuildAction;Lorg/gradle/launcher/exec/BuildActionParameters;Lorg/gradle/initialization/BuildRequestContext;)Lorg/gradle/launcher/exec/BuildActionResult;+7
j  org.gradle.internal.buildprocess.execution.SessionFailureReportingActionExecutor.execute(Lorg/gradle/internal/invocation/BuildAction;Ljava/lang/Object;Ljava/lang/Object;)Lorg/gradle/launcher/exec/BuildActionResult;+10
j  org.gradle.internal.buildprocess.execution.SetupLoggingActionExecutor.execute(Lorg/gradle/internal/invocation/BuildAction;Lorg/gradle/launcher/exec/BuildActionParameters;Lorg/gradle/initialization/BuildRequestContext;)Lorg/gradle/launcher/exec/BuildActionResult;+50
j  org.gradle.internal.buildprocess.execution.SetupLoggingActionExecutor.execute(Lorg/gradle/internal/invocation/BuildAction;Ljava/lang/Object;Ljava/lang/Object;)Lorg/gradle/launcher/exec/BuildActionResult;+10
j  org.gradle.launcher.daemon.server.exec.ExecuteBuild.doBuild(Lorg/gradle/launcher/daemon/server/api/DaemonCommandExecution;Lorg/gradle/launcher/daemon/protocol/Build;)V+147
j  org.gradle.launcher.daemon.server.exec.BuildCommandOnly.execute(Lorg/gradle/launcher/daemon/server/api/DaemonCommandExecution;)V+49
j  org.gradle.launcher.daemon.server.api.DaemonCommandExecution.proceed()Z+23
j  org.gradle.launcher.daemon.server.exec.WatchForDisconnection.execute(Lorg/gradle/launcher/daemon/server/api/DaemonCommandExecution;)V+19
j  org.gradle.launcher.daemon.server.api.DaemonCommandExecution.proceed()Z+23
j  org.gradle.launcher.daemon.server.exec.ResetDeprecationLogger.execute(Lorg/gradle/launcher/daemon/server/api/DaemonCommandExecution;)V+7
j  org.gradle.launcher.daemon.server.api.DaemonCommandExecution.proceed()Z+23
j  org.gradle.launcher.daemon.server.exec.RequestStopIfSingleUsedDaemon.execute(Lorg/gradle/launcher/daemon/server/api/DaemonCommandExecution;)V+33
j  org.gradle.launcher.daemon.server.api.DaemonCommandExecution.proceed()Z+23
j  org.gradle.launcher.daemon.server.exec.ForwardClientInput.lambda$execute$0(Lorg/gradle/launcher/daemon/server/api/DaemonCommandExecution;Lorg/gradle/internal/daemon/clientinput/StdinHandler;)Ljava/lang/Object;+11
j  org.gradle.launcher.daemon.server.exec.ForwardClientInput$$Lambda+0x000002434218e438.apply(Ljava/lang/Object;)Ljava/lang/Object;+8
j  org.gradle.internal.daemon.clientinput.ClientInputForwarder.forwardInput(Ljava/util/function/Function;)Ljava/lang/Object;+46
j  org.gradle.launcher.daemon.server.exec.ForwardClientInput.execute(Lorg/gradle/launcher/daemon/server/api/DaemonCommandExecution;)V+10
j  org.gradle.launcher.daemon.server.api.DaemonCommandExecution.proceed()Z+23
j  org.gradle.launcher.daemon.server.exec.LogAndCheckHealth.execute(Lorg/gradle/launcher/daemon/server/api/DaemonCommandExecution;)V+51
j  org.gradle.launcher.daemon.server.api.DaemonCommandExecution.proceed()Z+23
j  org.gradle.launcher.daemon.server.exec.LogToClient.doBuild(Lorg/gradle/launcher/daemon/server/api/DaemonCommandExecution;Lorg/gradle/launcher/daemon/protocol/Build;)V+87
j  org.gradle.launcher.daemon.server.exec.BuildCommandOnly.execute(Lorg/gradle/launcher/daemon/server/api/DaemonCommandExecution;)V+49
j  org.gradle.launcher.daemon.server.api.DaemonCommandExecution.proceed()Z+23
j  org.gradle.launcher.daemon.server.exec.EstablishBuildEnvironment.doBuild(Lorg/gradle/launcher/daemon/server/api/DaemonCommandExecution;Lorg/gradle/launcher/daemon/protocol/Build;)V+356
j  org.gradle.launcher.daemon.server.exec.BuildCommandOnly.execute(Lorg/gradle/launcher/daemon/server/api/DaemonCommandExecution;)V+49
j  org.gradle.launcher.daemon.server.api.DaemonCommandExecution.proceed()Z+23
j  org.gradle.launcher.daemon.server.exec.StartBuildOrRespondWithBusy$1.run()V+44
j  org.gradle.launcher.daemon.server.DaemonStateCoordinator.lambda$runCommand$0(Ljava/lang/Runnable;)V+1
j  org.gradle.launcher.daemon.server.DaemonStateCoordinator$$Lambda+0x000002434218ad58.run()V+8
j  org.gradle.internal.concurrent.ExecutorPolicy$CatchAndRecordFailures.onExecute(Ljava/lang/Runnable;)V+1
j  org.gradle.internal.concurrent.AbstractManagedExecutor$1.run()V+25
j  java.util.concurrent.ThreadPoolExecutor.runWorker(Ljava/util/concurrent/ThreadPoolExecutor$Worker;)V+92 java.base@21.0.11
j  java.util.concurrent.ThreadPoolExecutor$Worker.run()V+5 java.base@21.0.11
j  java.lang.Thread.runWith(Ljava/lang/Object;Ljava/lang/Runnable;)V+5 java.base@21.0.11
j  java.lang.Thread.run()V+19 java.base@21.0.11
v  ~StubRoutines::call_stub 0x000002433545100d

Compiled method (n/a) 58811  812     n 0       java.lang.ClassLoader::defineClass1 (native)
 total in heap  [0x0000024335a47d90,0x0000024335a48328] = 1432
 relocation     [0x0000024335a47ef0,0x0000024335a47f28] = 56
 main code      [0x0000024335a47f40,0x0000024335a48321] = 993
 stub code      [0x0000024335a48321,0x0000024335a48328] = 7

[Constant Pool (empty)]

[MachCode]
[Entry Point]
  # {method} {0x0000024341434a48} 'defineClass1' '(Ljava/lang/ClassLoader;Ljava/lang/String;[BIILjava/security/ProtectionDomain;Ljava/lang/String;)Ljava/lang/Class;' in 'java/lang/ClassLoader'
  # parm0:    rdx:rdx   = 'java/lang/ClassLoader'
  # parm1:    r8:r8     = 'java/lang/String'
  # parm2:    r9:r9     = '[B'
  # parm3:    rdi       = int
  # parm4:    rsi       = int
  # parm5:    rcx:rcx   = 'java/security/ProtectionDomain'
  # parm6:    [sp+0xa0]   = 'java/lang/String'  (sp of caller)
  0x0000024335a47f40: 448b 5208 | 49bb 0000 | 0041 4302 | 0000 4d03 | d349 3bc2 | 0f84 0600 

  0x0000024335a47f58: ;   {runtime_call ic_miss_stub}
  0x0000024335a47f58: 0000 e921 | 68a5 ff90 
[Verified Entry Point]
  0x0000024335a47f60: 8984 2400 | 80ff ff55 | 488b ec48 | 81ec 9000 | 0000 6690 | 4181 7f20 | 0100 0000 

  0x0000024335a47f7c: ;   {runtime_call StubRoutines (final stubs)}
  0x0000024335a47f7c: 7405 e81d | e5a3 ff48 | 837d 1000 | 488d 4510 | 480f 4445 | 1048 8944 | 2440 4889 | 4c24 7048 
  0x0000024335a47f9c: 83f9 0048 | 8d44 2470 | 480f 4444 | 2470 4889 | 4424 3848 | 8974 2430 | 4889 7c24 | 284c 894c 
  0x0000024335a47fbc: 2458 4983 | f900 488d | 4424 5848 | 0f44 4424 | 5848 8944 | 2420 4c89 | 4424 5049 | 83f8 004c 
  0x0000024335a47fdc: 8d4c 2450 | 4c0f 444c | 2450 4889 | 5424 4848 | 83fa 004c | 8d44 2448 | 4c0f 4444 

  0x0000024335a47ff8: ;   {oop(a 'java/lang/Class'{0x00000000e0769c18} = 'java/lang/ClassLoader')}
  0x0000024335a47ff8: 2448 49be | 189c 76e0 | 0000 0000 | 4c89 7424 | 784c 8d74 | 2478 498b | d6c5 f877 

  0x0000024335a48014: ;   {internal_word}
  0x0000024335a48014: 49ba 1180 | a435 4302 | 0000 4d89 | 97a8 0300 | 0049 89a7 | a003 0000 

  0x0000024335a4802c: ;   {external_word}
  0x0000024335a4802c: 49ba c66c | 8f5a f97f | 0000 4180 | 3a00 0f84 | 4e00 0000 | 5241 5041 

  0x0000024335a48044: ;   {metadata({method} {0x0000024341434a48} 'defineClass1' '(Ljava/lang/ClassLoader;Ljava/lang/String;[BIILjava/security/ProtectionDomain;Ljava/lang/String;)Ljava/lang/Class;' in 'java/lang/ClassLoader')}
  0x0000024335a48044: 5148 ba40 | 4a43 4143 | 0200 0049 | 8bcf 4883 | ec20 40f6 | c40f 0f84 | 1900 0000 | 4883 ec08 
  0x0000024335a48064: ;   {runtime_call}
  0x0000024335a48064: 48b8 20e5 | 385a f97f | 0000 ffd0 | 4883 c408 | e90c 0000 

  0x0000024335a48078: ;   {runtime_call}
  0x0000024335a48078: 0048 b820 | e538 5af9 | 7f00 00ff | d048 83c4 | 2041 5941 | 585a 498d | 8fc0 0300 | 0041 c787 
  0x0000024335a48098: 4c04 0000 | 0400 0000 

  0x0000024335a480a0: ;   {runtime_call}
  0x0000024335a480a0: 48b8 ac16 | 5449 fa7f | 0000 ffd0 | c5f8 7741 | c787 4c04 | 0000 0500 | 0000 f083 | 4424 c000 
  0x0000024335a480c0: 493b af50 | 0400 000f | 870e 0000 | 0041 83bf | 4804 0000 | 000f 842b | 0000 00c5 | f877 4889 
  0x0000024335a480e0: 45f8 498b | cf4c 8be4 | 4883 ec20 | 4883 e4f0 

  0x0000024335a480f0: ;   {runtime_call}
  0x0000024335a480f0: 48b8 e053 | 045a f97f | 0000 ffd0 | 498b e44d | 33e4 488b | 45f8 41c7 | 874c 0400 | 0008 0000 
  0x0000024335a48110: 0041 83bf | c804 0000 | 020f 84d5 

  0x0000024335a4811c: ;   {external_word}
  0x0000024335a4811c: 0100 0049 | bac6 6c8f | 5af9 7f00 | 0041 803a | 000f 844c | 0000 0048 

  0x0000024335a48134: ;   {metadata({method} {0x0000024341434a48} 'defineClass1' '(Ljava/lang/ClassLoader;Ljava/lang/String;[BIILjava/security/ProtectionDomain;Ljava/lang/String;)Ljava/lang/Class;' in 'java/lang/ClassLoader')}
  0x0000024335a48134: 8945 f848 | ba40 4a43 | 4143 0200 | 0049 8bcf | 4883 ec20 | 40f6 c40f | 0f84 1900 | 0000 4883 
  0x0000024335a48154: ;   {runtime_call}
  0x0000024335a48154: ec08 48b8 | 20e5 385a | f97f 0000 | ffd0 4883 | c408 e90c 

  0x0000024335a48168: ;   {runtime_call}
  0x0000024335a48168: 0000 0048 | b820 e538 | 5af9 7f00 | 00ff d048 | 83c4 2048 | 8b45 f849 | c787 a003 | 0000 0000 
  0x0000024335a48188: 0000 49c7 | 87a8 0300 | 0000 0000 | 00c5 f877 | 4885 c00f | 8430 0100 | 00a8 030f | 8508 0000 
  0x0000024335a481a8: 0048 8b00 | e920 0100 | 00a8 010f | 8509 0000 | 0048 8b40 | fee9 0f01 | 0000 488b | 40ff 4180 
  0x0000024335a481c8: 7f40 000f | 8400 0100 | 0048 83f8 | 000f 84f6 | 0000 0049 | 8b4f 2848 | 83f9 000f | 8414 0000 
  0x0000024335a481e8: 0048 83e9 | 0849 894f | 2849 034f | 3848 8901 | e9d4 0000 | 0048 83ec | 7048 8904 | 2448 894c 
  0x0000024335a48208: 2408 4889 | 5424 104c | 8944 2418 | 4c89 4c24 | 204c 8954 | 2428 4c89 | 5c24 30c5 | fb11 4424 
  0x0000024335a48228: 40c5 fb11 | 4c24 48c5 | fb11 5424 | 50c5 fb11 | 5c24 58c5 | fb11 6424 | 60c5 fb11 | 6c24 6849 
  0x0000024335a48248: 8bd7 488b | c848 83ec | 2040 f6c4 | 0f0f 8419 | 0000 0048 

  0x0000024335a4825c: ;   {runtime_call}
  0x0000024335a4825c: 83ec 0848 | b860 a3f7 | 59f9 7f00 | 00ff d048 | 83c4 08e9 | 0c00 0000 

  0x0000024335a48274: ;   {runtime_call}
  0x0000024335a48274: 48b8 60a3 | f759 f97f | 0000 ffd0 | 4883 c420 | c5fb 106c | 2468 c5fb | 1064 2460 | c5fb 105c 
  0x0000024335a48294: 2458 c5fb | 1054 2450 | c5fb 104c | 2448 c5fb | 1044 2440 | 4c8b 5c24 | 304c 8b54 | 2428 4c8b 
  0x0000024335a482b4: 4c24 204c | 8b44 2418 | 488b 5424 | 1048 8b4c | 2408 488b | 0424 4883 | c470 c5f8 | 7749 8b8f 
  0x0000024335a482d4: 3004 0000 | c781 0001 | 0000 0000 | 0000 c949 | 837f 0800 | 0f85 0100 

  0x0000024335a482ec: ;   {runtime_call StubRoutines (initial stubs)}
  0x0000024335a482ec: 0000 c3e9 | 0c8c a0ff | c5f8 7748 | 8945 f84c | 8be4 4883 | ec20 4883 

  0x0000024335a48304: ;   {runtime_call}
  0x0000024335a48304: e4f0 48b8 | 701c 395a | f97f 0000 | ffd0 498b | e44d 33e4 | 488b 45f8 | e9fe fdff | fff4 f4f4 
  0x0000024335a48324: f4f4 f4f4 
[/MachCode]


Compiled method (c1) 58848 1293       3       java.lang.ClassLoader::defineClass (43 bytes)
 total in heap  [0x000002432e178d10,0x000002432e179660] = 2384
 relocation     [0x000002432e178e70,0x000002432e178f10] = 160
 main code      [0x000002432e178f20,0x000002432e1793b8] = 1176
 stub code      [0x000002432e1793b8,0x000002432e179430] = 120
 metadata       [0x000002432e179430,0x000002432e179460] = 48
 scopes data    [0x000002432e179460,0x000002432e179550] = 240
 scopes pcs     [0x000002432e179550,0x000002432e179630] = 224
 dependencies   [0x000002432e179630,0x000002432e179638] = 8
 nul chk table  [0x000002432e179638,0x000002432e179660] = 40

[Constant Pool (empty)]

[MachCode]
[Entry Point]
  # {method} {0x0000024341434dc8} 'defineClass' '(Ljava/lang/String;[BIILjava/security/ProtectionDomain;)Ljava/lang/Class;' in 'java/lang/ClassLoader'
  # this:     rdx:rdx   = 'java/lang/ClassLoader'
  # parm0:    r8:r8     = 'java/lang/String'
  # parm1:    r9:r9     = '[B'
  # parm2:    rdi       = int
  # parm3:    rsi       = int
  # parm4:    rcx:rcx   = 'java/security/ProtectionDomain'
  #           [sp+0xc0]  (sp of caller)
  0x000002432e178f20: 448b 5208 | 49bb 0000 | 0041 4302 | 0000 4d03 | d34c 3bd0 

  0x000002432e178f34: ;   {runtime_call ic_miss_stub}
  0x000002432e178f34: 0f85 4658 | 3207 660f | 1f44 0000 
[Verified Entry Point]
  0x000002432e178f40: 8984 2400 | 80ff ff55 | 4881 ecb0 | 0000 0090 | 4181 7f20 | 0100 0000 

  0x000002432e178f58: ;   {runtime_call StubRoutines (final stubs)}
  0x000002432e178f58: 7405 e841 | d530 0748 | 8954 2478 

  0x000002432e178f64: ;   {metadata(method data for {method} {0x0000024341434dc8} 'defineClass' '(Ljava/lang/String;[BIILjava/security/ProtectionDomain;)Ljava/lang/Class;' in 'java/lang/ClassLoader')}
  0x000002432e178f64: 48bb d808 | 1c56 4302 | 0000 8b83 | cc00 0000 | 83c0 0289 | 83cc 0000 | 0025 fe07 | 0000 85c0 
  0x000002432e178f84: 0f84 5003 | 0000 89b4 | 2494 0000 | 0089 bc24 | 9000 0000 | 4c89 8c24 | 8800 0000 

  0x000002432e178fa0: ;   {metadata(method data for {method} {0x0000024341434dc8} 'defineClass' '(Ljava/lang/String;[BIILjava/security/ProtectionDomain;)Ljava/lang/Class;' in 'java/lang/ClassLoader')}
  0x000002432e178fa0: 488b da48 | b8d8 081c | 5643 0200 | 0048 8380 | 1001 0000 | 0149 8bd8 | 4c8b c34c | 8bc9 488b 
  0x000002432e178fc0: ca48 8bd1 | 4889 9c24 | 8000 0000 

  0x000002432e178fcc: ;   {optimized virtual_call}
  0x000002432e178fcc: 6666 90e8 

  0x000002432e178fd0: ; ImmutableOopMap {[120]=Oop [128]=Oop [136]=Oop }
                      ;*invokevirtual preDefineClass {reexecute=0 rethrow=0 return_oop=0}
                      ; - java.lang.ClassLoader::defineClass@4
  0x000002432e178fd0: 4c0a 0000 

  0x000002432e178fd4: ;   {other}
  0x000002432e178fd4: 0f1f 8400 | c402 0000 | 4889 8424 | 9800 0000 | 488b 5424 

  0x000002432e178fe8: ;   {metadata(method data for {method} {0x0000024341434dc8} 'defineClass' '(Ljava/lang/String;[BIILjava/security/ProtectionDomain;)Ljava/lang/Class;' in 'java/lang/ClassLoader')}
  0x000002432e178fe8: 7849 b8d8 | 081c 5643 | 0200 0049 | 8380 4801 

  0x000002432e178ff8: ;   {metadata(method data for {method} {0x0000024341434ab0} 'defineClassSourceLocation' '(Ljava/security/ProtectionDomain;)Ljava/lang/String;' in 'java/lang/ClassLoader')}
  0x000002432e178ff8: 0000 0149 | b870 141c | 5643 0200 | 0041 8b90 | cc00 0000 | 83c2 0241 | 8990 cc00 | 0000 81e2 
  0x000002432e179018: feff 1f00 | 85d2 0f84 | d702 0000 

  0x000002432e179024: ; implicit exception: dispatches to 0x000002432e17931c
  0x000002432e179024: 483b 004c 

  0x000002432e179028: ;   {metadata(method data for {method} {0x0000024341434ab0} 'defineClassSourceLocation' '(Ljava/security/ProtectionDomain;)Ljava/lang/String;' in 'java/lang/ClassLoader')}
  0x000002432e179028: 8bc0 48ba | 7014 1c56 | 4302 0000 | 4883 8210 | 0100 0001 | 448b 4010 

  0x000002432e179040: ;   {metadata(method data for {method} {0x0000024341434ab0} 'defineClassSourceLocation' '(Ljava/security/ProtectionDomain;)Ljava/lang/String;' in 'java/lang/ClassLoader')}
  0x000002432e179040: 4d85 c048 | ba70 141c | 5643 0200 | 0048 c7c6 | 5801 0000 | 7507 48c7 | c648 0100 | 0048 8b3c 
  0x000002432e179060: 3248 8d7f | 0148 893c | 320f 850f 

  0x000002432e17906c: ;   {oop(nullptr)}
  0x000002432e17906c: 0000 0048 | bb00 0000 | 0000 0000 | 00e9 a101 | 0000 493b | 0049 8bd0 

  0x000002432e179084: ;   {metadata(method data for {method} {0x0000024341434ab0} 'defineClassSourceLocation' '(Ljava/security/ProtectionDomain;)Ljava/lang/String;' in 'java/lang/ClassLoader')}
  0x000002432e179084: 48be 7014 | 1c56 4302 | 0000 4883 | 8668 0100 | 0001 418b | 500c 4885 

  0x000002432e17909c: ;   {metadata(method data for {method} {0x0000024341434ab0} 'defineClassSourceLocation' '(Ljava/security/ProtectionDomain;)Ljava/lang/String;' in 'java/lang/ClassLoader')}
  0x000002432e17909c: d248 be70 | 141c 5643 | 0200 0048 | c7c7 b001 | 0000 7507 | 48c7 c7a0 | 0100 0048 | 8b1c 3e48 
  0x000002432e1790bc: 8d5b 0148 | 891c 3e0f | 850f 0000 

  0x000002432e1790c8: ;   {oop(nullptr)}
  0x000002432e1790c8: 0048 bb00 | 0000 0000 | 0000 00e9 | 4701 0000 

  0x000002432e1790d8: ;   {metadata(method data for {method} {0x0000024341434ab0} 'defineClassSourceLocation' '(Ljava/security/ProtectionDomain;)Ljava/lang/String;' in 'java/lang/ClassLoader')}
  0x000002432e1790d8: 48be 7014 | 1c56 4302 | 0000 4883 | 86c0 0100 | 0001 483b | 024c 8bc2 

  0x000002432e1790f0: ;   {metadata(method data for {method} {0x0000024341434ab0} 'defineClassSourceLocation' '(Ljava/security/ProtectionDomain;)Ljava/lang/String;' in 'java/lang/ClassLoader')}
  0x000002432e1790f0: 48be 7014 | 1c56 4302 | 0000 4883 | 86f8 0100 

  0x000002432e179100: ;   {metadata(method data for {method} {0x000002434101abf0} 'toString' '()Ljava/lang/String;' in 'java/net/URL')}
  0x000002432e179100: 0001 49b8 | 70f6 0d56 | 4302 0000 | 418b b0cc | 0000 0083 | c602 4189 | b0cc 0000 | 0081 e6fe 
  0x000002432e179120: ff1f 0085 | f60f 8400 | 0200 004c 

  0x000002432e17912c: ;   {metadata(method data for {method} {0x000002434101abf0} 'toString' '()Ljava/lang/String;' in 'java/net/URL')}
  0x000002432e17912c: 8bc2 48be | 70f6 0d56 | 4302 0000 | 4883 8610 | 0100 0001 

  0x000002432e179140: ;   {metadata(method data for {method} {0x0000024341428650} 'toExternalForm' '()Ljava/lang/String;' in 'java/net/URL')}
  0x000002432e179140: 49b8 f8f7 | 0d56 4302 | 0000 418b | b0cc 0000 | 0083 c602 | 4189 b0cc | 0000 0081 | e6fe ff1f 
  0x000002432e179160: 0085 f60f | 84e3 0100 | 008b 7238 

  0x000002432e17916c: ; implicit exception: dispatches to 0x000002432e17936d
  0x000002432e17916c: 483b 064c 

  0x000002432e179170: ;   {metadata(method data for {method} {0x0000024341428650} 'toExternalForm' '()Ljava/lang/String;' in 'java/net/URL')}
  0x000002432e179170: 8bc6 48bf | f8f7 0d56 | 4302 0000 | 458b 4008 | 49ba 0000 | 0041 4302 | 0000 4d03 | c24c 3b87 
  0x000002432e179190: 2001 0000 | 750d 4883 | 8728 0100 | 0001 e960 | 0000 004c | 3b87 3001 | 0000 750d | 4883 8738 
  0x000002432e1791b0: 0100 0001 | e94a 0000 | 0048 83bf | 2001 0000 | 0075 174c | 8987 2001 | 0000 48c7 | 8728 0100 
  0x000002432e1791d0: 0001 0000 | 00e9 2900 | 0000 4883 | bf30 0100 | 0000 7517 | 4c89 8730 | 0100 0048 | c787 3801 
  0x000002432e1791f0: 0000 0100 | 0000 e908 | 0000 0048 | 8387 1001 | 0000 014c | 8bc2 488b | d666 0f1f 

  0x000002432e17920c: ;   {optimized virtual_call}
  0x000002432e17920c: 4400 00e8 

  0x000002432e179210: ; ImmutableOopMap {[120]=Oop [128]=Oop [136]=Oop [152]=Oop }
                      ;*invokevirtual toExternalForm {reexecute=0 rethrow=0 return_oop=0}
                      ; - java.net.URL::toExternalForm@5
                      ; - java.net.URL::toString@1
                      ; - java.lang.ClassLoader::defineClassSourceLocation@22
                      ; - java.lang.ClassLoader::defineClass@12
  0x000002432e179210: 0c34 eeff 

  0x000002432e179214: ;   {other}
  0x000002432e179214: 0f1f 8400 | 0405 0001 | 488b d848 | 8b84 2498 | 0000 008b | b424 9400 | 0000 8bbc | 2490 0000 
  0x000002432e179234: 004c 8b8c | 2488 0000 | 004c 8b84 | 2480 0000 | 0048 8b54 

  0x000002432e179248: ;   {metadata(method data for {method} {0x0000024341434dc8} 'defineClass' '(Ljava/lang/String;[BIILjava/security/ProtectionDomain;)Ljava/lang/Class;' in 'java/lang/ClassLoader')}
  0x000002432e179248: 2478 48b9 | d808 1c56 | 4302 0000 | 4883 8180 | 0100 0001 | 4c8b da49 | 8bd3 488b | c848 891c 
  0x000002432e179268: 2466 0f1f 

  0x000002432e17926c: ;   {static_call}
  0x000002432e17926c: 4400 00e8 

  0x000002432e179270: ; ImmutableOopMap {[120]=Oop [152]=Oop }
                      ;*invokestatic defineClass1 {reexecute=0 rethrow=0 return_oop=0}
                      ; - java.lang.ClassLoader::defineClass@27
  0x000002432e179270: ecec 8c07 

  0x000002432e179274: ;   {other}
  0x000002432e179274: 0f1f 8400 | 6405 0002 | 488b 5424 

  0x000002432e179280: ;   {metadata(method data for {method} {0x0000024341434dc8} 'defineClass' '(Ljava/lang/String;[BIILjava/security/ProtectionDomain;)Ljava/lang/Class;' in 'java/lang/ClassLoader')}
  0x000002432e179280: 7849 b8d8 | 081c 5643 | 0200 0049 | 8380 9001 | 0000 014c | 8bc0 4c8b | 8c24 9800 | 0000 488b 
  0x000002432e1792a0: 5424 7848 | 8984 24a0 | 0000 000f 

  0x000002432e1792ac: ;   {optimized virtual_call}
  0x000002432e1792ac: 1f40 00e8 

  0x000002432e1792b0: ; ImmutableOopMap {[160]=Oop }
                      ;*invokevirtual postDefineClass {reexecute=0 rethrow=0 return_oop=0}
                      ; - java.lang.ClassLoader::defineClass@37
  0x000002432e1792b0: ec88 f4ff 

  0x000002432e1792b4: ;   {other}
  0x000002432e1792b4: 0f1f 8400 | a405 0003 | 488b 8424 | a000 0000 | 4881 c4b0 | 0000 005d 

  0x000002432e1792cc: ;   {poll_return}
  0x000002432e1792cc: 493b a750 | 0400 000f | 8799 0000 

  0x000002432e1792d8: ;   {metadata({method} {0x0000024341434dc8} 'defineClass' '(Ljava/lang/String;[BIILjava/security/ProtectionDomain;)Ljava/lang/Class;' in 'java/lang/ClassLoader')}
  0x000002432e1792d8: 00c3 49ba | c04d 4341 | 4302 0000 | 4c89 5424 | 0848 c704 | 24ff ffff 

  0x000002432e1792f0: ;   {runtime_call counter_overflow Runtime1 stub}
  0x000002432e1792f0: ffe8 0ae3 

  0x000002432e1792f4: ; ImmutableOopMap {rdx=Oop r8=Oop r9=Oop rcx=Oop [120]=Oop }
                      ;*synchronization entry
                      ; - java.lang.ClassLoader::defineClass@-1
  0x000002432e1792f4: 3f07 e98f 

  0x000002432e1792f8: ;   {metadata({method} {0x0000024341434ab0} 'defineClassSourceLocation' '(Ljava/security/ProtectionDomain;)Ljava/lang/String;' in 'java/lang/ClassLoader')}
  0x000002432e1792f8: fcff ff49 | baa8 4a43 | 4143 0200 | 004c 8954 | 2408 48c7 | 0424 ffff 

  0x000002432e179310: ;   {runtime_call counter_overflow Runtime1 stub}
  0x000002432e179310: ffff e8e9 

  0x000002432e179314: ; ImmutableOopMap {rax=Oop [120]=Oop [128]=Oop [136]=Oop [152]=Oop }
                      ;*synchronization entry
                      ; - java.lang.ClassLoader::defineClassSourceLocation@-1
                      ; - java.lang.ClassLoader::defineClass@12
  0x000002432e179314: e23f 07e9 | 08fd ffff 

  0x000002432e17931c: ;   {runtime_call throw_null_pointer_exception Runtime1 stub}
  0x000002432e17931c: e8df 8d3f 

  0x000002432e179320: ; ImmutableOopMap {rax=Oop [120]=Oop [128]=Oop [136]=Oop [152]=Oop }
                      ;*invokevirtual getCodeSource {reexecute=0 rethrow=0 return_oop=0}
                      ; - java.lang.ClassLoader::defineClassSourceLocation@1
                      ; - java.lang.ClassLoader::defineClass@12
                      ;   {runtime_call throw_null_pointer_exception Runtime1 stub}
  0x000002432e179320: 07e8 da8d 

  0x000002432e179324: ; ImmutableOopMap {rax=Oop r8=Oop [120]=Oop [128]=Oop [136]=Oop [152]=Oop }
                      ;*invokevirtual getLocation {reexecute=0 rethrow=0 return_oop=0}
                      ; - java.lang.ClassLoader::defineClassSourceLocation@12
                      ; - java.lang.ClassLoader::defineClass@12
                      ;   {runtime_call throw_null_pointer_exception Runtime1 stub}
  0x000002432e179324: 3f07 e8d5 

  0x000002432e179328: ; ImmutableOopMap {rdx=Oop [120]=Oop [128]=Oop [136]=Oop [152]=Oop }
                      ;*invokevirtual toString {reexecute=0 rethrow=0 return_oop=0}
                      ; - java.lang.ClassLoader::defineClassSourceLocation@22
                      ; - java.lang.ClassLoader::defineClass@12
                      ;   {metadata({method} {0x000002434101abf0} 'toString' '()Ljava/lang/String;' in 'java/net/URL')}
  0x000002432e179328: 8d3f 0749 | bae8 ab01 | 4143 0200 | 004c 8954 | 2408 48c7 | 0424 ffff 

  0x000002432e179340: ;   {runtime_call counter_overflow Runtime1 stub}
  0x000002432e179340: ffff e8b9 

  0x000002432e179344: ; ImmutableOopMap {rdx=Oop [120]=Oop [128]=Oop [136]=Oop [152]=Oop }
                      ;*synchronization entry
                      ; - java.net.URL::toString@-1
                      ; - java.lang.ClassLoader::defineClassSourceLocation@22
                      ; - java.lang.ClassLoader::defineClass@12
  0x000002432e179344: e23f 07e9 | dffd ffff 

  0x000002432e17934c: ;   {metadata({method} {0x0000024341428650} 'toExternalForm' '()Ljava/lang/String;' in 'java/net/URL')}
  0x000002432e17934c: 49ba 4886 | 4241 4302 | 0000 4c89 | 5424 0848 | c704 24ff 

  0x000002432e179360: ;   {runtime_call counter_overflow Runtime1 stub}
  0x000002432e179360: ffff ffe8 

  0x000002432e179364: ; ImmutableOopMap {rdx=Oop [120]=Oop [128]=Oop [136]=Oop [152]=Oop }
                      ;*synchronization entry
                      ; - java.net.URL::toExternalForm@-1
                      ; - java.net.URL::toString@1
                      ; - java.lang.ClassLoader::defineClassSourceLocation@22
                      ; - java.lang.ClassLoader::defineClass@12
  0x000002432e179364: 98e2 3f07 | e9fc fdff 

  0x000002432e17936c: ;   {runtime_call throw_null_pointer_exception Runtime1 stub}
  0x000002432e17936c: ffe8 8e8d 

  0x000002432e179370: ; ImmutableOopMap {rdx=Oop rsi=Oop [120]=Oop [128]=Oop [136]=Oop [152]=Oop }
                      ;*invokevirtual toExternalForm {reexecute=0 rethrow=0 return_oop=0}
                      ; - java.net.URL::toExternalForm@5
                      ; - java.net.URL::toString@1
                      ; - java.lang.ClassLoader::defineClassSourceLocation@22
                      ; - java.lang.ClassLoader::defineClass@12
                      ;   {internal_word}
  0x000002432e179370: 3f07 49ba | cc92 172e | 4302 0000 | 4d89 9768 

  0x000002432e179380: ;   {runtime_call SafepointBlob}
  0x000002432e179380: 0400 00e9 | f8c0 3207 | 498b 8700 | 0500 0049 | c787 0005 | 0000 0000 | 0000 49c7 | 8708 0500 
  0x000002432e1793a0: 0000 0000 | 0048 81c4 | b000 0000 

  0x000002432e1793ac: ;   {runtime_call unwind_exception Runtime1 stub}
  0x000002432e1793ac: 5de9 4e7e | 3f07 f4f4 | f4f4 f4f4 
[Stub Code]
  0x000002432e1793b8: ;   {no_reloc}
  0x000002432e1793b8: 0f1f 4400 

  0x000002432e1793bc: ;   {static_stub}
  0x000002432e1793bc: 0048 bb00 | 0000 0000 

  0x000002432e1793c4: ;   {runtime_call nmethod}
  0x000002432e1793c4: 0000 00e9 | fbff ffff 

  0x000002432e1793cc: ;   {static_stub}
  0x000002432e1793cc: 48bb 004b | 4341 4302 

  0x000002432e1793d4: ;   {runtime_call I2C/C2I adapters}
  0x000002432e1793d4: 0000 e990 

  0x000002432e1793d8: ;   {static_stub}
  0x000002432e1793d8: 1a32 0748 | bb00 0000 | 0000 0000 

  0x000002432e1793e4: ;   {runtime_call nmethod}
  0x000002432e1793e4: 00e9 fbff 

  0x000002432e1793e8: ;   {static_stub}
  0x000002432e1793e8: ffff 48bb | 0000 0000 | 0000 0000 

  0x000002432e1793f4: ;   {runtime_call nmethod}
  0x000002432e1793f4: e9fb ffff 

  0x000002432e1793f8: ;   {runtime_call handle_exception_from_callee Runtime1 stub}
  0x000002432e1793f8: ffe8 02ab 

  0x000002432e1793fc: ;   {external_word}
  0x000002432e1793fc: 3f07 48b9 | 4063 655a | f97f 0000 | 4883 e4f0 

  0x000002432e17940c: ;   {runtime_call}
  0x000002432e17940c: 48b8 d0c4 | 275a f97f | 0000 ffd0 

  0x000002432e179418: ;   {section_word}
  0x000002432e179418: f449 ba19 | 9417 2e43 | 0200 0041 

  0x000002432e179424: ;   {runtime_call DeoptimizationBlob}
  0x000002432e179424: 52e9 f6b2 | 3207 f4f4 | f4f4 f4f4 
[/MachCode]


Compiled method (c1) 58874 1528       3       java.security.SecureClassLoader::defineClass (16 bytes)
 total in heap  [0x000002432e21d590,0x000002432e21d990] = 1024
 relocation     [0x000002432e21d6f0,0x000002432e21d740] = 80
 main code      [0x000002432e21d740,0x000002432e21d898] = 344
 stub code      [0x000002432e21d898,0x000002432e21d8e8] = 80
 metadata       [0x000002432e21d8e8,0x000002432e21d8f0] = 8
 scopes data    [0x000002432e21d8f0,0x000002432e21d938] = 72
 scopes pcs     [0x000002432e21d938,0x000002432e21d988] = 80
 dependencies   [0x000002432e21d988,0x000002432e21d990] = 8

[Constant Pool (empty)]

[MachCode]
[Entry Point]
  # {method} {0x000002434104e0e8} 'defineClass' '(Ljava/lang/String;[BIILjava/security/CodeSource;)Ljava/lang/Class;' in 'java/security/SecureClassLoader'
  # this:     rdx:rdx   = 'java/security/SecureClassLoader'
  # parm0:    r8:r8     = 'java/lang/String'
  # parm1:    r9:r9     = '[B'
  # parm2:    rdi       = int
  # parm3:    rsi       = int
  # parm4:    rcx:rcx   = 'java/security/CodeSource'
  #           [sp+0x80]  (sp of caller)
  0x000002432e21d740: 448b 5208 | 49bb 0000 | 0041 4302 | 0000 4d03 | d34c 3bd0 

  0x000002432e21d754: ;   {runtime_call ic_miss_stub}
  0x000002432e21d754: 0f85 2610 | 2807 660f | 1f44 0000 
[Verified Entry Point]
  0x000002432e21d760: 8984 2400 | 80ff ff55 | 4883 ec70 | 4181 7f20 | 0100 0000 

  0x000002432e21d774: ;   {runtime_call StubRoutines (final stubs)}
  0x000002432e21d774: 7405 e825 

  0x000002432e21d778: ;   {metadata(method data for {method} {0x000002434104e0e8} 'defineClass' '(Ljava/lang/String;[BIILjava/security/CodeSource;)Ljava/lang/Class;' in 'java/security/SecureClassLoader')}
  0x000002432e21d778: 8d26 0748 | bb78 f318 | 5643 0200 | 008b 83cc | 0000 0083 | c002 8983 | cc00 0000 | 25fe 0700 
  0x000002432e21d798: 0085 c00f | 8496 0000 | 0089 7424 | 5c89 7c24 | 584c 894c | 2450 4c89 | 4424 4848 

  0x000002432e21d7b4: ;   {metadata(method data for {method} {0x000002434104e0e8} 'defineClass' '(Ljava/lang/String;[BIILjava/security/CodeSource;)Ljava/lang/Class;' in 'java/security/SecureClassLoader')}
  0x000002432e21d7b4: 8bda 48b8 | 78f3 1856 | 4302 0000 | 4883 8010 | 0100 0001 | 4c8b c148 | 8bc2 488b | d048 8944 
  0x000002432e21d7d4: ;   {optimized virtual_call}
  0x000002432e21d7d4: 2440 90e8 

  0x000002432e21d7d8: ; ImmutableOopMap {[64]=Oop [72]=Oop [80]=Oop }
                      ;*invokevirtual getProtectionDomain {reexecute=0 rethrow=0 return_oop=0}
                      ; - java.security.SecureClassLoader::defineClass@9
  0x000002432e21d7d8: 449f f5ff 

  0x000002432e21d7dc: ;   {other}
  0x000002432e21d7dc: 0f1f 8400 | 4c02 0000 | 488b 5424 

  0x000002432e21d7e8: ;   {metadata(method data for {method} {0x000002434104e0e8} 'defineClass' '(Ljava/lang/String;[BIILjava/security/CodeSource;)Ljava/lang/Class;' in 'java/security/SecureClassLoader')}
  0x000002432e21d7e8: 4049 b878 | f318 5643 | 0200 0049 | 8380 4801 | 0000 014c | 8b44 2448 | 4c8b 4c24 | 508b 7c24 
  0x000002432e21d808: 588b 7424 | 5c48 8bc8 | 488b 5424 

  0x000002432e21d814: ;   {optimized virtual_call}
  0x000002432e21d814: 4066 90e8 

  0x000002432e21d818: ; ImmutableOopMap {}
                      ;*invokevirtual defineClass {reexecute=0 rethrow=0 return_oop=0}
                      ; - java.security.SecureClassLoader::defineClass@12
  0x000002432e21d818: 24b7 f5ff 

  0x000002432e21d81c: ;   {other}
  0x000002432e21d81c: 0f1f 8400 | 8c02 0001 | 4883 c470 

  0x000002432e21d828: ;   {poll_return}
  0x000002432e21d828: 5d49 3ba7 | 5004 0000 | 0f87 2200 

  0x000002432e21d834: ;   {metadata({method} {0x000002434104e0e8} 'defineClass' '(Ljava/lang/String;[BIILjava/security/CodeSource;)Ljava/lang/Class;' in 'java/security/SecureClassLoader')}
  0x000002432e21d834: 0000 c349 | bae0 e004 | 4143 0200 | 004c 8954 | 2408 48c7 | 0424 ffff 

  0x000002432e21d84c: ;   {runtime_call counter_overflow Runtime1 stub}
  0x000002432e21d84c: ffff e8ad 

  0x000002432e21d850: ; ImmutableOopMap {rdx=Oop r8=Oop r9=Oop rcx=Oop }
                      ;*synchronization entry
                      ; - java.security.SecureClassLoader::defineClass@-1
  0x000002432e21d850: 9d35 07e9 | 49ff ffff 

  0x000002432e21d858: ;   {internal_word}
  0x000002432e21d858: 49ba 29d8 | 212e 4302 | 0000 4d89 | 9768 0400 

  0x000002432e21d868: ;   {runtime_call SafepointBlob}
  0x000002432e21d868: 00e9 127c | 2807 498b | 8700 0500 | 0049 c787 | 0005 0000 | 0000 0000 | 49c7 8708 | 0500 0000 
  0x000002432e21d888: 0000 0048 | 83c4 705d 

  0x000002432e21d890: ;   {runtime_call unwind_exception Runtime1 stub}
  0x000002432e21d890: e96b 3935 | 07f4 f4f4 
[Stub Code]
  0x000002432e21d898: ;   {no_reloc}
  0x000002432e21d898: 48bb 0000 | 0000 0000 

  0x000002432e21d8a0: ;   {runtime_call nmethod}
  0x000002432e21d8a0: 0000 e9fb 

  0x000002432e21d8a4: ;   {static_stub}
  0x000002432e21d8a4: ffff ff48 | bb00 0000 | 0000 0000 

  0x000002432e21d8b0: ;   {runtime_call nmethod}
  0x000002432e21d8b0: 00e9 fbff 

  0x000002432e21d8b4: ;   {runtime_call handle_exception_from_callee Runtime1 stub}
  0x000002432e21d8b4: ffff e845 

  0x000002432e21d8b8: ;   {external_word}
  0x000002432e21d8b8: 6635 0748 | b940 6365 | 5af9 7f00 | 0048 83e4 

  0x000002432e21d8c8: ;   {runtime_call}
  0x000002432e21d8c8: f048 b8d0 | c427 5af9 | 7f00 00ff 

  0x000002432e21d8d4: ;   {section_word}
  0x000002432e21d8d4: d0f4 49ba | d6d8 212e | 4302 0000 

  0x000002432e21d8e0: ;   {runtime_call DeoptimizationBlob}
  0x000002432e21d8e0: 4152 e939 | 6e28 07f4 
[/MachCode]


---------------  P R O C E S S  ---------------

Threads class SMR info:
_java_thread_list=0x000002435b348540, length=25, elements={
0x000002432ad20260, 0x00000243406d2e00, 0x00000243406d83f0, 0x00000243406e0820,
0x00000243406e1280, 0x00000243406e33c0, 0x00000243406e3e20, 0x00000243406e4bb0,
0x00000243406e98b0, 0x0000024340971650, 0x00000243409a72f0, 0x000002435b306cf0,
0x000002435b3fc470, 0x000002435aa1d460, 0x000002435a68fc30, 0x000002435b7b18a0,
0x000002435b37b400, 0x000002435b285870, 0x000002435b12aeb0, 0x000002435b129b00,
0x000002435b12c260, 0x000002435b12b540, 0x000002435b129470, 0x000002435b12bbd0,
0x000002435b12a190
}

Java Threads: ( => current thread )
  0x000002432ad20260 JavaThread "main"                              [_thread_blocked, id=33500, stack(0x000000795c800000,0x000000795c900000) (1024K)]
  0x00000243406d2e00 JavaThread "Reference Handler"          daemon [_thread_blocked, id=28216, stack(0x000000795d000000,0x000000795d100000) (1024K)]
  0x00000243406d83f0 JavaThread "Finalizer"                  daemon [_thread_blocked, id=3328, stack(0x000000795d100000,0x000000795d200000) (1024K)]
  0x00000243406e0820 JavaThread "Signal Dispatcher"          daemon [_thread_blocked, id=28324, stack(0x000000795d200000,0x000000795d300000) (1024K)]
  0x00000243406e1280 JavaThread "Attach Listener"            daemon [_thread_blocked, id=21928, stack(0x000000795d300000,0x000000795d400000) (1024K)]
  0x00000243406e33c0 JavaThread "Service Thread"             daemon [_thread_blocked, id=22616, stack(0x000000795d400000,0x000000795d500000) (1024K)]
  0x00000243406e3e20 JavaThread "Monitor Deflation Thread"   daemon [_thread_blocked, id=29240, stack(0x000000795d500000,0x000000795d600000) (1024K)]
  0x00000243406e4bb0 JavaThread "C2 CompilerThread0"         daemon [_thread_blocked, id=32532, stack(0x000000795d600000,0x000000795d700000) (1024K)]
  0x00000243406e98b0 JavaThread "C1 CompilerThread0"         daemon [_thread_in_vm, id=33800, stack(0x000000795d700000,0x000000795d800000) (1024K)]
  0x0000024340971650 JavaThread "Common-Cleaner"             daemon [_thread_blocked, id=26648, stack(0x000000795d800000,0x000000795d900000) (1024K)]
  0x00000243409a72f0 JavaThread "Notification Thread"        daemon [_thread_blocked, id=33176, stack(0x000000795d900000,0x000000795da00000) (1024K)]
  0x000002435b306cf0 JavaThread "Daemon health stats"               [_thread_blocked, id=13276, stack(0x000000795df00000,0x000000795e000000) (1024K)]
  0x000002435b3fc470 JavaThread "Incoming local TCP Connector on port 53695"        [_thread_in_native, id=25444, stack(0x000000795c600000,0x000000795c700000) (1024K)]
  0x000002435aa1d460 JavaThread "Daemon periodic checks"            [_thread_blocked, id=5484, stack(0x000000795e000000,0x000000795e100000) (1024K)]
  0x000002435a68fc30 JavaThread "Daemon"                            [_thread_blocked, id=33232, stack(0x000000795e100000,0x000000795e200000) (1024K)]
  0x000002435b7b18a0 JavaThread "Handler for socket connection from /127.0.0.1:53695 to /127.0.0.1:53697"        [_thread_in_native, id=29420, stack(0x000000795e200000,0x000000795e300000) (1024K)]
  0x000002435b37b400 JavaThread "Cancel handler"                    [_thread_blocked, id=11552, stack(0x000000795e300000,0x000000795e400000) (1024K)]
=>0x000002435b285870 JavaThread "Daemon worker"                     [_thread_in_vm, id=30640, stack(0x000000795e400000,0x000000795e500000) (1024K)]
  0x000002435b12aeb0 JavaThread "Asynchronous log dispatcher for DefaultDaemonConnection: socket connection from /127.0.0.1:53695 to /127.0.0.1:53697"        [_thread_blocked, id=7308, stack(0x000000795e500000,0x000000795e600000) (1024K)]
  0x000002435b129b00 JavaThread "Stdin handler"                     [_thread_blocked, id=15688, stack(0x000000795e600000,0x000000795e700000) (1024K)]
  0x000002435b12c260 JavaThread "Daemon client event forwarder"        [_thread_blocked, id=10540, stack(0x000000795e700000,0x000000795e800000) (1024K)]
  0x000002435b12b540 JavaThread "Cache worker for journal cache (C:\Users\USER\.gradle\caches\journal-1)"        [_thread_blocked, id=6296, stack(0x000000795e800000,0x000000795e900000) (1024K)]
  0x000002435b129470 JavaThread "File lock request listener"        [_thread_in_native, id=18576, stack(0x000000795e900000,0x000000795ea00000) (1024K)]
  0x000002435b12bbd0 JavaThread "Cache worker for file hash cache (C:\Users\USER\.gradle\caches\8.9\fileHashes)"        [_thread_blocked, id=30300, stack(0x000000795ea00000,0x000000795eb00000) (1024K)]
  0x000002435b12a190 JavaThread "File lock release action executor"        [_thread_blocked, id=31236, stack(0x000000795eb00000,0x000000795ec00000) (1024K)]
Total: 25

Other Threads:
  0x00000243406b55c0 VMThread "VM Thread"                           [id=22332, stack(0x000000795cf00000,0x000000795d000000) (1024K)] _threads_hazard_ptr=0x000002435b348540
  0x00000243406a5080 WatcherThread "VM Periodic Task Thread"        [id=9136, stack(0x000000795ce00000,0x000000795cf00000) (1024K)]
  0x000002432ad4a610 WorkerThread "GC Thread#0"                     [id=21572, stack(0x000000795c900000,0x000000795ca00000) (1024K)]
  0x000002435a1f3d90 WorkerThread "GC Thread#1"                     [id=35624, stack(0x000000795da00000,0x000000795db00000) (1024K)]
  0x00000243409b4f80 WorkerThread "GC Thread#2"                     [id=26128, stack(0x000000795db00000,0x000000795dc00000) (1024K)]
  0x000002435a38f830 WorkerThread "GC Thread#3"                     [id=17412, stack(0x000000795dc00000,0x000000795dd00000) (1024K)]
  0x0000024340a3e150 WorkerThread "GC Thread#4"                     [id=2544, stack(0x000000795dd00000,0x000000795de00000) (1024K)]
  0x0000024340a3e500 WorkerThread "GC Thread#5"                     [id=10352, stack(0x000000795de00000,0x000000795df00000) (1024K)]
  0x000002432ad4fd20 ConcurrentGCThread "G1 Main Marker"            [id=30008, stack(0x000000795ca00000,0x000000795cb00000) (1024K)]
  0x000002432ad50740 WorkerThread "G1 Conc#0"                       [id=28792, stack(0x000000795cb00000,0x000000795cc00000) (1024K)]
  0x00000243405745e0 ConcurrentGCThread "G1 Refine#0"               [id=34280, stack(0x000000795cc00000,0x000000795cd00000) (1024K)]
  0x0000024340574e10 ConcurrentGCThread "G1 Service"                [id=33812, stack(0x000000795cd00000,0x000000795ce00000) (1024K)]
Total: 12

Threads with active compile tasks:
C1 CompilerThread0  58887 2976       3       org.gradle.internal.serialize.AbstractDecoder::readBinary (16 bytes)
Total: 1

VM state: synchronizing (normal execution)

VM Mutex/Monitor currently owned by a thread:  ([mutex/lock_event])
[0x00007ff95a90d4f0] Metaspace_lock - owner thread: 0x000002435b285870
[0x00007ff95a90f570] Threads_lock - owner thread: 0x00000243406b55c0

Heap address: 0x00000000e0000000, size: 512 MB, Compressed Oops mode: 32-bit

CDS archive(s) mapped at: [0x0000024341000000-0x0000024341ba0000-0x0000024341ba0000), size 12189696, SharedBaseAddress: 0x0000024341000000, ArchiveRelocationMode: 1.
Compressed class space mapped at: 0x0000024342000000-0x0000024356000000, reserved size: 335544320
Narrow klass base: 0x0000024341000000, Narrow klass shift: 0, Narrow klass range: 0x100000000

GC Precious Log:
 CardTable entry size: 512
 Card Set container configuration: InlinePtr #cards 5 size 8 Array Of Cards #cards 12 size 40 Howl #buckets 4 coarsen threshold 1843 Howl Bitmap #cards 512 size 80 coarsen threshold 460 Card regions per heap region 1 cards per card region 2048
 CPUs: 8 total, 8 available
 Memory: 7835M
 Large Page Support: Disabled
 NUMA Support: Disabled
 Compressed Oops: Enabled (32-bit)
 Heap Region Size: 1M
 Heap Min Capacity: 256M
 Heap Initial Capacity: 256M
 Heap Max Capacity: 512M
 Pre-touch: Disabled
 Parallel Workers: 8
 Concurrent Workers: 2
 Concurrent Refinement Workers: 8
 Periodic GC: Disabled

Heap:
 garbage-first heap   total 262144K, used 114477K [0x00000000e0000000, 0x0000000100000000)
  region size 1024K, 101 young (103424K), 2 survivors (2048K)
 Metaspace       used 16987K, committed 17472K, reserved 393216K
  class space    used 2402K, committed 2624K, reserved 327680K

Heap Regions: E=young(eden), S=young(survivor), O=old, HS=humongous(starts), HC=humongous(continues), CS=collection set, F=free, TAMS=top-at-mark-start, PB=parsable bottom
|   0|0x00000000e0000000, 0x00000000e0100000, 0x00000000e0100000|100%|HS|  |TAMS 0x00000000e0000000| PB 0x00000000e0000000| Complete 
|   1|0x00000000e0100000, 0x00000000e0200000, 0x00000000e0200000|100%|HC|  |TAMS 0x00000000e0100000| PB 0x00000000e0100000| Complete 
|   2|0x00000000e0200000, 0x00000000e0300000, 0x00000000e0300000|100%|HC|  |TAMS 0x00000000e0200000| PB 0x00000000e0200000| Complete 
|   3|0x00000000e0300000, 0x00000000e0400000, 0x00000000e0400000|100%|HC|  |TAMS 0x00000000e0300000| PB 0x00000000e0300000| Complete 
|   4|0x00000000e0400000, 0x00000000e0500000, 0x00000000e0500000|100%| O|  |TAMS 0x00000000e0400000| PB 0x00000000e0400000| Untracked 
|   5|0x00000000e0500000, 0x00000000e0600000, 0x00000000e0600000|100%| O|  |TAMS 0x00000000e0500000| PB 0x00000000e0500000| Untracked 
|   6|0x00000000e0600000, 0x00000000e0700000, 0x00000000e0700000|100%| O|  |TAMS 0x00000000e0600000| PB 0x00000000e0600000| Untracked 
|   7|0x00000000e0700000, 0x00000000e0800000, 0x00000000e0800000|100%| O|  |TAMS 0x00000000e0700000| PB 0x00000000e0700000| Untracked 
|   8|0x00000000e0800000, 0x00000000e0900000, 0x00000000e0900000|100%| O|  |TAMS 0x00000000e0800000| PB 0x00000000e0800000| Untracked 
|   9|0x00000000e0900000, 0x00000000e0a00000, 0x00000000e0a00000|100%| O|  |TAMS 0x00000000e0900000| PB 0x00000000e0900000| Untracked 
|  10|0x00000000e0a00000, 0x00000000e0a37928, 0x00000000e0b00000| 21%| O|  |TAMS 0x00000000e0a00000| PB 0x00000000e0a00000| Untracked 
|  11|0x00000000e0b00000, 0x00000000e0c00000, 0x00000000e0c00000|100%|HS|  |TAMS 0x00000000e0b00000| PB 0x00000000e0b00000| Complete 
|  12|0x00000000e0c00000, 0x00000000e0d00000, 0x00000000e0d00000|100%|HS|  |TAMS 0x00000000e0c00000| PB 0x00000000e0c00000| Complete 
|  13|0x00000000e0d00000, 0x00000000e0d00000, 0x00000000e0e00000|  0%| F|  |TAMS 0x00000000e0d00000| PB 0x00000000e0d00000| Untracked 
|  14|0x00000000e0e00000, 0x00000000e0e00000, 0x00000000e0f00000|  0%| F|  |TAMS 0x00000000e0e00000| PB 0x00000000e0e00000| Untracked 
|  15|0x00000000e0f00000, 0x00000000e0f00000, 0x00000000e1000000|  0%| F|  |TAMS 0x00000000e0f00000| PB 0x00000000e0f00000| Untracked 
|  16|0x00000000e1000000, 0x00000000e1000000, 0x00000000e1100000|  0%| F|  |TAMS 0x00000000e1000000| PB 0x00000000e1000000| Untracked 
|  17|0x00000000e1100000, 0x00000000e1100000, 0x00000000e1200000|  0%| F|  |TAMS 0x00000000e1100000| PB 0x00000000e1100000| Untracked 
|  18|0x00000000e1200000, 0x00000000e1200000, 0x00000000e1300000|  0%| F|  |TAMS 0x00000000e1200000| PB 0x00000000e1200000| Untracked 
|  19|0x00000000e1300000, 0x00000000e1300000, 0x00000000e1400000|  0%| F|  |TAMS 0x00000000e1300000| PB 0x00000000e1300000| Untracked 
|  20|0x00000000e1400000, 0x00000000e1400000, 0x00000000e1500000|  0%| F|  |TAMS 0x00000000e1400000| PB 0x00000000e1400000| Untracked 
|  21|0x00000000e1500000, 0x00000000e1500000, 0x00000000e1600000|  0%| F|  |TAMS 0x00000000e1500000| PB 0x00000000e1500000| Untracked 
|  22|0x00000000e1600000, 0x00000000e1600000, 0x00000000e1700000|  0%| F|  |TAMS 0x00000000e1600000| PB 0x00000000e1600000| Untracked 
|  23|0x00000000e1700000, 0x00000000e1700000, 0x00000000e1800000|  0%| F|  |TAMS 0x00000000e1700000| PB 0x00000000e1700000| Untracked 
|  24|0x00000000e1800000, 0x00000000e1800000, 0x00000000e1900000|  0%| F|  |TAMS 0x00000000e1800000| PB 0x00000000e1800000| Untracked 
|  25|0x00000000e1900000, 0x00000000e1900000, 0x00000000e1a00000|  0%| F|  |TAMS 0x00000000e1900000| PB 0x00000000e1900000| Untracked 
|  26|0x00000000e1a00000, 0x00000000e1a00000, 0x00000000e1b00000|  0%| F|  |TAMS 0x00000000e1a00000| PB 0x00000000e1a00000| Untracked 
|  27|0x00000000e1b00000, 0x00000000e1b00000, 0x00000000e1c00000|  0%| F|  |TAMS 0x00000000e1b00000| PB 0x00000000e1b00000| Untracked 
|  28|0x00000000e1c00000, 0x00000000e1c00000, 0x00000000e1d00000|  0%| F|  |TAMS 0x00000000e1c00000| PB 0x00000000e1c00000| Untracked 
|  29|0x00000000e1d00000, 0x00000000e1d00000, 0x00000000e1e00000|  0%| F|  |TAMS 0x00000000e1d00000| PB 0x00000000e1d00000| Untracked 
|  30|0x00000000e1e00000, 0x00000000e1e00000, 0x00000000e1f00000|  0%| F|  |TAMS 0x00000000e1e00000| PB 0x00000000e1e00000| Untracked 
|  31|0x00000000e1f00000, 0x00000000e1f00000, 0x00000000e2000000|  0%| F|  |TAMS 0x00000000e1f00000| PB 0x00000000e1f00000| Untracked 
|  32|0x00000000e2000000, 0x00000000e2000000, 0x00000000e2100000|  0%| F|  |TAMS 0x00000000e2000000| PB 0x00000000e2000000| Untracked 
|  33|0x00000000e2100000, 0x00000000e2100000, 0x00000000e2200000|  0%| F|  |TAMS 0x00000000e2100000| PB 0x00000000e2100000| Untracked 
|  34|0x00000000e2200000, 0x00000000e2200000, 0x00000000e2300000|  0%| F|  |TAMS 0x00000000e2200000| PB 0x00000000e2200000| Untracked 
|  35|0x00000000e2300000, 0x00000000e2300000, 0x00000000e2400000|  0%| F|  |TAMS 0x00000000e2300000| PB 0x00000000e2300000| Untracked 
|  36|0x00000000e2400000, 0x00000000e2400000, 0x00000000e2500000|  0%| F|  |TAMS 0x00000000e2400000| PB 0x00000000e2400000| Untracked 
|  37|0x00000000e2500000, 0x00000000e2500000, 0x00000000e2600000|  0%| F|  |TAMS 0x00000000e2500000| PB 0x00000000e2500000| Untracked 
|  38|0x00000000e2600000, 0x00000000e2600000, 0x00000000e2700000|  0%| F|  |TAMS 0x00000000e2600000| PB 0x00000000e2600000| Untracked 
|  39|0x00000000e2700000, 0x00000000e2700000, 0x00000000e2800000|  0%| F|  |TAMS 0x00000000e2700000| PB 0x00000000e2700000| Untracked 
|  40|0x00000000e2800000, 0x00000000e2800000, 0x00000000e2900000|  0%| F|  |TAMS 0x00000000e2800000| PB 0x00000000e2800000| Untracked 
|  41|0x00000000e2900000, 0x00000000e2900000, 0x00000000e2a00000|  0%| F|  |TAMS 0x00000000e2900000| PB 0x00000000e2900000| Untracked 
|  42|0x00000000e2a00000, 0x00000000e2a00000, 0x00000000e2b00000|  0%| F|  |TAMS 0x00000000e2a00000| PB 0x00000000e2a00000| Untracked 
|  43|0x00000000e2b00000, 0x00000000e2b00000, 0x00000000e2c00000|  0%| F|  |TAMS 0x00000000e2b00000| PB 0x00000000e2b00000| Untracked 
|  44|0x00000000e2c00000, 0x00000000e2c00000, 0x00000000e2d00000|  0%| F|  |TAMS 0x00000000e2c00000| PB 0x00000000e2c00000| Untracked 
|  45|0x00000000e2d00000, 0x00000000e2d00000, 0x00000000e2e00000|  0%| F|  |TAMS 0x00000000e2d00000| PB 0x00000000e2d00000| Untracked 
|  46|0x00000000e2e00000, 0x00000000e2e00000, 0x00000000e2f00000|  0%| F|  |TAMS 0x00000000e2e00000| PB 0x00000000e2e00000| Untracked 
|  47|0x00000000e2f00000, 0x00000000e2f00000, 0x00000000e3000000|  0%| F|  |TAMS 0x00000000e2f00000| PB 0x00000000e2f00000| Untracked 
|  48|0x00000000e3000000, 0x00000000e3000000, 0x00000000e3100000|  0%| F|  |TAMS 0x00000000e3000000| PB 0x00000000e3000000| Untracked 
|  49|0x00000000e3100000, 0x00000000e3100000, 0x00000000e3200000|  0%| F|  |TAMS 0x00000000e3100000| PB 0x00000000e3100000| Untracked 
|  50|0x00000000e3200000, 0x00000000e3200000, 0x00000000e3300000|  0%| F|  |TAMS 0x00000000e3200000| PB 0x00000000e3200000| Untracked 
|  51|0x00000000e3300000, 0x00000000e3300000, 0x00000000e3400000|  0%| F|  |TAMS 0x00000000e3300000| PB 0x00000000e3300000| Untracked 
|  52|0x00000000e3400000, 0x00000000e3400000, 0x00000000e3500000|  0%| F|  |TAMS 0x00000000e3400000| PB 0x00000000e3400000| Untracked 
|  53|0x00000000e3500000, 0x00000000e3500000, 0x00000000e3600000|  0%| F|  |TAMS 0x00000000e3500000| PB 0x00000000e3500000| Untracked 
|  54|0x00000000e3600000, 0x00000000e3600000, 0x00000000e3700000|  0%| F|  |TAMS 0x00000000e3600000| PB 0x00000000e3600000| Untracked 
|  55|0x00000000e3700000, 0x00000000e3700000, 0x00000000e3800000|  0%| F|  |TAMS 0x00000000e3700000| PB 0x00000000e3700000| Untracked 
|  56|0x00000000e3800000, 0x00000000e3800000, 0x00000000e3900000|  0%| F|  |TAMS 0x00000000e3800000| PB 0x00000000e3800000| Untracked 
|  57|0x00000000e3900000, 0x00000000e3900000, 0x00000000e3a00000|  0%| F|  |TAMS 0x00000000e3900000| PB 0x00000000e3900000| Untracked 
|  58|0x00000000e3a00000, 0x00000000e3a00000, 0x00000000e3b00000|  0%| F|  |TAMS 0x00000000e3a00000| PB 0x00000000e3a00000| Untracked 
|  59|0x00000000e3b00000, 0x00000000e3b00000, 0x00000000e3c00000|  0%| F|  |TAMS 0x00000000e3b00000| PB 0x00000000e3b00000| Untracked 
|  60|0x00000000e3c00000, 0x00000000e3c00000, 0x00000000e3d00000|  0%| F|  |TAMS 0x00000000e3c00000| PB 0x00000000e3c00000| Untracked 
|  61|0x00000000e3d00000, 0x00000000e3d00000, 0x00000000e3e00000|  0%| F|  |TAMS 0x00000000e3d00000| PB 0x00000000e3d00000| Untracked 
|  62|0x00000000e3e00000, 0x00000000e3e00000, 0x00000000e3f00000|  0%| F|  |TAMS 0x00000000e3e00000| PB 0x00000000e3e00000| Untracked 
|  63|0x00000000e3f00000, 0x00000000e3f00000, 0x00000000e4000000|  0%| F|  |TAMS 0x00000000e3f00000| PB 0x00000000e3f00000| Untracked 
|  64|0x00000000e4000000, 0x00000000e4000000, 0x00000000e4100000|  0%| F|  |TAMS 0x00000000e4000000| PB 0x00000000e4000000| Untracked 
|  65|0x00000000e4100000, 0x00000000e4100000, 0x00000000e4200000|  0%| F|  |TAMS 0x00000000e4100000| PB 0x00000000e4100000| Untracked 
|  66|0x00000000e4200000, 0x00000000e4200000, 0x00000000e4300000|  0%| F|  |TAMS 0x00000000e4200000| PB 0x00000000e4200000| Untracked 
|  67|0x00000000e4300000, 0x00000000e4300000, 0x00000000e4400000|  0%| F|  |TAMS 0x00000000e4300000| PB 0x00000000e4300000| Untracked 
|  68|0x00000000e4400000, 0x00000000e4400000, 0x00000000e4500000|  0%| F|  |TAMS 0x00000000e4400000| PB 0x00000000e4400000| Untracked 
|  69|0x00000000e4500000, 0x00000000e4500000, 0x00000000e4600000|  0%| F|  |TAMS 0x00000000e4500000| PB 0x00000000e4500000| Untracked 
|  70|0x00000000e4600000, 0x00000000e4600000, 0x00000000e4700000|  0%| F|  |TAMS 0x00000000e4600000| PB 0x00000000e4600000| Untracked 
|  71|0x00000000e4700000, 0x00000000e4700000, 0x00000000e4800000|  0%| F|  |TAMS 0x00000000e4700000| PB 0x00000000e4700000| Untracked 
|  72|0x00000000e4800000, 0x00000000e4800000, 0x00000000e4900000|  0%| F|  |TAMS 0x00000000e4800000| PB 0x00000000e4800000| Untracked 
|  73|0x00000000e4900000, 0x00000000e4900000, 0x00000000e4a00000|  0%| F|  |TAMS 0x00000000e4900000| PB 0x00000000e4900000| Untracked 
|  74|0x00000000e4a00000, 0x00000000e4a00000, 0x00000000e4b00000|  0%| F|  |TAMS 0x00000000e4a00000| PB 0x00000000e4a00000| Untracked 
|  75|0x00000000e4b00000, 0x00000000e4b00000, 0x00000000e4c00000|  0%| F|  |TAMS 0x00000000e4b00000| PB 0x00000000e4b00000| Untracked 
|  76|0x00000000e4c00000, 0x00000000e4c00000, 0x00000000e4d00000|  0%| F|  |TAMS 0x00000000e4c00000| PB 0x00000000e4c00000| Untracked 
|  77|0x00000000e4d00000, 0x00000000e4d00000, 0x00000000e4e00000|  0%| F|  |TAMS 0x00000000e4d00000| PB 0x00000000e4d00000| Untracked 
|  78|0x00000000e4e00000, 0x00000000e4e00000, 0x00000000e4f00000|  0%| F|  |TAMS 0x00000000e4e00000| PB 0x00000000e4e00000| Untracked 
|  79|0x00000000e4f00000, 0x00000000e4f00000, 0x00000000e5000000|  0%| F|  |TAMS 0x00000000e4f00000| PB 0x00000000e4f00000| Untracked 
|  80|0x00000000e5000000, 0x00000000e5000000, 0x00000000e5100000|  0%| F|  |TAMS 0x00000000e5000000| PB 0x00000000e5000000| Untracked 
|  81|0x00000000e5100000, 0x00000000e5100000, 0x00000000e5200000|  0%| F|  |TAMS 0x00000000e5100000| PB 0x00000000e5100000| Untracked 
|  82|0x00000000e5200000, 0x00000000e5200000, 0x00000000e5300000|  0%| F|  |TAMS 0x00000000e5200000| PB 0x00000000e5200000| Untracked 
|  83|0x00000000e5300000, 0x00000000e5300000, 0x00000000e5400000|  0%| F|  |TAMS 0x00000000e5300000| PB 0x00000000e5300000| Untracked 
|  84|0x00000000e5400000, 0x00000000e5400000, 0x00000000e5500000|  0%| F|  |TAMS 0x00000000e5400000| PB 0x00000000e5400000| Untracked 
|  85|0x00000000e5500000, 0x00000000e5500000, 0x00000000e5600000|  0%| F|  |TAMS 0x00000000e5500000| PB 0x00000000e5500000| Untracked 
|  86|0x00000000e5600000, 0x00000000e5600000, 0x00000000e5700000|  0%| F|  |TAMS 0x00000000e5600000| PB 0x00000000e5600000| Untracked 
|  87|0x00000000e5700000, 0x00000000e5700000, 0x00000000e5800000|  0%| F|  |TAMS 0x00000000e5700000| PB 0x00000000e5700000| Untracked 
|  88|0x00000000e5800000, 0x00000000e5800000, 0x00000000e5900000|  0%| F|  |TAMS 0x00000000e5800000| PB 0x00000000e5800000| Untracked 
|  89|0x00000000e5900000, 0x00000000e5900000, 0x00000000e5a00000|  0%| F|  |TAMS 0x00000000e5900000| PB 0x00000000e5900000| Untracked 
|  90|0x00000000e5a00000, 0x00000000e5a00000, 0x00000000e5b00000|  0%| F|  |TAMS 0x00000000e5a00000| PB 0x00000000e5a00000| Untracked 
|  91|0x00000000e5b00000, 0x00000000e5b00000, 0x00000000e5c00000|  0%| F|  |TAMS 0x00000000e5b00000| PB 0x00000000e5b00000| Untracked 
|  92|0x00000000e5c00000, 0x00000000e5c00000, 0x00000000e5d00000|  0%| F|  |TAMS 0x00000000e5c00000| PB 0x00000000e5c00000| Untracked 
|  93|0x00000000e5d00000, 0x00000000e5d00000, 0x00000000e5e00000|  0%| F|  |TAMS 0x00000000e5d00000| PB 0x00000000e5d00000| Untracked 
|  94|0x00000000e5e00000, 0x00000000e5e00000, 0x00000000e5f00000|  0%| F|  |TAMS 0x00000000e5e00000| PB 0x00000000e5e00000| Untracked 
|  95|0x00000000e5f00000, 0x00000000e5f00000, 0x00000000e6000000|  0%| F|  |TAMS 0x00000000e5f00000| PB 0x00000000e5f00000| Untracked 
|  96|0x00000000e6000000, 0x00000000e6000000, 0x00000000e6100000|  0%| F|  |TAMS 0x00000000e6000000| PB 0x00000000e6000000| Untracked 
|  97|0x00000000e6100000, 0x00000000e6100000, 0x00000000e6200000|  0%| F|  |TAMS 0x00000000e6100000| PB 0x00000000e6100000| Untracked 
|  98|0x00000000e6200000, 0x00000000e6200000, 0x00000000e6300000|  0%| F|  |TAMS 0x00000000e6200000| PB 0x00000000e6200000| Untracked 
|  99|0x00000000e6300000, 0x00000000e6300000, 0x00000000e6400000|  0%| F|  |TAMS 0x00000000e6300000| PB 0x00000000e6300000| Untracked 
| 100|0x00000000e6400000, 0x00000000e6400000, 0x00000000e6500000|  0%| F|  |TAMS 0x00000000e6400000| PB 0x00000000e6400000| Untracked 
| 101|0x00000000e6500000, 0x00000000e6500000, 0x00000000e6600000|  0%| F|  |TAMS 0x00000000e6500000| PB 0x00000000e6500000| Untracked 
| 102|0x00000000e6600000, 0x00000000e6600000, 0x00000000e6700000|  0%| F|  |TAMS 0x00000000e6600000| PB 0x00000000e6600000| Untracked 
| 103|0x00000000e6700000, 0x00000000e6700000, 0x00000000e6800000|  0%| F|  |TAMS 0x00000000e6700000| PB 0x00000000e6700000| Untracked 
| 104|0x00000000e6800000, 0x00000000e6800000, 0x00000000e6900000|  0%| F|  |TAMS 0x00000000e6800000| PB 0x00000000e6800000| Untracked 
| 105|0x00000000e6900000, 0x00000000e6900000, 0x00000000e6a00000|  0%| F|  |TAMS 0x00000000e6900000| PB 0x00000000e6900000| Untracked 
| 106|0x00000000e6a00000, 0x00000000e6a00000, 0x00000000e6b00000|  0%| F|  |TAMS 0x00000000e6a00000| PB 0x00000000e6a00000| Untracked 
| 107|0x00000000e6b00000, 0x00000000e6b00000, 0x00000000e6c00000|  0%| F|  |TAMS 0x00000000e6b00000| PB 0x00000000e6b00000| Untracked 
| 108|0x00000000e6c00000, 0x00000000e6c00000, 0x00000000e6d00000|  0%| F|  |TAMS 0x00000000e6c00000| PB 0x00000000e6c00000| Untracked 
| 109|0x00000000e6d00000, 0x00000000e6d00000, 0x00000000e6e00000|  0%| F|  |TAMS 0x00000000e6d00000| PB 0x00000000e6d00000| Untracked 
| 110|0x00000000e6e00000, 0x00000000e6e00000, 0x00000000e6f00000|  0%| F|  |TAMS 0x00000000e6e00000| PB 0x00000000e6e00000| Untracked 
| 111|0x00000000e6f00000, 0x00000000e6f00000, 0x00000000e7000000|  0%| F|  |TAMS 0x00000000e6f00000| PB 0x00000000e6f00000| Untracked 
| 112|0x00000000e7000000, 0x00000000e7000000, 0x00000000e7100000|  0%| F|  |TAMS 0x00000000e7000000| PB 0x00000000e7000000| Untracked 
| 113|0x00000000e7100000, 0x00000000e7100000, 0x00000000e7200000|  0%| F|  |TAMS 0x00000000e7100000| PB 0x00000000e7100000| Untracked 
| 114|0x00000000e7200000, 0x00000000e7200000, 0x00000000e7300000|  0%| F|  |TAMS 0x00000000e7200000| PB 0x00000000e7200000| Untracked 
| 115|0x00000000e7300000, 0x00000000e7300000, 0x00000000e7400000|  0%| F|  |TAMS 0x00000000e7300000| PB 0x00000000e7300000| Untracked 
| 116|0x00000000e7400000, 0x00000000e7400000, 0x00000000e7500000|  0%| F|  |TAMS 0x00000000e7400000| PB 0x00000000e7400000| Untracked 
| 117|0x00000000e7500000, 0x00000000e7500000, 0x00000000e7600000|  0%| F|  |TAMS 0x00000000e7500000| PB 0x00000000e7500000| Untracked 
| 118|0x00000000e7600000, 0x00000000e7600000, 0x00000000e7700000|  0%| F|  |TAMS 0x00000000e7600000| PB 0x00000000e7600000| Untracked 
| 119|0x00000000e7700000, 0x00000000e7700000, 0x00000000e7800000|  0%| F|  |TAMS 0x00000000e7700000| PB 0x00000000e7700000| Untracked 
| 120|0x00000000e7800000, 0x00000000e7800000, 0x00000000e7900000|  0%| F|  |TAMS 0x00000000e7800000| PB 0x00000000e7800000| Untracked 
| 121|0x00000000e7900000, 0x00000000e7900000, 0x00000000e7a00000|  0%| F|  |TAMS 0x00000000e7900000| PB 0x00000000e7900000| Untracked 
| 122|0x00000000e7a00000, 0x00000000e7a00000, 0x00000000e7b00000|  0%| F|  |TAMS 0x00000000e7a00000| PB 0x00000000e7a00000| Untracked 
| 123|0x00000000e7b00000, 0x00000000e7b00000, 0x00000000e7c00000|  0%| F|  |TAMS 0x00000000e7b00000| PB 0x00000000e7b00000| Untracked 
| 124|0x00000000e7c00000, 0x00000000e7c00000, 0x00000000e7d00000|  0%| F|  |TAMS 0x00000000e7c00000| PB 0x00000000e7c00000| Untracked 
| 125|0x00000000e7d00000, 0x00000000e7d00000, 0x00000000e7e00000|  0%| F|  |TAMS 0x00000000e7d00000| PB 0x00000000e7d00000| Untracked 
| 126|0x00000000e7e00000, 0x00000000e7e00000, 0x00000000e7f00000|  0%| F|  |TAMS 0x00000000e7e00000| PB 0x00000000e7e00000| Untracked 
| 127|0x00000000e7f00000, 0x00000000e7f00000, 0x00000000e8000000|  0%| F|  |TAMS 0x00000000e7f00000| PB 0x00000000e7f00000| Untracked 
| 128|0x00000000e8000000, 0x00000000e8000000, 0x00000000e8100000|  0%| F|  |TAMS 0x00000000e8000000| PB 0x00000000e8000000| Untracked 
| 129|0x00000000e8100000, 0x00000000e8100000, 0x00000000e8200000|  0%| F|  |TAMS 0x00000000e8100000| PB 0x00000000e8100000| Untracked 
| 130|0x00000000e8200000, 0x00000000e8200000, 0x00000000e8300000|  0%| F|  |TAMS 0x00000000e8200000| PB 0x00000000e8200000| Untracked 
| 131|0x00000000e8300000, 0x00000000e8300000, 0x00000000e8400000|  0%| F|  |TAMS 0x00000000e8300000| PB 0x00000000e8300000| Untracked 
| 132|0x00000000e8400000, 0x00000000e8400000, 0x00000000e8500000|  0%| F|  |TAMS 0x00000000e8400000| PB 0x00000000e8400000| Untracked 
| 133|0x00000000e8500000, 0x00000000e8500000, 0x00000000e8600000|  0%| F|  |TAMS 0x00000000e8500000| PB 0x00000000e8500000| Untracked 
| 134|0x00000000e8600000, 0x00000000e8600000, 0x00000000e8700000|  0%| F|  |TAMS 0x00000000e8600000| PB 0x00000000e8600000| Untracked 
| 135|0x00000000e8700000, 0x00000000e8700000, 0x00000000e8800000|  0%| F|  |TAMS 0x00000000e8700000| PB 0x00000000e8700000| Untracked 
| 136|0x00000000e8800000, 0x00000000e8800000, 0x00000000e8900000|  0%| F|  |TAMS 0x00000000e8800000| PB 0x00000000e8800000| Untracked 
| 137|0x00000000e8900000, 0x00000000e8900000, 0x00000000e8a00000|  0%| F|  |TAMS 0x00000000e8900000| PB 0x00000000e8900000| Untracked 
| 138|0x00000000e8a00000, 0x00000000e8a00000, 0x00000000e8b00000|  0%| F|  |TAMS 0x00000000e8a00000| PB 0x00000000e8a00000| Untracked 
| 139|0x00000000e8b00000, 0x00000000e8b00000, 0x00000000e8c00000|  0%| F|  |TAMS 0x00000000e8b00000| PB 0x00000000e8b00000| Untracked 
| 140|0x00000000e8c00000, 0x00000000e8c00000, 0x00000000e8d00000|  0%| F|  |TAMS 0x00000000e8c00000| PB 0x00000000e8c00000| Untracked 
| 141|0x00000000e8d00000, 0x00000000e8d00000, 0x00000000e8e00000|  0%| F|  |TAMS 0x00000000e8d00000| PB 0x00000000e8d00000| Untracked 
| 142|0x00000000e8e00000, 0x00000000e8e00000, 0x00000000e8f00000|  0%| F|  |TAMS 0x00000000e8e00000| PB 0x00000000e8e00000| Untracked 
| 143|0x00000000e8f00000, 0x00000000e8f00000, 0x00000000e9000000|  0%| F|  |TAMS 0x00000000e8f00000| PB 0x00000000e8f00000| Untracked 
| 144|0x00000000e9000000, 0x00000000e9000000, 0x00000000e9100000|  0%| F|  |TAMS 0x00000000e9000000| PB 0x00000000e9000000| Untracked 
| 145|0x00000000e9100000, 0x00000000e9100000, 0x00000000e9200000|  0%| F|  |TAMS 0x00000000e9100000| PB 0x00000000e9100000| Untracked 
| 146|0x00000000e9200000, 0x00000000e9200000, 0x00000000e9300000|  0%| F|  |TAMS 0x00000000e9200000| PB 0x00000000e9200000| Untracked 
| 147|0x00000000e9300000, 0x00000000e9300000, 0x00000000e9400000|  0%| F|  |TAMS 0x00000000e9300000| PB 0x00000000e9300000| Untracked 
| 148|0x00000000e9400000, 0x00000000e9400000, 0x00000000e9500000|  0%| F|  |TAMS 0x00000000e9400000| PB 0x00000000e9400000| Untracked 
| 149|0x00000000e9500000, 0x00000000e9500000, 0x00000000e9600000|  0%| F|  |TAMS 0x00000000e9500000| PB 0x00000000e9500000| Untracked 
| 150|0x00000000e9600000, 0x00000000e9600000, 0x00000000e9700000|  0%| F|  |TAMS 0x00000000e9600000| PB 0x00000000e9600000| Untracked 
| 151|0x00000000e9700000, 0x00000000e9700000, 0x00000000e9800000|  0%| F|  |TAMS 0x00000000e9700000| PB 0x00000000e9700000| Untracked 
| 152|0x00000000e9800000, 0x00000000e9800000, 0x00000000e9900000|  0%| F|  |TAMS 0x00000000e9800000| PB 0x00000000e9800000| Untracked 
| 153|0x00000000e9900000, 0x00000000e9900000, 0x00000000e9a00000|  0%| F|  |TAMS 0x00000000e9900000| PB 0x00000000e9900000| Untracked 
| 154|0x00000000e9a00000, 0x00000000e9a00000, 0x00000000e9b00000|  0%| F|  |TAMS 0x00000000e9a00000| PB 0x00000000e9a00000| Untracked 
| 155|0x00000000e9b00000, 0x00000000e9b80000, 0x00000000e9c00000| 50%| E|  |TAMS 0x00000000e9b00000| PB 0x00000000e9b00000| Complete 
| 156|0x00000000e9c00000, 0x00000000e9d00000, 0x00000000e9d00000|100%| E|CS|TAMS 0x00000000e9c00000| PB 0x00000000e9c00000| Complete 
| 157|0x00000000e9d00000, 0x00000000e9e00000, 0x00000000e9e00000|100%| E|CS|TAMS 0x00000000e9d00000| PB 0x00000000e9d00000| Complete 
| 158|0x00000000e9e00000, 0x00000000e9f00000, 0x00000000e9f00000|100%| E|CS|TAMS 0x00000000e9e00000| PB 0x00000000e9e00000| Complete 
| 159|0x00000000e9f00000, 0x00000000ea000000, 0x00000000ea000000|100%| E|CS|TAMS 0x00000000e9f00000| PB 0x00000000e9f00000| Complete 
| 160|0x00000000ea000000, 0x00000000ea100000, 0x00000000ea100000|100%| E|CS|TAMS 0x00000000ea000000| PB 0x00000000ea000000| Complete 
| 161|0x00000000ea100000, 0x00000000ea200000, 0x00000000ea200000|100%| E|CS|TAMS 0x00000000ea100000| PB 0x00000000ea100000| Complete 
| 162|0x00000000ea200000, 0x00000000ea300000, 0x00000000ea300000|100%| E|CS|TAMS 0x00000000ea200000| PB 0x00000000ea200000| Complete 
| 163|0x00000000ea300000, 0x00000000ea400000, 0x00000000ea400000|100%| E|CS|TAMS 0x00000000ea300000| PB 0x00000000ea300000| Complete 
| 164|0x00000000ea400000, 0x00000000ea500000, 0x00000000ea500000|100%| E|CS|TAMS 0x00000000ea400000| PB 0x00000000ea400000| Complete 
| 165|0x00000000ea500000, 0x00000000ea600000, 0x00000000ea600000|100%| E|CS|TAMS 0x00000000ea500000| PB 0x00000000ea500000| Complete 
| 166|0x00000000ea600000, 0x00000000ea700000, 0x00000000ea700000|100%| E|CS|TAMS 0x00000000ea600000| PB 0x00000000ea600000| Complete 
| 167|0x00000000ea700000, 0x00000000ea800000, 0x00000000ea800000|100%| E|CS|TAMS 0x00000000ea700000| PB 0x00000000ea700000| Complete 
| 168|0x00000000ea800000, 0x00000000ea900000, 0x00000000ea900000|100%| E|CS|TAMS 0x00000000ea800000| PB 0x00000000ea800000| Complete 
| 169|0x00000000ea900000, 0x00000000eaa00000, 0x00000000eaa00000|100%| E|CS|TAMS 0x00000000ea900000| PB 0x00000000ea900000| Complete 
| 170|0x00000000eaa00000, 0x00000000eab00000, 0x00000000eab00000|100%| E|CS|TAMS 0x00000000eaa00000| PB 0x00000000eaa00000| Complete 
| 171|0x00000000eab00000, 0x00000000eac00000, 0x00000000eac00000|100%| E|CS|TAMS 0x00000000eab00000| PB 0x00000000eab00000| Complete 
| 172|0x00000000eac00000, 0x00000000ead00000, 0x00000000ead00000|100%| E|CS|TAMS 0x00000000eac00000| PB 0x00000000eac00000| Complete 
| 173|0x00000000ead00000, 0x00000000eae00000, 0x00000000eae00000|100%| E|CS|TAMS 0x00000000ead00000| PB 0x00000000ead00000| Complete 
| 174|0x00000000eae00000, 0x00000000eaf00000, 0x00000000eaf00000|100%| E|CS|TAMS 0x00000000eae00000| PB 0x00000000eae00000| Complete 
| 175|0x00000000eaf00000, 0x00000000eb000000, 0x00000000eb000000|100%| E|CS|TAMS 0x00000000eaf00000| PB 0x00000000eaf00000| Complete 
| 176|0x00000000eb000000, 0x00000000eb100000, 0x00000000eb100000|100%| E|CS|TAMS 0x00000000eb000000| PB 0x00000000eb000000| Complete 
| 177|0x00000000eb100000, 0x00000000eb200000, 0x00000000eb200000|100%| E|CS|TAMS 0x00000000eb100000| PB 0x00000000eb100000| Complete 
| 178|0x00000000eb200000, 0x00000000eb300000, 0x00000000eb300000|100%| E|CS|TAMS 0x00000000eb200000| PB 0x00000000eb200000| Complete 
| 179|0x00000000eb300000, 0x00000000eb400000, 0x00000000eb400000|100%| E|CS|TAMS 0x00000000eb300000| PB 0x00000000eb300000| Complete 
| 180|0x00000000eb400000, 0x00000000eb500000, 0x00000000eb500000|100%| E|CS|TAMS 0x00000000eb400000| PB 0x00000000eb400000| Complete 
| 181|0x00000000eb500000, 0x00000000eb600000, 0x00000000eb600000|100%| E|CS|TAMS 0x00000000eb500000| PB 0x00000000eb500000| Complete 
| 182|0x00000000eb600000, 0x00000000eb700000, 0x00000000eb700000|100%| E|CS|TAMS 0x00000000eb600000| PB 0x00000000eb600000| Complete 
| 183|0x00000000eb700000, 0x00000000eb800000, 0x00000000eb800000|100%| E|CS|TAMS 0x00000000eb700000| PB 0x00000000eb700000| Complete 
| 184|0x00000000eb800000, 0x00000000eb900000, 0x00000000eb900000|100%| E|CS|TAMS 0x00000000eb800000| PB 0x00000000eb800000| Complete 
| 185|0x00000000eb900000, 0x00000000eba00000, 0x00000000eba00000|100%| E|CS|TAMS 0x00000000eb900000| PB 0x00000000eb900000| Complete 
| 186|0x00000000eba00000, 0x00000000ebb00000, 0x00000000ebb00000|100%| E|CS|TAMS 0x00000000eba00000| PB 0x00000000eba00000| Complete 
| 187|0x00000000ebb00000, 0x00000000ebc00000, 0x00000000ebc00000|100%| E|CS|TAMS 0x00000000ebb00000| PB 0x00000000ebb00000| Complete 
| 188|0x00000000ebc00000, 0x00000000ebd00000, 0x00000000ebd00000|100%| E|CS|TAMS 0x00000000ebc00000| PB 0x00000000ebc00000| Complete 
| 189|0x00000000ebd00000, 0x00000000ebe00000, 0x00000000ebe00000|100%| E|CS|TAMS 0x00000000ebd00000| PB 0x00000000ebd00000| Complete 
| 190|0x00000000ebe00000, 0x00000000ebf00000, 0x00000000ebf00000|100%| E|CS|TAMS 0x00000000ebe00000| PB 0x00000000ebe00000| Complete 
| 191|0x00000000ebf00000, 0x00000000ec000000, 0x00000000ec000000|100%| E|CS|TAMS 0x00000000ebf00000| PB 0x00000000ebf00000| Complete 
| 192|0x00000000ec000000, 0x00000000ec100000, 0x00000000ec100000|100%| E|CS|TAMS 0x00000000ec000000| PB 0x00000000ec000000| Complete 
| 193|0x00000000ec100000, 0x00000000ec200000, 0x00000000ec200000|100%| E|CS|TAMS 0x00000000ec100000| PB 0x00000000ec100000| Complete 
| 194|0x00000000ec200000, 0x00000000ec300000, 0x00000000ec300000|100%| E|CS|TAMS 0x00000000ec200000| PB 0x00000000ec200000| Complete 
| 195|0x00000000ec300000, 0x00000000ec400000, 0x00000000ec400000|100%| E|CS|TAMS 0x00000000ec300000| PB 0x00000000ec300000| Complete 
| 196|0x00000000ec400000, 0x00000000ec500000, 0x00000000ec500000|100%| E|CS|TAMS 0x00000000ec400000| PB 0x00000000ec400000| Complete 
| 197|0x00000000ec500000, 0x00000000ec600000, 0x00000000ec600000|100%| E|CS|TAMS 0x00000000ec500000| PB 0x00000000ec500000| Complete 
| 198|0x00000000ec600000, 0x00000000ec700000, 0x00000000ec700000|100%| E|CS|TAMS 0x00000000ec600000| PB 0x00000000ec600000| Complete 
| 199|0x00000000ec700000, 0x00000000ec800000, 0x00000000ec800000|100%| E|CS|TAMS 0x00000000ec700000| PB 0x00000000ec700000| Complete 
| 200|0x00000000ec800000, 0x00000000ec900000, 0x00000000ec900000|100%| E|CS|TAMS 0x00000000ec800000| PB 0x00000000ec800000| Complete 
| 201|0x00000000ec900000, 0x00000000eca00000, 0x00000000eca00000|100%| E|CS|TAMS 0x00000000ec900000| PB 0x00000000ec900000| Complete 
| 202|0x00000000eca00000, 0x00000000ecb00000, 0x00000000ecb00000|100%| E|CS|TAMS 0x00000000eca00000| PB 0x00000000eca00000| Complete 
| 203|0x00000000ecb00000, 0x00000000ecc00000, 0x00000000ecc00000|100%| E|CS|TAMS 0x00000000ecb00000| PB 0x00000000ecb00000| Complete 
| 204|0x00000000ecc00000, 0x00000000ecd00000, 0x00000000ecd00000|100%| E|CS|TAMS 0x00000000ecc00000| PB 0x00000000ecc00000| Complete 
| 205|0x00000000ecd00000, 0x00000000ece00000, 0x00000000ece00000|100%| E|CS|TAMS 0x00000000ecd00000| PB 0x00000000ecd00000| Complete 
| 206|0x00000000ece00000, 0x00000000ecf00000, 0x00000000ecf00000|100%| E|CS|TAMS 0x00000000ece00000| PB 0x00000000ece00000| Complete 
| 207|0x00000000ecf00000, 0x00000000ed000000, 0x00000000ed000000|100%| E|CS|TAMS 0x00000000ecf00000| PB 0x00000000ecf00000| Complete 
| 208|0x00000000ed000000, 0x00000000ed100000, 0x00000000ed100000|100%| E|CS|TAMS 0x00000000ed000000| PB 0x00000000ed000000| Complete 
| 209|0x00000000ed100000, 0x00000000ed200000, 0x00000000ed200000|100%| E|CS|TAMS 0x00000000ed100000| PB 0x00000000ed100000| Complete 
| 210|0x00000000ed200000, 0x00000000ed300000, 0x00000000ed300000|100%| E|CS|TAMS 0x00000000ed200000| PB 0x00000000ed200000| Complete 
| 211|0x00000000ed300000, 0x00000000ed400000, 0x00000000ed400000|100%| E|CS|TAMS 0x00000000ed300000| PB 0x00000000ed300000| Complete 
| 212|0x00000000ed400000, 0x00000000ed500000, 0x00000000ed500000|100%| E|CS|TAMS 0x00000000ed400000| PB 0x00000000ed400000| Complete 
| 213|0x00000000ed500000, 0x00000000ed600000, 0x00000000ed600000|100%| E|CS|TAMS 0x00000000ed500000| PB 0x00000000ed500000| Complete 
| 214|0x00000000ed600000, 0x00000000ed700000, 0x00000000ed700000|100%| E|CS|TAMS 0x00000000ed600000| PB 0x00000000ed600000| Complete 
| 215|0x00000000ed700000, 0x00000000ed800000, 0x00000000ed800000|100%| E|CS|TAMS 0x00000000ed700000| PB 0x00000000ed700000| Complete 
| 216|0x00000000ed800000, 0x00000000ed900000, 0x00000000ed900000|100%| E|CS|TAMS 0x00000000ed800000| PB 0x00000000ed800000| Complete 
| 217|0x00000000ed900000, 0x00000000eda00000, 0x00000000eda00000|100%| E|CS|TAMS 0x00000000ed900000| PB 0x00000000ed900000| Complete 
| 218|0x00000000eda00000, 0x00000000edb00000, 0x00000000edb00000|100%| E|CS|TAMS 0x00000000eda00000| PB 0x00000000eda00000| Complete 
| 219|0x00000000edb00000, 0x00000000edc00000, 0x00000000edc00000|100%| E|CS|TAMS 0x00000000edb00000| PB 0x00000000edb00000| Complete 
| 220|0x00000000edc00000, 0x00000000edd00000, 0x00000000edd00000|100%| E|CS|TAMS 0x00000000edc00000| PB 0x00000000edc00000| Complete 
| 221|0x00000000edd00000, 0x00000000edd93e90, 0x00000000ede00000| 57%| S|CS|TAMS 0x00000000edd00000| PB 0x00000000edd00000| Complete 
| 222|0x00000000ede00000, 0x00000000edf00000, 0x00000000edf00000|100%| S|CS|TAMS 0x00000000ede00000| PB 0x00000000ede00000| Complete 
| 223|0x00000000edf00000, 0x00000000ee000000, 0x00000000ee000000|100%| E|CS|TAMS 0x00000000edf00000| PB 0x00000000edf00000| Complete 
| 224|0x00000000ee000000, 0x00000000ee100000, 0x00000000ee100000|100%| E|CS|TAMS 0x00000000ee000000| PB 0x00000000ee000000| Complete 
| 225|0x00000000ee100000, 0x00000000ee200000, 0x00000000ee200000|100%| E|CS|TAMS 0x00000000ee100000| PB 0x00000000ee100000| Complete 
| 226|0x00000000ee200000, 0x00000000ee300000, 0x00000000ee300000|100%| E|CS|TAMS 0x00000000ee200000| PB 0x00000000ee200000| Complete 
| 227|0x00000000ee300000, 0x00000000ee400000, 0x00000000ee400000|100%| E|CS|TAMS 0x00000000ee300000| PB 0x00000000ee300000| Complete 
| 228|0x00000000ee400000, 0x00000000ee500000, 0x00000000ee500000|100%| E|CS|TAMS 0x00000000ee400000| PB 0x00000000ee400000| Complete 
| 229|0x00000000ee500000, 0x00000000ee600000, 0x00000000ee600000|100%| E|CS|TAMS 0x00000000ee500000| PB 0x00000000ee500000| Complete 
| 230|0x00000000ee600000, 0x00000000ee700000, 0x00000000ee700000|100%| E|CS|TAMS 0x00000000ee600000| PB 0x00000000ee600000| Complete 
| 231|0x00000000ee700000, 0x00000000ee800000, 0x00000000ee800000|100%| E|CS|TAMS 0x00000000ee700000| PB 0x00000000ee700000| Complete 
| 232|0x00000000ee800000, 0x00000000ee900000, 0x00000000ee900000|100%| E|CS|TAMS 0x00000000ee800000| PB 0x00000000ee800000| Complete 
| 233|0x00000000ee900000, 0x00000000eea00000, 0x00000000eea00000|100%| E|CS|TAMS 0x00000000ee900000| PB 0x00000000ee900000| Complete 
| 234|0x00000000eea00000, 0x00000000eeb00000, 0x00000000eeb00000|100%| E|CS|TAMS 0x00000000eea00000| PB 0x00000000eea00000| Complete 
| 235|0x00000000eeb00000, 0x00000000eec00000, 0x00000000eec00000|100%| E|CS|TAMS 0x00000000eeb00000| PB 0x00000000eeb00000| Complete 
| 236|0x00000000eec00000, 0x00000000eed00000, 0x00000000eed00000|100%| E|CS|TAMS 0x00000000eec00000| PB 0x00000000eec00000| Complete 
| 237|0x00000000eed00000, 0x00000000eee00000, 0x00000000eee00000|100%| E|CS|TAMS 0x00000000eed00000| PB 0x00000000eed00000| Complete 
| 238|0x00000000eee00000, 0x00000000eef00000, 0x00000000eef00000|100%| E|CS|TAMS 0x00000000eee00000| PB 0x00000000eee00000| Complete 
| 239|0x00000000eef00000, 0x00000000ef000000, 0x00000000ef000000|100%| E|CS|TAMS 0x00000000eef00000| PB 0x00000000eef00000| Complete 
| 240|0x00000000ef000000, 0x00000000ef100000, 0x00000000ef100000|100%| E|CS|TAMS 0x00000000ef000000| PB 0x00000000ef000000| Complete 
| 241|0x00000000ef100000, 0x00000000ef200000, 0x00000000ef200000|100%| E|CS|TAMS 0x00000000ef100000| PB 0x00000000ef100000| Complete 
| 242|0x00000000ef200000, 0x00000000ef300000, 0x00000000ef300000|100%| E|CS|TAMS 0x00000000ef200000| PB 0x00000000ef200000| Complete 
| 243|0x00000000ef300000, 0x00000000ef400000, 0x00000000ef400000|100%| E|CS|TAMS 0x00000000ef300000| PB 0x00000000ef300000| Complete 
| 244|0x00000000ef400000, 0x00000000ef500000, 0x00000000ef500000|100%| E|CS|TAMS 0x00000000ef400000| PB 0x00000000ef400000| Complete 
| 245|0x00000000ef500000, 0x00000000ef600000, 0x00000000ef600000|100%| E|CS|TAMS 0x00000000ef500000| PB 0x00000000ef500000| Complete 
| 246|0x00000000ef600000, 0x00000000ef700000, 0x00000000ef700000|100%| E|CS|TAMS 0x00000000ef600000| PB 0x00000000ef600000| Complete 
| 247|0x00000000ef700000, 0x00000000ef800000, 0x00000000ef800000|100%| E|CS|TAMS 0x00000000ef700000| PB 0x00000000ef700000| Complete 
| 248|0x00000000ef800000, 0x00000000ef900000, 0x00000000ef900000|100%| E|CS|TAMS 0x00000000ef800000| PB 0x00000000ef800000| Complete 
| 249|0x00000000ef900000, 0x00000000efa00000, 0x00000000efa00000|100%| E|CS|TAMS 0x00000000ef900000| PB 0x00000000ef900000| Complete 
| 250|0x00000000efa00000, 0x00000000efb00000, 0x00000000efb00000|100%| E|CS|TAMS 0x00000000efa00000| PB 0x00000000efa00000| Complete 
| 251|0x00000000efb00000, 0x00000000efc00000, 0x00000000efc00000|100%| E|CS|TAMS 0x00000000efb00000| PB 0x00000000efb00000| Complete 
| 252|0x00000000efc00000, 0x00000000efd00000, 0x00000000efd00000|100%| E|CS|TAMS 0x00000000efc00000| PB 0x00000000efc00000| Complete 
| 253|0x00000000efd00000, 0x00000000efe00000, 0x00000000efe00000|100%| E|CS|TAMS 0x00000000efd00000| PB 0x00000000efd00000| Complete 
| 254|0x00000000efe00000, 0x00000000eff00000, 0x00000000eff00000|100%| E|CS|TAMS 0x00000000efe00000| PB 0x00000000efe00000| Complete 
| 255|0x00000000eff00000, 0x00000000f0000000, 0x00000000f0000000|100%| E|CS|TAMS 0x00000000eff00000| PB 0x00000000eff00000| Complete 

Card table byte_map: [0x000002433d350000,0x000002433d450000] _byte_map_base: 0x000002433cc50000

Marking Bits: (CMBitMap*) 0x000002432ad4ac30
 Bits: [0x000002433d450000, 0x000002433dc50000)

Polling page: 0x0000024328ba0000

Metaspace:

Usage:
  Non-class:     14.24 MB used.
      Class:      2.35 MB used.
       Both:     16.59 MB used.

Virtual space:
  Non-class space:       64.00 MB reserved,      14.50 MB ( 23%) committed,  1 nodes.
      Class space:      320.00 MB reserved,       2.56 MB ( <1%) committed,  1 nodes.
             Both:      384.00 MB reserved,      17.06 MB (  4%) committed. 

Chunk freelists:
   Non-Class:  1.17 MB
       Class:  13.45 MB
        Both:  14.62 MB

MaxMetaspaceSize: 384.00 MB
CompressedClassSpaceSize: 320.00 MB
Initial GC threshold: 21.00 MB
Current GC threshold: 21.00 MB
CDS: on
 - commit_granule_bytes: 65536.
 - commit_granule_words: 8192.
 - virtual_space_node_default_size: 8388608.
 - enlarge_chunks_in_place: 1.
 - use_allocation_guard: 0.


Internal statistics:

num_allocs_failed_limit: 0.
num_arena_births: 680.
num_arena_deaths: 0.
num_vsnodes_births: 2.
num_vsnodes_deaths: 0.
num_space_committed: 273.
num_space_uncommitted: 0.
num_chunks_returned_to_freelist: 0.
num_chunks_taken_from_freelist: 1281.
num_chunk_merges: 0.
num_chunk_splits: 840.
num_chunks_enlarged: 579.
num_inconsistent_stats: 0.

CodeHeap 'non-profiled nmethods': size=120000Kb used=1529Kb max_used=1529Kb free=118470Kb
 bounds [0x00000243359f0000, 0x0000024335c60000, 0x000002433cf20000]
CodeHeap 'profiled nmethods': size=120000Kb used=5981Kb max_used=5981Kb free=114019Kb
 bounds [0x000002432df20000, 0x000002432e500000, 0x0000024335450000]
CodeHeap 'non-nmethods': size=5760Kb used=1416Kb max_used=1446Kb free=4344Kb
 bounds [0x0000024335450000, 0x00000243356c0000, 0x00000243359f0000]
CodeCache: size=245760Kb, used=8926Kb, max_used=8956Kb, free=236833Kb
 total_blobs=3546, nmethods=2975, adapters=475, full_count=0
Compilation: enabled, stopped_count=0, restarted_count=0

Compilation events (20 events):
Event: 55.101 Thread 0x00000243406e4bb0 nmethod 2966 0x0000024335b6d290 code [0x0000024335b6d420, 0x0000024335b6d538]
Event: 55.128 Thread 0x00000243406e98b0 2967       3       sun.nio.fs.WindowsPathParser::normalize (233 bytes)
Event: 55.130 Thread 0x00000243406e98b0 nmethod 2967 0x000002432e4eb390 code [0x000002432e4eb940, 0x000002432e4ee470]
Event: 55.166 Thread 0x00000243406e98b0 2968       3       org.gradle.internal.service.ServiceScopeValidator::validateScope (95 bytes)
Event: 55.167 Thread 0x00000243406e98b0 nmethod 2968 0x000002432e4ef690 code [0x000002432e4efa60, 0x000002432e4f1228]
Event: 55.179 Thread 0x00000243406e4bb0 2969       4       java.lang.ClassNotFoundException::<init> (7 bytes)
Event: 55.632 Thread 0x00000243406e98b0 2970       3       java.util.ComparableTimSort::reverseRange (32 bytes)
Event: 55.632 Thread 0x00000243406e98b0 nmethod 2970 0x000002432e4f1a10 code [0x000002432e4f1be0, 0x000002432e4f20d0]
Event: 55.633 Thread 0x00000243406e98b0 2971       3       java.util.ComparableTimSort::countRunAndMakeAscending (123 bytes)
Event: 55.633 Thread 0x00000243406e98b0 nmethod 2971 0x000002432e4f2290 code [0x000002432e4f24e0, 0x000002432e4f2f08]
Event: 55.633 Thread 0x00000243406e98b0 2972       3       java.util.ComparableTimSort::binarySort (223 bytes)
Event: 55.634 Thread 0x00000243406e98b0 nmethod 2972 0x000002432e4f3210 code [0x000002432e4f3440, 0x000002432e4f4000]
Event: 56.193 Thread 0x00000243406e4bb0 nmethod 2969 0x0000024335b6d610 code [0x0000024335b6d7e0, 0x0000024335b6df40]
Event: 56.193 Thread 0x00000243406e4bb0 2973       4       java.io.File::isInvalid (47 bytes)
Event: 56.197 Thread 0x00000243406e4bb0 nmethod 2973 0x0000024335b6e090 code [0x0000024335b6e240, 0x0000024335b6e570]
Event: 56.198 Thread 0x00000243406e98b0 2974       3       org.gradle.internal.serialize.InputStreamBackedDecoder::readByte (13 bytes)
Event: 56.199 Thread 0x00000243406e98b0 nmethod 2974 0x000002432e4f4310 code [0x000002432e4f44e0, 0x000002432e4f48a0]
Event: 56.205 Thread 0x00000243406e98b0 2975       3       org.gradle.launcher.daemon.context.DefaultDaemonContext$Serializer::read (219 bytes)
Event: 56.208 Thread 0x00000243406e98b0 nmethod 2975 0x000002432e4f4a10 code [0x000002432e4f4e00, 0x000002432e4f6a68]
Event: 56.208 Thread 0x00000243406e98b0 2976       3       org.gradle.internal.serialize.AbstractDecoder::readBinary (16 bytes)

GC Heap History (4 events):
Event: 2.543 GC heap before
{Heap before GC invocations=0 (full 0):
 garbage-first heap   total 262144K, used 26624K [0x00000000e0000000, 0x0000000100000000)
  region size 1024K, 23 young (23552K), 0 survivors (0K)
 Metaspace       used 1136K, committed 1216K, reserved 393216K
  class space    used 86K, committed 128K, reserved 327680K
}
Event: 2.553 GC heap after
{Heap after GC invocations=1 (full 0):
 garbage-first heap   total 262144K, used 10213K [0x00000000e0000000, 0x0000000100000000)
  region size 1024K, 3 young (3072K), 3 survivors (3072K)
 Metaspace       used 1136K, committed 1216K, reserved 393216K
  class space    used 86K, committed 128K, reserved 327680K
}
Event: 10.035 GC heap before
{Heap before GC invocations=1 (full 0):
 garbage-first heap   total 262144K, used 40933K [0x00000000e0000000, 0x0000000100000000)
  region size 1024K, 33 young (33792K), 3 survivors (3072K)
 Metaspace       used 4351K, committed 4544K, reserved 393216K
  class space    used 546K, committed 640K, reserved 327680K
}
Event: 10.041 GC heap after
{Heap after GC invocations=2 (full 0):
 garbage-first heap   total 262144K, used 12077K [0x00000000e0000000, 0x0000000100000000)
  region size 1024K, 2 young (2048K), 2 survivors (2048K)
 Metaspace       used 4351K, committed 4544K, reserved 393216K
  class space    used 546K, committed 640K, reserved 327680K
}

Dll operation events (14 events):
Event: 0.053 Loaded shared library C:\Users\USER\.vscode\extensions\redhat.java-1.55.0-win32-x64\jre\21.0.11-win32-x86_64\bin\java.dll
Event: 0.268 Loaded shared library C:\Users\USER\.vscode\extensions\redhat.java-1.55.0-win32-x64\jre\21.0.11-win32-x86_64\bin\zip.dll
Event: 0.300 Loaded shared library C:\Users\USER\.vscode\extensions\redhat.java-1.55.0-win32-x64\jre\21.0.11-win32-x86_64\bin\instrument.dll
Event: 0.311 Loaded shared library C:\Users\USER\.vscode\extensions\redhat.java-1.55.0-win32-x64\jre\21.0.11-win32-x86_64\bin\net.dll
Event: 0.315 Loaded shared library C:\Users\USER\.vscode\extensions\redhat.java-1.55.0-win32-x64\jre\21.0.11-win32-x86_64\bin\nio.dll
Event: 0.322 Loaded shared library C:\Users\USER\.vscode\extensions\redhat.java-1.55.0-win32-x64\jre\21.0.11-win32-x86_64\bin\zip.dll
Event: 1.537 Loaded shared library C:\Users\USER\.vscode\extensions\redhat.java-1.55.0-win32-x64\jre\21.0.11-win32-x86_64\bin\jimage.dll
Event: 2.559 Loaded shared library C:\Users\USER\.vscode\extensions\redhat.java-1.55.0-win32-x64\jre\21.0.11-win32-x86_64\bin\verify.dll
Event: 3.614 Loaded shared library C:\Users\USER\.gradle\native\c067742578af261105cb4f569cf0c3c89f3d7b1fecec35dd04571415982c5e48\windows-amd64\native-platform.dll
Event: 3.757 Loaded shared library C:\Users\USER\.gradle\native\100fb08df4bc3b14c8652ba06237920a3bd2aa13389f12d3474272988ae205f9\windows-amd64\native-platform-file-events.dll
Event: 26.054 Loaded shared library C:\Users\USER\.vscode\extensions\redhat.java-1.55.0-win32-x64\jre\21.0.11-win32-x86_64\bin\management.dll
Event: 26.119 Loaded shared library C:\Users\USER\.vscode\extensions\redhat.java-1.55.0-win32-x64\jre\21.0.11-win32-x86_64\bin\management_ext.dll
Event: 28.737 Loaded shared library C:\Users\USER\.vscode\extensions\redhat.java-1.55.0-win32-x64\jre\21.0.11-win32-x86_64\bin\extnet.dll
Event: 37.421 Loaded shared library C:\Users\USER\.vscode\extensions\redhat.java-1.55.0-win32-x64\jre\21.0.11-win32-x86_64\bin\sunmscapi.dll

Deoptimization events (20 events):
Event: 51.797 Thread 0x000002435b285870 DEOPT PACKING pc=0x0000024335a16880 sp=0x000000795e4fb6e0
Event: 51.797 Thread 0x000002435b285870 DEOPT UNPACKING pc=0x00000243354a4422 sp=0x000000795e4fb678 mode 2
Event: 51.848 Thread 0x000002435b285870 Uncommon trap: trap_request=0xffffff45 fr.pc=0x0000024335b46c4c relative=0x000000000000026c
Event: 51.848 Thread 0x000002435b285870 Uncommon trap: reason=unstable_if action=reinterpret pc=0x0000024335b46c4c method=java.io.WinNTFileSystem.prefixLength(Ljava/lang/String;)I @ 68 c2
Event: 51.848 Thread 0x000002435b285870 DEOPT PACKING pc=0x0000024335b46c4c sp=0x000000795e4fb650
Event: 51.848 Thread 0x000002435b285870 DEOPT UNPACKING pc=0x00000243354a4422 sp=0x000000795e4fb5d8 mode 2
Event: 51.848 Thread 0x000002435b285870 Uncommon trap: trap_request=0xffffff45 fr.pc=0x0000024335a7df98 relative=0x0000000000000638
Event: 51.848 Thread 0x000002435b285870 Uncommon trap: reason=unstable_if action=reinterpret pc=0x0000024335a7df98 method=java.io.File.getName()Ljava/lang/String; @ 16 c2
Event: 51.848 Thread 0x000002435b285870 DEOPT PACKING pc=0x0000024335a7df98 sp=0x000000795e4fb6a0
Event: 51.848 Thread 0x000002435b285870 DEOPT UNPACKING pc=0x00000243354a4422 sp=0x000000795e4fb670 mode 2
Event: 52.643 Thread 0x000002435b285870 Uncommon trap: trap_request=0xffffff45 fr.pc=0x0000024335a18994 relative=0x00000000000000f4
Event: 52.643 Thread 0x000002435b285870 Uncommon trap: reason=unstable_if action=reinterpret pc=0x0000024335a18994 method=java.util.HashMap.hash(Ljava/lang/Object;)I @ 1 c2
Event: 52.643 Thread 0x000002435b285870 DEOPT PACKING pc=0x0000024335a18994 sp=0x000000795e4fc460
Event: 52.643 Thread 0x000002435b285870 DEOPT UNPACKING pc=0x00000243354a4422 sp=0x000000795e4fc3a0 mode 2
Event: 54.763 Thread 0x000002435b285870 Uncommon trap: trap_request=0xfffffff4 fr.pc=0x0000024335a71928 relative=0x00000000000004c8
Event: 54.763 Thread 0x000002435b285870 Uncommon trap: reason=null_check action=make_not_entrant pc=0x0000024335a71928 method=java.io.File.equals(Ljava/lang/Object;)Z @ 1 c2
Event: 54.763 Thread 0x000002435b285870 DEOPT PACKING pc=0x0000024335a71928 sp=0x000000795e4fd1e0
Event: 54.764 Thread 0x000002435b285870 DEOPT UNPACKING pc=0x00000243354a4422 sp=0x000000795e4fd198 mode 2
Event: 54.985 Thread 0x000002435b285870 DEOPT PACKING pc=0x000002432e0077d9 sp=0x000000795e4fce00
Event: 54.985 Thread 0x000002435b285870 DEOPT UNPACKING pc=0x00000243354a4bc2 sp=0x000000795e4fc298 mode 0

Classes loaded (20 events):
Event: 54.213 Loading class java/lang/invoke/BoundMethodHandle$Species_LLLLLLLLLLLLLL
Event: 54.213 Loading class java/lang/invoke/BoundMethodHandle$Species_LLLLLLLLLLLLLL done
Event: 54.270 Loading class java/lang/invoke/BoundMethodHandle$Species_LLLLLLLLLLLLLLL
Event: 54.270 Loading class java/lang/invoke/BoundMethodHandle$Species_LLLLLLLLLLLLLLL done
Event: 54.272 Loading class java/lang/invoke/BoundMethodHandle$Species_LLLLLLLLLLLLLLLL
Event: 54.272 Loading class java/lang/invoke/BoundMethodHandle$Species_LLLLLLLLLLLLLLLL done
Event: 54.274 Loading class java/lang/invoke/BoundMethodHandle$Species_LLLLLLLLLLLLLLLLL
Event: 54.274 Loading class java/lang/invoke/BoundMethodHandle$Species_LLLLLLLLLLLLLLLLL done
Event: 54.311 Loading class java/lang/invoke/BoundMethodHandle$Species_LLLLLLLLLLLLLLLLLL
Event: 54.311 Loading class java/lang/invoke/BoundMethodHandle$Species_LLLLLLLLLLLLLLLLLL done
Event: 54.335 Loading class java/lang/invoke/BoundMethodHandle$Species_LLLLLLLLLLLLLLLLLLL
Event: 54.335 Loading class java/lang/invoke/BoundMethodHandle$Species_LLLLLLLLLLLLLLLLLLL done
Event: 54.373 Loading class java/lang/invoke/BoundMethodHandle$Species_LLLLLLLLLLLLLLLLLLLL
Event: 54.373 Loading class java/lang/invoke/BoundMethodHandle$Species_LLLLLLLLLLLLLLLLLLLL done
Event: 54.389 Loading class java/lang/invoke/BoundMethodHandle$Species_LLLLLLLLLLLLLLLLLLLLL
Event: 54.389 Loading class java/lang/invoke/BoundMethodHandle$Species_LLLLLLLLLLLLLLLLLLLLL done
Event: 54.392 Loading class java/lang/invoke/BoundMethodHandle$Species_LLLLLLLLLLLLLLLLLLLLLL
Event: 54.392 Loading class java/lang/invoke/BoundMethodHandle$Species_LLLLLLLLLLLLLLLLLLLLLL done
Event: 54.404 Loading class java/lang/invoke/BoundMethodHandle$Species_LLLLLLLLLLLLLLLLLLLLLLL
Event: 54.404 Loading class java/lang/invoke/BoundMethodHandle$Species_LLLLLLLLLLLLLLLLLLLLLLL done

Classes unloaded (0 events):
No events

Classes redefined (0 events):
No events

Internal exceptions (20 events):
Event: 44.653 Thread 0x000002435b285870 Exception <a 'java/lang/IncompatibleClassChangeError'{0x00000000eadc8b00}: Found class java.lang.Object, but interface was expected> (0x00000000eadc8b00) 
thrown [s\src\hotspot\share\interpreter\linkResolver.cpp, line 840]
Event: 44.846 Thread 0x000002435b285870 Exception <a 'java/lang/NoSuchMethodError'{0x00000000eace7c50}: 'java.lang.Object java.lang.invoke.DirectMethodHandle$Holder.newInvokeSpecial(java.lang.Object, java.lang.Object, int)'> (0x00000000eace7c50) 
thrown [s\src\hotspot\share\interpreter\linkResolver.cpp, line 773]
Event: 45.821 Thread 0x000002435b285870 Exception <a 'java/lang/NoSuchMethodError'{0x00000000eaa82a00}: 'java.lang.Object java.lang.invoke.DirectMethodHandle$Holder.invokeVirtual(java.lang.Object, java.lang.Object, java.lang.Object, java.lang.Object, java.lang.Object, java.lang.Object, java.lang.Object, java.lang.Object)'> (0x00000000eaa82a00) 
thrown [s\src\hotspot\share\interpreter\linkResolver.cpp, line 773]
Event: 52.427 Thread 0x000002435b285870 Exception <a 'java/lang/NoSuchMethodError'{0x00000000ea452a50}: 'int java.lang.invoke.DirectMethodHandle$Holder.invokeSpecialIFC(java.lang.Object, java.lang.Object, java.lang.Object, java.lang.Object)'> (0x00000000ea452a50) 
thrown [s\src\hotspot\share\interpreter\linkResolver.cpp, line 773]
Event: 52.452 Thread 0x000002435b285870 Exception <a 'java/lang/NoSuchMethodError'{0x00000000ea45fd18}: 'java.lang.Object java.lang.invoke.DirectMethodHandle$Holder.invokeInterface(java.lang.Object, java.lang.Object, java.lang.Object)'> (0x00000000ea45fd18) 
thrown [s\src\hotspot\share\interpreter\linkResolver.cpp, line 773]
Event: 52.452 Thread 0x000002435b285870 Exception <a 'java/lang/IncompatibleClassChangeError'{0x00000000ea463670}: Found class java.lang.Object, but interface was expected> (0x00000000ea463670) 
thrown [s\src\hotspot\share\interpreter\linkResolver.cpp, line 840]
Event: 52.643 Thread 0x000002435b285870 Implicit null exception at 0x0000024335a188e6 to 0x0000024335a1898a
Event: 52.866 Thread 0x000002435b285870 Exception <a 'java/lang/NoSuchMethodError'{0x00000000ea24ed10}: 'int java.lang.invoke.DirectMethodHandle$Holder.invokeStatic(java.lang.Object, java.lang.Object, java.lang.Object, java.lang.Object)'> (0x00000000ea24ed10) 
thrown [s\src\hotspot\share\interpreter\linkResolver.cpp, line 773]
Event: 53.932 Thread 0x000002435b285870 Exception <a 'java/lang/NoSuchMethodError'{0x00000000ea024db0}: 'java.lang.Object java.lang.invoke.DelegatingMethodHandle$Holder.reinvoke_L(java.lang.Object, java.lang.Object, java.lang.Object, java.lang.Object, java.lang.Object, java.lang.Object, java.lang.Object, java.lang.Object, java.lang.Object, java.lang.Object, java.lang.Object, java.lang.Object, java.lang.Object, java.lang.Object, java.lang.Object, java.lang.Object, java.lang.Object, java.lang.Object, java.lang.Object, java.lang.Object, java.lang.O
Event: 54.251 Thread 0x000002435b285870 Exception <a 'java/lang/NoSuchMethodError'{0x00000000ea091c08}: 'java.lang.Object java.lang.invoke.DirectMethodHandle$Holder.invokeStatic(java.lang.Object, java.lang.Object, java.lang.Object, java.lang.Object, java.lang.Object, java.lang.Object, java.lang.Object, java.lang.Object, java.lang.Object, java.lang.Object, java.lang.Object, java.lang.Object, java.lang.Object, java.lang.Object, java.lang.Object, java.lang.Object, java.lang.Object)'> (0x00000000ea091c08) 
thrown [s\src\hotspot\share\interpreter\lin
Event: 54.271 Thread 0x000002435b285870 Exception <a 'java/lang/NoSuchMethodError'{0x00000000ea0ba568}: 'java.lang.Object java.lang.invoke.DirectMethodHandle$Holder.invokeStatic(java.lang.Object, java.lang.Object, java.lang.Object, java.lang.Object, java.lang.Object, java.lang.Object, java.lang.Object, java.lang.Object, java.lang.Object, java.lang.Object, java.lang.Object, java.lang.Object, java.lang.Object, java.lang.Object, java.lang.Object, java.lang.Object, java.lang.Object, java.lang.Object)'> (0x00000000ea0ba568) 
thrown [s\src\hotspot\sha
Event: 54.273 Thread 0x000002435b285870 Exception <a 'java/lang/NoSuchMethodError'{0x00000000ea0e43c0}: 'java.lang.Object java.lang.invoke.DirectMethodHandle$Holder.invokeStatic(java.lang.Object, java.lang.Object, java.lang.Object, java.lang.Object, java.lang.Object, java.lang.Object, java.lang.Object, java.lang.Object, java.lang.Object, java.lang.Object, java.lang.Object, java.lang.Object, java.lang.Object, java.lang.Object, java.lang.Object, java.lang.Object, java.lang.Object, java.lang.Object, java.lang.Object)'> (0x00000000ea0e43c0) 
thrown 
Event: 54.295 Thread 0x000002435b285870 Exception <a 'java/lang/NoSuchMethodError'{0x00000000e9f0f6a0}: 'java.lang.Object java.lang.invoke.DirectMethodHandle$Holder.invokeStatic(java.lang.Object, java.lang.Object, java.lang.Object, java.lang.Object, java.lang.Object, java.lang.Object, java.lang.Object, java.lang.Object, java.lang.Object, java.lang.Object, java.lang.Object, java.lang.Object, java.lang.Object, java.lang.Object, java.lang.Object, java.lang.Object, java.lang.Object, java.lang.Object, java.lang.Object, java.lang.Object)'> (0x00000000
Event: 54.313 Thread 0x000002435b285870 Exception <a 'java/lang/NoSuchMethodError'{0x00000000e9f3b8e0}: 'java.lang.Object java.lang.invoke.DirectMethodHandle$Holder.invokeStatic(java.lang.Object, java.lang.Object, java.lang.Object, java.lang.Object, java.lang.Object, java.lang.Object, java.lang.Object, java.lang.Object, java.lang.Object, java.lang.Object, java.lang.Object, java.lang.Object, java.lang.Object, java.lang.Object, java.lang.Object, java.lang.Object, java.lang.Object, java.lang.Object, java.lang.Object, java.lang.Object, java.lang.Obj
Event: 54.360 Thread 0x000002435b285870 Exception <a 'java/lang/NoSuchMethodError'{0x00000000e9f68c08}: 'java.lang.Object java.lang.invoke.DirectMethodHandle$Holder.invokeStatic(java.lang.Object, java.lang.Object, java.lang.Object, java.lang.Object, java.lang.Object, java.lang.Object, java.lang.Object, java.lang.Object, java.lang.Object, java.lang.Object, java.lang.Object, java.lang.Object, java.lang.Object, java.lang.Object, java.lang.Object, java.lang.Object, java.lang.Object, java.lang.Object, java.lang.Object, java.lang.Object, java.lang.Obj
Event: 54.375 Thread 0x000002435b285870 Exception <a 'java/lang/NoSuchMethodError'{0x00000000e9f97278}: 'java.lang.Object java.lang.invoke.DirectMethodHandle$Holder.invokeStatic(java.lang.Object, java.lang.Object, java.lang.Object, java.lang.Object, java.lang.Object, java.lang.Object, java.lang.Object, java.lang.Object, java.lang.Object, java.lang.Object, java.lang.Object, java.lang.Object, java.lang.Object, java.lang.Object, java.lang.Object, java.lang.Object, java.lang.Object, java.lang.Object, java.lang.Object, java.lang.Object, java.lang.Obj
Event: 54.390 Thread 0x000002435b285870 Exception <a 'java/lang/NoSuchMethodError'{0x00000000e9fc5f78}: 'java.lang.Object java.lang.invoke.DirectMethodHandle$Holder.invokeStatic(java.lang.Object, java.lang.Object, java.lang.Object, java.lang.Object, java.lang.Object, java.lang.Object, java.lang.Object, java.lang.Object, java.lang.Object, java.lang.Object, java.lang.Object, java.lang.Object, java.lang.Object, java.lang.Object, java.lang.Object, java.lang.Object, java.lang.Object, java.lang.Object, java.lang.Object, java.lang.Object, java.lang.Obj
Event: 54.393 Thread 0x000002435b285870 Exception <a 'java/lang/NoSuchMethodError'{0x00000000e9ff57f8}: 'java.lang.Object java.lang.invoke.DirectMethodHandle$Holder.invokeStatic(java.lang.Object, java.lang.Object, java.lang.Object, java.lang.Object, java.lang.Object, java.lang.Object, java.lang.Object, java.lang.Object, java.lang.Object, java.lang.Object, java.lang.Object, java.lang.Object, java.lang.Object, java.lang.Object, java.lang.Object, java.lang.Object, java.lang.Object, java.lang.Object, java.lang.Object, java.lang.Object, java.lang.Obj
Event: 54.406 Thread 0x000002435b285870 Exception <a 'java/lang/NoSuchMethodError'{0x00000000e9e26bf0}: 'java.lang.Object java.lang.invoke.DirectMethodHandle$Holder.invokeStatic(java.lang.Object, java.lang.Object, java.lang.Object, java.lang.Object, java.lang.Object, java.lang.Object, java.lang.Object, java.lang.Object, java.lang.Object, java.lang.Object, java.lang.Object, java.lang.Object, java.lang.Object, java.lang.Object, java.lang.Object, java.lang.Object, java.lang.Object, java.lang.Object, java.lang.Object, java.lang.Object, java.lang.Obj
Event: 54.763 Thread 0x000002435b285870 Implicit null exception at 0x0000024335a7149d to 0x0000024335a7191a

ZGC Phase Switch (0 events):
No events

VM Operations (20 events):
Event: 46.865 Executing safepoint VM operation: Cleanup done
Event: 47.868 Executing safepoint VM operation: Cleanup
Event: 47.868 Executing safepoint VM operation: Cleanup done
Event: 49.891 Executing safepoint VM operation: Cleanup
Event: 49.918 Executing safepoint VM operation: Cleanup done
Event: 50.919 Executing safepoint VM operation: Cleanup
Event: 51.055 Executing safepoint VM operation: Cleanup done
Event: 52.055 Executing safepoint VM operation: Cleanup
Event: 52.056 Executing safepoint VM operation: Cleanup done
Event: 53.059 Executing safepoint VM operation: Cleanup
Event: 53.075 Executing safepoint VM operation: Cleanup done
Event: 54.076 Executing safepoint VM operation: Cleanup
Event: 54.107 Executing safepoint VM operation: Cleanup done
Event: 54.516 Executing non-safepoint VM operation: HandshakeAllThreads (Deoptimize)
Event: 54.516 Executing non-safepoint VM operation: HandshakeAllThreads (Deoptimize) done
Event: 54.516 Executing non-safepoint VM operation: HandshakeAllThreads (Deoptimize)
Event: 54.517 Executing non-safepoint VM operation: HandshakeAllThreads (Deoptimize) done
Event: 55.519 Executing safepoint VM operation: Cleanup
Event: 55.519 Executing safepoint VM operation: Cleanup done
Event: 56.524 Executing safepoint VM operation: Cleanup

Memory protections (0 events):
No events

Nmethod flushes (0 events):
No events

Events (20 events):
Event: 0.184 Thread 0x000002432ad20260 Thread added: 0x00000243406e33c0
Event: 0.184 Thread 0x000002432ad20260 Thread added: 0x00000243406e3e20
Event: 0.184 Thread 0x000002432ad20260 Thread added: 0x00000243406e4bb0
Event: 0.185 Thread 0x000002432ad20260 Thread added: 0x00000243406e98b0
Event: 0.304 Thread 0x000002432ad20260 Thread added: 0x0000024340971650
Event: 0.347 Thread 0x000002432ad20260 Thread added: 0x00000243409a72f0
Event: 26.632 Thread 0x000002432ad20260 Thread added: 0x000002435b306cf0
Event: 33.725 Thread 0x000002432ad20260 Thread added: 0x000002435b3fc470
Event: 36.050 Thread 0x000002432ad20260 Thread added: 0x000002435aa1d460
Event: 37.801 Thread 0x000002435b3fc470 Thread added: 0x000002435a68fc30
Event: 37.883 Thread 0x000002435a68fc30 Thread added: 0x000002435b7b18a0
Event: 38.374 Thread 0x000002435a68fc30 Thread added: 0x000002435b37b400
Event: 38.811 Thread 0x000002435a68fc30 Thread added: 0x000002435b285870
Event: 38.891 Thread 0x000002435b285870 Thread added: 0x000002435b12aeb0
Event: 38.944 Thread 0x000002435b285870 Thread added: 0x000002435b129b00
Event: 38.955 Thread 0x000002435b285870 Thread added: 0x000002435b12c260
Event: 44.845 Thread 0x000002435b285870 Thread added: 0x000002435b12b540
Event: 45.009 Thread 0x000002435b285870 Thread added: 0x000002435b129470
Event: 47.132 Thread 0x000002435b285870 Thread added: 0x000002435b12bbd0
Event: 49.630 Thread 0x000002435b129470 Thread added: 0x000002435b12a190


Dynamic libraries:
0x00007ff6ef0b0000 - 0x00007ff6ef0be000 	C:\Users\USER\.vscode\extensions\redhat.java-1.55.0-win32-x64\jre\21.0.11-win32-x86_64\bin\java.exe
0x00007ffa60140000 - 0x00007ffa603a6000 	C:\WINDOWS\SYSTEM32\ntdll.dll
0x00007ffa5f100000 - 0x00007ffa5f1c9000 	C:\WINDOWS\System32\KERNEL32.DLL
0x00007ffa5d5b0000 - 0x00007ffa5d9aa000 	C:\WINDOWS\System32\KERNELBASE.dll
0x00007ffa5d460000 - 0x00007ffa5d5ac000 	C:\WINDOWS\System32\ucrtbase.dll
0x00007ffa495b0000 - 0x00007ffa495c8000 	C:\Users\USER\.vscode\extensions\redhat.java-1.55.0-win32-x64\jre\21.0.11-win32-x86_64\bin\jli.dll
0x00007ffa495d0000 - 0x00007ffa495ee000 	C:\Users\USER\.vscode\extensions\redhat.java-1.55.0-win32-x64\jre\21.0.11-win32-x86_64\bin\VCRUNTIME140.dll
0x00007ffa5fea0000 - 0x00007ffa60067000 	C:\WINDOWS\System32\USER32.dll
0x00007ffa5de80000 - 0x00007ffa5dea7000 	C:\WINDOWS\System32\win32u.dll
0x00007ffa5f280000 - 0x00007ffa5f2ab000 	C:\WINDOWS\System32\GDI32.dll
0x00007ffa5dc90000 - 0x00007ffa5ddbb000 	C:\WINDOWS\System32\gdi32full.dll
0x00007ffa5dbe0000 - 0x00007ffa5dc83000 	C:\WINDOWS\System32\msvcp_win.dll
0x00007ffa3f680000 - 0x00007ffa3f912000 	C:\WINDOWS\WinSxS\amd64_microsoft.windows.common-controls_6595b64144ccf1df_6.0.26100.8521_none_3e08b75ce33403b3\COMCTL32.dll
0x00007ffa5deb0000 - 0x00007ffa5df59000 	C:\WINDOWS\System32\msvcrt.dll
0x00007ffa5fc60000 - 0x00007ffa5fc92000 	C:\WINDOWS\System32\IMM32.DLL
0x00007ffa495a0000 - 0x00007ffa495ac000 	C:\Users\USER\.vscode\extensions\redhat.java-1.55.0-win32-x64\jre\21.0.11-win32-x86_64\bin\vcruntime140_1.dll
0x00007ff9c4810000 - 0x00007ff9c489d000 	C:\Users\USER\.vscode\extensions\redhat.java-1.55.0-win32-x64\jre\21.0.11-win32-x86_64\bin\msvcp140.dll
0x00007ff959c50000 - 0x00007ff95a9f2000 	C:\Users\USER\.vscode\extensions\redhat.java-1.55.0-win32-x64\jre\21.0.11-win32-x86_64\bin\server\jvm.dll
0x00007ffa5fba0000 - 0x00007ffa5fc56000 	C:\WINDOWS\System32\ADVAPI32.dll
0x00007ffa5f1d0000 - 0x00007ffa5f27a000 	C:\WINDOWS\System32\sechost.dll
0x00007ffa5ed80000 - 0x00007ffa5ee98000 	C:\WINDOWS\System32\RPCRT4.dll
0x00007ffa60070000 - 0x00007ffa600f0000 	C:\WINDOWS\System32\WS2_32.dll
0x00007ffa5d230000 - 0x00007ffa5d28e000 	C:\WINDOWS\SYSTEM32\POWRPROF.dll
0x00007ffa4bf90000 - 0x00007ffa4bf9b000 	C:\WINDOWS\SYSTEM32\VERSION.dll
0x00007ffa54dd0000 - 0x00007ffa54e06000 	C:\WINDOWS\SYSTEM32\WINMM.dll
0x00007ffa5d210000 - 0x00007ffa5d224000 	C:\WINDOWS\SYSTEM32\UMPDC.dll
0x00007ffa5c160000 - 0x00007ffa5c17b000 	C:\WINDOWS\SYSTEM32\kernel.appcore.dll
0x00007ffa49570000 - 0x00007ffa4957a000 	C:\Users\USER\.vscode\extensions\redhat.java-1.55.0-win32-x64\jre\21.0.11-win32-x86_64\bin\jimage.dll
0x00007ffa40390000 - 0x00007ffa405d2000 	C:\WINDOWS\SYSTEM32\DBGHELP.DLL
0x00007ffa5e1e0000 - 0x00007ffa5e563000 	C:\WINDOWS\System32\combase.dll
0x00007ffa5e040000 - 0x00007ffa5e119000 	C:\WINDOWS\System32\OLEAUT32.dll
0x00007ffa36930000 - 0x00007ffa3696b000 	C:\WINDOWS\SYSTEM32\dbgcore.DLL
0x00007ffa5d9b0000 - 0x00007ffa5da58000 	C:\WINDOWS\System32\bcryptPrimitives.dll
0x00007ffa49560000 - 0x00007ffa4956f000 	C:\Users\USER\.vscode\extensions\redhat.java-1.55.0-win32-x64\jre\21.0.11-win32-x86_64\bin\instrument.dll
0x00007ffa49540000 - 0x00007ffa49560000 	C:\Users\USER\.vscode\extensions\redhat.java-1.55.0-win32-x64\jre\21.0.11-win32-x86_64\bin\java.dll
0x00007ffa5f390000 - 0x00007ffa5fb14000 	C:\WINDOWS\System32\SHELL32.dll
0x00007ffa5afb0000 - 0x00007ffa5b830000 	C:\WINDOWS\SYSTEM32\windows.storage.dll
0x00007ffa5e7f0000 - 0x00007ffa5e8e6000 	C:\WINDOWS\System32\SHCORE.dll
0x00007ffa5fb20000 - 0x00007ffa5fb87000 	C:\WINDOWS\System32\shlwapi.dll
0x00007ffa5d2f0000 - 0x00007ffa5d319000 	C:\WINDOWS\SYSTEM32\profapi.dll
0x00007ffa494f0000 - 0x00007ffa49508000 	C:\Users\USER\.vscode\extensions\redhat.java-1.55.0-win32-x64\jre\21.0.11-win32-x86_64\bin\zip.dll
0x00007ffa494e0000 - 0x00007ffa494f0000 	C:\Users\USER\.vscode\extensions\redhat.java-1.55.0-win32-x64\jre\21.0.11-win32-x86_64\bin\net.dll
0x00007ffa4f1b0000 - 0x00007ffa4f2d9000 	C:\WINDOWS\SYSTEM32\WINHTTP.dll
0x00007ffa5c6d0000 - 0x00007ffa5c73c000 	C:\WINDOWS\system32\mswsock.dll
0x00007ffa28e00000 - 0x00007ffa28e16000 	C:\Users\USER\.vscode\extensions\redhat.java-1.55.0-win32-x64\jre\21.0.11-win32-x86_64\bin\nio.dll
0x00007ffa3e450000 - 0x00007ffa3e460000 	C:\Users\USER\.vscode\extensions\redhat.java-1.55.0-win32-x64\jre\21.0.11-win32-x86_64\bin\verify.dll
0x00007ffa29300000 - 0x00007ffa29327000 	C:\Users\USER\.gradle\native\c067742578af261105cb4f569cf0c3c89f3d7b1fecec35dd04571415982c5e48\windows-amd64\native-platform.dll
0x00007ffa1ee80000 - 0x00007ffa1efc4000 	C:\Users\USER\.gradle\native\100fb08df4bc3b14c8652ba06237920a3bd2aa13389f12d3474272988ae205f9\windows-amd64\native-platform-file-events.dll
0x00007ffa1c2a0000 - 0x00007ffa1c2aa000 	C:\Users\USER\.vscode\extensions\redhat.java-1.55.0-win32-x64\jre\21.0.11-win32-x86_64\bin\management.dll
0x00007ff9e2e10000 - 0x00007ff9e2e1c000 	C:\Users\USER\.vscode\extensions\redhat.java-1.55.0-win32-x64\jre\21.0.11-win32-x86_64\bin\management_ext.dll
0x00007ffa5e030000 - 0x00007ffa5e038000 	C:\WINDOWS\System32\PSAPI.DLL
0x00007ffa5c9b0000 - 0x00007ffa5c9cb000 	C:\WINDOWS\SYSTEM32\CRYPTSP.dll
0x00007ffa5c0c0000 - 0x00007ffa5c0f9000 	C:\WINDOWS\system32\rsaenh.dll
0x00007ffa5c780000 - 0x00007ffa5c7b3000 	C:\WINDOWS\SYSTEM32\USERENV.dll
0x00007ffa5d2c0000 - 0x00007ffa5d2ea000 	C:\WINDOWS\SYSTEM32\bcrypt.dll
0x00007ffa5c9d0000 - 0x00007ffa5c9dc000 	C:\WINDOWS\SYSTEM32\CRYPTBASE.dll
0x00007ffa5bb00000 - 0x00007ffa5bb33000 	C:\WINDOWS\SYSTEM32\IPHLPAPI.DLL
0x00007ffa5e570000 - 0x00007ffa5e57a000 	C:\WINDOWS\System32\NSI.dll
0x00007ff9e2490000 - 0x00007ff9e2499000 	C:\Users\USER\.vscode\extensions\redhat.java-1.55.0-win32-x64\jre\21.0.11-win32-x86_64\bin\extnet.dll
0x00007ff9e3140000 - 0x00007ff9e314e000 	C:\Users\USER\.vscode\extensions\redhat.java-1.55.0-win32-x64\jre\21.0.11-win32-x86_64\bin\sunmscapi.dll
0x00007ffa5da60000 - 0x00007ffa5dbd8000 	C:\WINDOWS\System32\CRYPT32.dll
0x00007ffa5cbd0000 - 0x00007ffa5cc00000 	C:\WINDOWS\SYSTEM32\ncrypt.dll
0x00007ffa5cb80000 - 0x00007ffa5cbbf000 	C:\WINDOWS\SYSTEM32\NTASN1.dll
0x00007ffa31770000 - 0x00007ffa31778000 	C:\WINDOWS\system32\wshunix.dll

JVMTI agents:
C:\Users\USER\.gradle\wrapper\dists\gradle-8.9-bin\90cnw93cvbtalezasaz0blq0a\gradle-8.9\lib\agents\gradle-instrumentation-agent-8.9.jar path:C:\Users\USER\.vscode\extensions\redhat.java-1.55.0-win32-x64\jre\21.0.11-win32-x86_64\bin\instrument.dll, loaded, initialized, instrumentlib options:none

dbghelp: loaded successfully - version: 4.0.5 - missing functions: none
symbol engine: initialized successfully - sym options: 0x614 - pdb path: .;C:\Users\USER\.vscode\extensions\redhat.java-1.55.0-win32-x64\jre\21.0.11-win32-x86_64\bin;C:\WINDOWS\SYSTEM32;C:\WINDOWS\WinSxS\amd64_microsoft.windows.common-controls_6595b64144ccf1df_6.0.26100.8521_none_3e08b75ce33403b3;C:\Users\USER\.vscode\extensions\redhat.java-1.55.0-win32-x64\jre\21.0.11-win32-x86_64\bin\server;C:\Users\USER\.gradle\native\c067742578af261105cb4f569cf0c3c89f3d7b1fecec35dd04571415982c5e48\windows-amd64;C:\Users\USER\.gradle\native\100fb08df4bc3b14c8652ba06237920a3bd2aa13389f12d3474272988ae205f9\windows-amd64

VM Arguments:
jvm_args: --add-opens=java.base/java.util=ALL-UNNAMED --add-opens=java.base/java.lang=ALL-UNNAMED --add-opens=java.base/java.lang.invoke=ALL-UNNAMED --add-opens=java.prefs/java.util.prefs=ALL-UNNAMED --add-exports=jdk.compiler/com.sun.tools.javac.api=ALL-UNNAMED --add-exports=jdk.compiler/com.sun.tools.javac.util=ALL-UNNAMED --add-opens=java.base/java.nio.charset=ALL-UNNAMED --add-opens=java.base/java.net=ALL-UNNAMED --add-opens=java.base/java.util.concurrent.atomic=ALL-UNNAMED -XX:MaxMetaspaceSize=384m -XX:+HeapDumpOnOutOfMemoryError -Xms256m -Xmx512m -Dfile.encoding=utf8 -Duser.country=ZW -Duser.language=en -Duser.variant -javaagent:C:\Users\USER\.gradle\wrapper\dists\gradle-8.9-bin\90cnw93cvbtalezasaz0blq0a\gradle-8.9\lib\agents\gradle-instrumentation-agent-8.9.jar 
java_command: org.gradle.launcher.daemon.bootstrap.GradleDaemon 8.9
java_class_path (initial): C:\Users\USER\.gradle\wrapper\dists\gradle-8.9-bin\90cnw93cvbtalezasaz0blq0a\gradle-8.9\lib\gradle-daemon-main-8.9.jar
Launcher Type: SUN_STANDARD

[Global flags]
     intx CICompilerCount                          = 4                                         {product} {ergonomic}
   size_t CompressedClassSpaceSize                 = 335544320                                 {product} {ergonomic}
     uint ConcGCThreads                            = 2                                         {product} {ergonomic}
     uint G1ConcRefinementThreads                  = 8                                         {product} {ergonomic}
   size_t G1HeapRegionSize                         = 1048576                                   {product} {ergonomic}
    uintx GCDrainStackTargetSize                   = 64                                        {product} {ergonomic}
     bool HeapDumpOnOutOfMemoryError               = true                                   {manageable} {command line}
   size_t InitialHeapSize                          = 268435456                                 {product} {command line}
   size_t MarkStackSize                            = 4194304                                   {product} {ergonomic}
   size_t MaxHeapSize                              = 536870912                                 {product} {command line}
   size_t MaxMetaspaceSize                         = 402653184                                 {product} {command line}
   size_t MaxNewSize                               = 321912832                                 {product} {ergonomic}
   size_t MinHeapDeltaBytes                        = 1048576                                   {product} {ergonomic}
   size_t MinHeapSize                              = 268435456                                 {product} {command line}
    uintx NonNMethodCodeHeapSize                   = 5839372                                {pd product} {ergonomic}
    uintx NonProfiledCodeHeapSize                  = 122909434                              {pd product} {ergonomic}
    uintx ProfiledCodeHeapSize                     = 122909434                              {pd product} {ergonomic}
    uintx ReservedCodeCacheSize                    = 251658240                              {pd product} {ergonomic}
     bool SegmentedCodeCache                       = true                                      {product} {ergonomic}
   size_t SoftMaxHeapSize                          = 536870912                              {manageable} {ergonomic}
     bool UseCompressedOops                        = true                           {product lp64_product} {ergonomic}
     bool UseG1GC                                  = true                                      {product} {ergonomic}
     bool UseLargePagesIndividualAllocation        = false                                  {pd product} {ergonomic}

Logging:
Log output configuration:
 #0: stdout all=warning uptime,level,tags foldmultilines=false
 #1: stderr all=off uptime,level,tags foldmultilines=false

Release file:
JAVA_VERSION="21.0.11" 
MODULES="java.base java.compiler java.datatransfer java.xml java.prefs java.desktop java.instrument java.logging java.management java.security.sasl java.naming java.rmi java.management.rmi java.net.http java.scripting java.security.jgss java.transaction.xa java.sql java.sql.rowset java.xml.crypto java.se java.smartcardio jdk.accessibility jdk.internal.jvmstat jdk.attach jdk.charsets jdk.internal.opt jdk.zipfs jdk.compiler jdk.crypto.ec jdk.crypto.cryptoki jdk.crypto.mscapi jdk.dynalink jdk.internal.ed jdk.editpad jdk.hotspot.agent jdk.httpserver jdk.internal.le jdk.internal.vm.ci jdk.internal.vm.compiler jdk.internal.vm.compiler.management jdk.jartool jdk.javadoc jdk.jcmd jdk.management jdk.management.agent jdk.jconsole jdk.jdeps jdk.jdwp.agent jdk.jdi jdk.jfr jdk.jshell jdk.jsobject jdk.jstatd jdk.localedata jdk.management.jfr jdk.naming.dns jdk.naming.rmi jdk.net jdk.nio.mapmode jdk.random jdk.sctp jdk.security.auth jdk.security.jgss jdk.unsupported jdk.unsupported.desktop jdk.xml.dom" 

Environment Variables:
JAVA_HOME=C:\Program Files\Android\Android Studio\jbr
PATH=C:\Program Files\Eclipse Adoptium\jdk-17.0.19.10-hotspot\bin;C:\Program Files (x86)\Common Files\Intel\Shared Libraries\redist\intel64\compiler;C:\Program Files\Eclipse Adoptium\jdk-25.0.0.36-hotspot\bin;C:\Program Files (x86)\Common Files\Intel\Shared Files\cpp\bin\Intel64;C:\WINDOWS\system32;C:\WINDOWS;C:\WINDOWS\System32\Wbem;C:\WINDOWS\System32\WindowsPowerShell\v1.0\;C:\WINDOWS\System32\OpenSSH\;C:\ProgramData\chocolatey\bin;C:\Program Files\nodejs\;C:\Program Files\Git\cmd;C:\Users\USER\AppData\Local\Programs\Python\Python313\Scripts\;C:\Users\USER\AppData\Local\Programs\Python\Python313\;C:\Users\USER\AppData\Local\Microsoft\WindowsApps;C:\Users\USER\AppData\Local\Programs\Microsoft VS Code\bin;C:\Users\USER\AppData\Local\GitHubDesktop\bin;C:\Users\USER\AppData\Roaming\npm;C:\Users\USER\AppData\Local\Programs\mongosh\;
USERNAME=USER
OS=Windows_NT
PROCESSOR_IDENTIFIER=Intel64 Family 6 Model 186 Stepping 3, GenuineIntel
TMP=C:\Users\USER\AppData\Local\Temp
TEMP=C:\Users\USER\AppData\Local\Temp




Periodic native trim disabled

---------------  S Y S T E M  ---------------

OS:
 Windows 11 , 64 bit Build 26100 (10.0.26100.8521)
OS uptime: 0 days 1:05 hours

CPU: total 8 (initial active 8) (4 cores per cpu, 2 threads per core) family 6 model 186 stepping 3 microcode 0x6134, cx8, cmov, fxsr, ht, mmx, 3dnowpref, sse, sse2, sse3, ssse3, sse4.1, sse4.2, popcnt, lzcnt, tsc, tscinvbit, avx, avx2, aes, erms, clmul, bmi1, bmi2, adx, sha, fma, vzeroupper, clflush, clflushopt, clwb, serialize, rdtscp, rdpid, fsrm, f16c, pku, cet_ibt, cet_ss
Processor Information for the first 8 processors :
  Max Mhz: 1200, Current Mhz: 1200, Mhz Limit: 1200

Memory: 4k page, system-wide physical 7835M (471M free)
TotalPageFile size 31387M (AvailPageFile size 764M)
current process WorkingSet (physical memory assigned to process): 90M, peak: 126M
current process commit charge ("private bytes"): 386M, peak: 413M

vm_info: OpenJDK 64-Bit Server VM (21.0.11+10-LTS) for windows-amd64 JRE (21.0.11+10-LTS), built on 2026-04-21T00:00:00Z by "admin" with MS VC++ 17.12 (VS2022)

END.
