#
# There is insufficient memory for the Java Runtime Environment to continue.
# Native memory allocation (mmap) failed to map 65536 bytes. Error detail: Failed to commit metaspace.
# Possible reasons:
#   The system is out of physical RAM or swap space
#   This process is running with CompressedOops enabled, and the Java Heap may be blocking the growth of the native heap
# Possible solutions:
#   Reduce memory load on the system
#   Increase physical memory or swap space
#   Check if swap backing store is full
#   Decrease Java heap size (-Xmx/-Xms)
#   Decrease number of Java threads
#   Decrease Java thread stack sizes (-Xss)
#   Set larger code cache with -XX:ReservedCodeCacheSize=
#   JVM is running with Unscaled Compressed Oops mode in which the Java heap is
#     placed in the first 4GB address space. The Java Heap base address is the
#     maximum limit for the native heap growth. Please use -XX:HeapBaseMinAddress
#     to set the Java Heap base and to place the Java Heap above 4GB virtual address.
# This output file may be truncated or incomplete.
#
#  Out of Memory Error (virtualSpaceNode.cpp:113), pid=26644, tid=34524
#
# JRE version: OpenJDK Runtime Environment Temurin-21.0.11+10 (21.0.11+10) (build 21.0.11+10-LTS)
# Java VM: OpenJDK 64-Bit Server VM Temurin-21.0.11+10 (21.0.11+10-LTS, mixed mode, sharing, tiered, compressed oops, compressed class ptrs, g1 gc, windows-amd64)
# No core dump will be written. Minidumps are not enabled by default on client versions of Windows
#

---------------  S U M M A R Y ------------

Command Line: --add-opens=java.base/java.util=ALL-UNNAMED --add-opens=java.base/java.lang=ALL-UNNAMED --add-opens=java.base/java.lang.invoke=ALL-UNNAMED --add-opens=java.prefs/java.util.prefs=ALL-UNNAMED --add-exports=jdk.compiler/com.sun.tools.javac.api=ALL-UNNAMED --add-exports=jdk.compiler/com.sun.tools.javac.util=ALL-UNNAMED --add-opens=java.base/java.nio.charset=ALL-UNNAMED --add-opens=java.base/java.net=ALL-UNNAMED --add-opens=java.base/java.util.concurrent.atomic=ALL-UNNAMED -XX:MaxMetaspaceSize=384m -XX:+HeapDumpOnOutOfMemoryError -Xms256m -Xmx512m -Dfile.encoding=utf8 -Duser.country=ZW -Duser.language=en -Duser.variant -javaagent:C:\Users\USER\.gradle\wrapper\dists\gradle-8.9-bin\90cnw93cvbtalezasaz0blq0a\gradle-8.9\lib\agents\gradle-instrumentation-agent-8.9.jar org.gradle.launcher.daemon.bootstrap.GradleDaemon 8.9

Host: 13th Gen Intel(R) Core(TM) i3-1315U, 8 cores, 7G,  Windows 11 , 64 bit Build 26100 (10.0.26100.8521)
Time: Tue Jul 14 12:34:36 2026 South Africa Standard Time elapsed time: 58.611860 seconds (0d 0h 0m 58s)

---------------  T H R E A D  ---------------

Current thread (0x000001a27d264880):  JavaThread "Daemon worker"        [_thread_in_vm, id=34524, stack(0x0000009c91500000,0x0000009c91600000) (1024K)]

Stack: [0x0000009c91500000,0x0000009c91600000]
Native frames: (J=compiled Java code, j=interpreted, Vv=VM code, C=native code)
V  [jvm.dll+0x6d7e19]
V  [jvm.dll+0x8b5096]
V  [jvm.dll+0x8b764e]
V  [jvm.dll+0x8b7d33]
V  [jvm.dll+0x284596]
V  [jvm.dll+0x8b0dde]
V  [jvm.dll+0x6795e4]
V  [jvm.dll+0x1e849b]
V  [jvm.dll+0x1e825e]
V  [jvm.dll+0x67bee2]
V  [jvm.dll+0x67bd12]
V  [jvm.dll+0x679fbe]
V  [jvm.dll+0x281467]
V  [jvm.dll+0x72e11f]
V  [jvm.dll+0x72ec5f]
V  [jvm.dll+0x3cc771]
V  [jvm.dll+0x4783f5]
V  [jvm.dll+0x48363d]
C  0x000001a207bd5daa

The last pc belongs to native nmethod (printed below).
Java frames: (J=compiled Java code, j=interpreted, Vv=VM code)
J 2345  java.lang.Class.getDeclaredConstructors0(Z)[Ljava/lang/reflect/Constructor; java.base@21.0.11 (0 bytes) @ 0x000001a207bd5d13 [0x000001a207bd5cc0+0x0000000000000053]
j  java.lang.Class.privateGetDeclaredConstructors(Z)[Ljava/lang/reflect/Constructor;+52 java.base@21.0.11
j  java.lang.Class.getDeclaredConstructors()[Ljava/lang/reflect/Constructor;+20 java.base@21.0.11
j  org.gradle.internal.service.InjectUtil.selectConstructor(Ljava/lang/Class;)Ljava/lang/reflect/Constructor;+32
j  org.gradle.internal.service.DefaultServiceRegistry$ConstructorService.<init>(Lorg/gradle/internal/service/DefaultServiceRegistry;Ljava/lang/Class;Ljava/lang/Class;)V+63
j  org.gradle.internal.service.DefaultServiceRegistry$ConstructorService.<init>(Lorg/gradle/internal/service/DefaultServiceRegistry;Ljava/lang/Class;)V+4
j  org.gradle.internal.service.DefaultServiceRegistry$ConstructorService.<init>(Lorg/gradle/internal/service/DefaultServiceRegistry;Ljava/lang/Class;Lorg/gradle/internal/service/DefaultServiceRegistry$1;)V+3
j  org.gradle.internal.service.DefaultServiceRegistry$1.add(Ljava/lang/Class;)V+17
j  org.gradle.composite.internal.CompositeBuildServices$CompositeBuildTreeScopeServices.configure(Lorg/gradle/internal/service/ServiceRegistration;)V+19
j  java.lang.invoke.DirectMethodHandle$Holder.invokeVirtual(Ljava/lang/Object;Ljava/lang/Object;Ljava/lang/Object;)V+11 java.base@21.0.11
j  java.lang.invoke.LambdaForm$MH+0x000001a21001cc00.invoke(Ljava/lang/Object;Ljava/lang/Object;Ljava/lang/Object;)Ljava/lang/Object;+52 java.base@21.0.11
J 2281 c1 jdk.internal.reflect.DirectMethodHandleAccessor.invoke(Ljava/lang/Object;[Ljava/lang/Object;)Ljava/lang/Object; java.base@21.0.11 (92 bytes) @ 0x000001a20047363c [0x000001a200471a40+0x0000000000001bfc]
J 2280 c1 java.lang.reflect.Method.invoke(Ljava/lang/Object;[Ljava/lang/Object;)Ljava/lang/Object; java.base@21.0.11 (108 bytes) @ 0x000001a2004711d4 [0x000001a200470cc0+0x0000000000000514]
j  org.gradle.internal.reflect.JavaMethod.invoke(Ljava/lang/Object;[Ljava/lang/Object;)Ljava/lang/Object;+6
j  org.gradle.internal.service.ReflectionBasedServiceMethod.invoke(Ljava/lang/Object;[Ljava/lang/Object;)Ljava/lang/Object;+6
j  org.gradle.internal.service.DefaultServiceRegistry.applyConfigureMethod(Lorg/gradle/internal/service/ServiceMethod;Ljava/lang/Object;)V+140
j  org.gradle.internal.service.DefaultServiceRegistry.findProviderMethods(Lorg/gradle/internal/service/ServiceRegistrationProvider;)V+196
j  org.gradle.internal.service.DefaultServiceRegistry.addProvider(Lorg/gradle/internal/service/ServiceRegistrationProvider;)Lorg/gradle/internal/service/DefaultServiceRegistry;+6
j  org.gradle.internal.service.DefaultServiceRegistry$1.addProvider(Lorg/gradle/internal/service/ServiceRegistrationProvider;)V+5
j  org.gradle.composite.internal.CompositeBuildServices.registerBuildTreeServices(Lorg/gradle/internal/service/ServiceRegistration;)V+9
j  org.gradle.internal.buildtree.BuildTreeScopeServices.configure(Lorg/gradle/internal/service/ServiceRegistration;Ljava/util/List;)V+30
j  java.lang.invoke.LambdaForm$DMH+0x000001a2100a8400.invokeVirtual(Ljava/lang/Object;Ljava/lang/Object;Ljava/lang/Object;Ljava/lang/Object;)V+14 java.base@21.0.11
j  java.lang.invoke.LambdaForm$MH+0x000001a21020c800.invoke(Ljava/lang/Object;Ljava/lang/Object;Ljava/lang/Object;Ljava/lang/Object;)Ljava/lang/Object;+73 java.base@21.0.11
J 2281 c1 jdk.internal.reflect.DirectMethodHandleAccessor.invoke(Ljava/lang/Object;[Ljava/lang/Object;)Ljava/lang/Object; java.base@21.0.11 (92 bytes) @ 0x000001a200472fe4 [0x000001a200471a40+0x00000000000015a4]
J 2280 c1 java.lang.reflect.Method.invoke(Ljava/lang/Object;[Ljava/lang/Object;)Ljava/lang/Object; java.base@21.0.11 (108 bytes) @ 0x000001a2004711d4 [0x000001a200470cc0+0x0000000000000514]
j  org.gradle.internal.reflect.JavaMethod.invoke(Ljava/lang/Object;[Ljava/lang/Object;)Ljava/lang/Object;+6
j  org.gradle.internal.service.ReflectionBasedServiceMethod.invoke(Ljava/lang/Object;[Ljava/lang/Object;)Ljava/lang/Object;+6
j  org.gradle.internal.service.DefaultServiceRegistry.applyConfigureMethod(Lorg/gradle/internal/service/ServiceMethod;Ljava/lang/Object;)V+140
j  org.gradle.internal.service.DefaultServiceRegistry.findProviderMethods(Lorg/gradle/internal/service/ServiceRegistrationProvider;)V+196
j  org.gradle.internal.service.DefaultServiceRegistry.addProvider(Lorg/gradle/internal/service/ServiceRegistrationProvider;)Lorg/gradle/internal/service/DefaultServiceRegistry;+6
j  org.gradle.internal.service.ServiceRegistryBuilder.build()Lorg/gradle/internal/service/ServiceRegistry;+93
j  org.gradle.internal.buildtree.BuildTreeState.<init>(Lorg/gradle/internal/scopeids/id/BuildInvocationScopeId;Lorg/gradle/internal/service/ServiceRegistry;Lorg/gradle/internal/buildtree/BuildTreeModelControllerServices$Supplier;)V+35
j  org.gradle.launcher.exec.BuildTreeLifecycleBuildActionExecutor.execute(Lorg/gradle/internal/invocation/BuildAction;Lorg/gradle/internal/session/BuildSessionContext;)Lorg/gradle/internal/buildtree/BuildActionRunner$Result;+61
j  org.gradle.launcher.exec.RunAsBuildOperationBuildActionExecutor$3.call(Lorg/gradle/internal/operations/BuildOperationContext;)Lorg/gradle/internal/buildtree/BuildActionRunner$Result;+25
j  org.gradle.launcher.exec.RunAsBuildOperationBuildActionExecutor$3.call(Lorg/gradle/internal/operations/BuildOperationContext;)Ljava/lang/Object;+2
j  org.gradle.internal.operations.DefaultBuildOperationRunner$CallableBuildOperationWorker.execute(Lorg/gradle/internal/operations/CallableBuildOperation;Lorg/gradle/internal/operations/BuildOperationContext;)V+3
j  org.gradle.internal.operations.DefaultBuildOperationRunner$CallableBuildOperationWorker.execute(Lorg/gradle/internal/operations/BuildOperation;Lorg/gradle/internal/operations/BuildOperationContext;)V+6
j  org.gradle.internal.operations.DefaultBuildOperationRunner$2.execute(Lorg/gradle/internal/operations/BuildOperationDescriptor;Lorg/gradle/internal/operations/BuildOperationState;Lorg/gradle/internal/operations/BuildOperationState;Lorg/gradle/internal/operations/DefaultBuildOperationRunner$ReadableBuildOperationContext;Lorg/gradle/internal/operations/DefaultBuildOperationRunner$BuildOperationExecutionListener;)Lorg/gradle/internal/operations/BuildOperation;+22
j  org.gradle.internal.operations.DefaultBuildOperationRunner$2.execute(Lorg/gradle/internal/operations/BuildOperationDescriptor;Lorg/gradle/internal/operations/BuildOperationState;Lorg/gradle/internal/operations/BuildOperationState;Lorg/gradle/internal/operations/DefaultBuildOperationRunner$ReadableBuildOperationContext;Lorg/gradle/internal/operations/DefaultBuildOperationRunner$BuildOperationExecutionListener;)Ljava/lang/Object;+8
j  org.gradle.internal.operations.DefaultBuildOperationRunner.execute(Lorg/gradle/internal/operations/BuildOperationDescriptor$Builder;Lorg/gradle/internal/operations/BuildOperationState;Lorg/gradle/internal/operations/DefaultBuildOperationRunner$BuildOperationExecution;)Ljava/lang/Object;+141
j  org.gradle.internal.operations.DefaultBuildOperationRunner.execute(Lorg/gradle/internal/operations/BuildOperation;Lorg/gradle/internal/operations/BuildOperationWorker;Lorg/gradle/internal/operations/BuildOperationState;)V+18
j  org.gradle.internal.operations.DefaultBuildOperationRunner.call(Lorg/gradle/internal/operations/CallableBuildOperation;)Ljava/lang/Object;+16
j  org.gradle.launcher.exec.RunAsBuildOperationBuildActionExecutor.execute(Lorg/gradle/internal/invocation/BuildAction;Lorg/gradle/internal/session/BuildSessionContext;)Lorg/gradle/internal/buildtree/BuildActionRunner$Result;+23
j  org.gradle.launcher.exec.RunAsWorkerThreadBuildActionExecutor.lambda$execute$0(Lorg/gradle/internal/invocation/BuildAction;Lorg/gradle/internal/session/BuildSessionContext;)Lorg/gradle/internal/buildtree/BuildActionRunner$Result;+6
j  org.gradle.launcher.exec.RunAsWorkerThreadBuildActionExecutor$$Lambda+0x000001a21027c7a0.create()Ljava/lang/Object;+12
j  org.gradle.internal.work.DefaultWorkerLeaseService.withLocks(Ljava/util/Collection;Lorg/gradle/internal/Factory;)Ljava/lang/Object;+28
j  org.gradle.internal.work.DefaultWorkerLeaseService.runAsWorkerThread(Lorg/gradle/internal/Factory;)Ljava/lang/Object;+33
j  org.gradle.launcher.exec.RunAsWorkerThreadBuildActionExecutor.execute(Lorg/gradle/internal/invocation/BuildAction;Lorg/gradle/internal/session/BuildSessionContext;)Lorg/gradle/internal/buildtree/BuildActionRunner$Result;+12
j  org.gradle.tooling.internal.provider.continuous.ContinuousBuildActionExecutor.execute(Lorg/gradle/internal/invocation/BuildAction;Lorg/gradle/internal/session/BuildSessionContext;)Lorg/gradle/internal/buildtree/BuildActionRunner$Result;+58
j  org.gradle.tooling.internal.provider.SubscribableBuildActionExecutor.execute(Lorg/gradle/internal/invocation/BuildAction;Lorg/gradle/internal/session/BuildSessionContext;)Lorg/gradle/internal/buildtree/BuildActionRunner$Result;+30
j  org.gradle.internal.session.DefaultBuildSessionContext.execute(Lorg/gradle/internal/invocation/BuildAction;)Lorg/gradle/internal/buildtree/BuildActionRunner$Result;+64
j  org.gradle.internal.buildprocess.execution.BuildSessionLifecycleBuildActionExecutor$ActionImpl.apply(Lorg/gradle/internal/session/BuildSessionContext;)Lorg/gradle/launcher/exec/BuildActionResult;+6
j  org.gradle.internal.buildprocess.execution.BuildSessionLifecycleBuildActionExecutor$ActionImpl.apply(Ljava/lang/Object;)Ljava/lang/Object;+5
j  org.gradle.internal.session.BuildSessionState.run(Ljava/util/function/Function;)Ljava/lang/Object;+5
j  org.gradle.internal.buildprocess.execution.BuildSessionLifecycleBuildActionExecutor.execute(Lorg/gradle/internal/invocation/BuildAction;Lorg/gradle/launcher/exec/BuildActionParameters;Lorg/gradle/initialization/BuildRequestContext;)Lorg/gradle/launcher/exec/BuildActionResult;+95
j  org.gradle.internal.buildprocess.execution.BuildSessionLifecycleBuildActionExecutor.execute(Lorg/gradle/internal/invocation/BuildAction;Ljava/lang/Object;Ljava/lang/Object;)Lorg/gradle/launcher/exec/BuildActionResult;+10
j  org.gradle.internal.buildprocess.execution.StartParamsValidatingActionExecutor.execute(Lorg/gradle/internal/invocation/BuildAction;Lorg/gradle/launcher/exec/BuildActionParameters;Lorg/gradle/initialization/BuildRequestContext;)Lorg/gradle/launcher/exec/BuildActionResult;+203
j  org.gradle.internal.buildprocess.execution.StartParamsValidatingActionExecutor.execute(Lorg/gradle/internal/invocation/BuildAction;Ljava/lang/Object;Ljava/lang/Object;)Lorg/gradle/launcher/exec/BuildActionResult;+10
j  org.gradle.internal.buildprocess.execution.SessionFailureReportingActionExecutor.execute(Lorg/gradle/internal/invocation/BuildAction;Lorg/gradle/launcher/exec/BuildActionParameters;Lorg/gradle/initialization/BuildRequestContext;)Lorg/gradle/launcher/exec/BuildActionResult;+7
j  org.gradle.internal.buildprocess.execution.SessionFailureReportingActionExecutor.execute(Lorg/gradle/internal/invocation/BuildAction;Ljava/lang/Object;Ljava/lang/Object;)Lorg/gradle/launcher/exec/BuildActionResult;+10
j  org.gradle.internal.buildprocess.execution.SetupLoggingActionExecutor.execute(Lorg/gradle/internal/invocation/BuildAction;Lorg/gradle/launcher/exec/BuildActionParameters;Lorg/gradle/initialization/BuildRequestContext;)Lorg/gradle/launcher/exec/BuildActionResult;+50
j  org.gradle.internal.buildprocess.execution.SetupLoggingActionExecutor.execute(Lorg/gradle/internal/invocation/BuildAction;Ljava/lang/Object;Ljava/lang/Object;)Lorg/gradle/launcher/exec/BuildActionResult;+10
j  org.gradle.launcher.daemon.server.exec.ExecuteBuild.doBuild(Lorg/gradle/launcher/daemon/server/api/DaemonCommandExecution;Lorg/gradle/launcher/daemon/protocol/Build;)V+147
j  org.gradle.launcher.daemon.server.exec.BuildCommandOnly.execute(Lorg/gradle/launcher/daemon/server/api/DaemonCommandExecution;)V+49
j  org.gradle.launcher.daemon.server.api.DaemonCommandExecution.proceed()Z+23
j  org.gradle.launcher.daemon.server.exec.WatchForDisconnection.execute(Lorg/gradle/launcher/daemon/server/api/DaemonCommandExecution;)V+19
j  org.gradle.launcher.daemon.server.api.DaemonCommandExecution.proceed()Z+23
j  org.gradle.launcher.daemon.server.exec.ResetDeprecationLogger.execute(Lorg/gradle/launcher/daemon/server/api/DaemonCommandExecution;)V+7
j  org.gradle.launcher.daemon.server.api.DaemonCommandExecution.proceed()Z+23
j  org.gradle.launcher.daemon.server.exec.RequestStopIfSingleUsedDaemon.execute(Lorg/gradle/launcher/daemon/server/api/DaemonCommandExecution;)V+33
j  org.gradle.launcher.daemon.server.api.DaemonCommandExecution.proceed()Z+23
j  org.gradle.launcher.daemon.server.exec.ForwardClientInput.lambda$execute$0(Lorg/gradle/launcher/daemon/server/api/DaemonCommandExecution;Lorg/gradle/internal/daemon/clientinput/StdinHandler;)Ljava/lang/Object;+11
j  org.gradle.launcher.daemon.server.exec.ForwardClientInput$$Lambda+0x000001a21018e230.apply(Ljava/lang/Object;)Ljava/lang/Object;+8
j  org.gradle.internal.daemon.clientinput.ClientInputForwarder.forwardInput(Ljava/util/function/Function;)Ljava/lang/Object;+46
j  org.gradle.launcher.daemon.server.exec.ForwardClientInput.execute(Lorg/gradle/launcher/daemon/server/api/DaemonCommandExecution;)V+10
j  org.gradle.launcher.daemon.server.api.DaemonCommandExecution.proceed()Z+23
j  org.gradle.launcher.daemon.server.exec.LogAndCheckHealth.execute(Lorg/gradle/launcher/daemon/server/api/DaemonCommandExecution;)V+51
j  org.gradle.launcher.daemon.server.api.DaemonCommandExecution.proceed()Z+23
j  org.gradle.launcher.daemon.server.exec.LogToClient.doBuild(Lorg/gradle/launcher/daemon/server/api/DaemonCommandExecution;Lorg/gradle/launcher/daemon/protocol/Build;)V+87
j  org.gradle.launcher.daemon.server.exec.BuildCommandOnly.execute(Lorg/gradle/launcher/daemon/server/api/DaemonCommandExecution;)V+49
j  org.gradle.launcher.daemon.server.api.DaemonCommandExecution.proceed()Z+23
j  org.gradle.launcher.daemon.server.exec.EstablishBuildEnvironment.doBuild(Lorg/gradle/launcher/daemon/server/api/DaemonCommandExecution;Lorg/gradle/launcher/daemon/protocol/Build;)V+356
j  org.gradle.launcher.daemon.server.exec.BuildCommandOnly.execute(Lorg/gradle/launcher/daemon/server/api/DaemonCommandExecution;)V+49
j  org.gradle.launcher.daemon.server.api.DaemonCommandExecution.proceed()Z+23
j  org.gradle.launcher.daemon.server.exec.StartBuildOrRespondWithBusy$1.run()V+44
j  org.gradle.launcher.daemon.server.DaemonStateCoordinator.lambda$runCommand$0(Ljava/lang/Runnable;)V+1
j  org.gradle.launcher.daemon.server.DaemonStateCoordinator$$Lambda+0x000001a21018aba8.run()V+8
j  org.gradle.internal.concurrent.ExecutorPolicy$CatchAndRecordFailures.onExecute(Ljava/lang/Runnable;)V+1
j  org.gradle.internal.concurrent.AbstractManagedExecutor$1.run()V+25
j  java.util.concurrent.ThreadPoolExecutor.runWorker(Ljava/util/concurrent/ThreadPoolExecutor$Worker;)V+92 java.base@21.0.11
j  java.util.concurrent.ThreadPoolExecutor$Worker.run()V+5 java.base@21.0.11
j  java.lang.Thread.runWith(Ljava/lang/Object;Ljava/lang/Runnable;)V+5 java.base@21.0.11
j  java.lang.Thread.run()V+19 java.base@21.0.11
v  ~StubRoutines::call_stub 0x000001a20753100d

Compiled method (n/a) 58808 2345     n 0       java.lang.Class::getDeclaredConstructors0 (native)
 total in heap  [0x000001a207bd5b10,0x000001a207bd6020] = 1296
 relocation     [0x000001a207bd5c70,0x000001a207bd5ca8] = 56
 main code      [0x000001a207bd5cc0,0x000001a207bd601f] = 863
 stub code      [0x000001a207bd601f,0x000001a207bd6020] = 1

[Constant Pool (empty)]

[MachCode]
[Entry Point]
  # {method} {0x000001a20f4676c8} 'getDeclaredConstructors0' '(Z)[Ljava/lang/reflect/Constructor;' in 'java/lang/Class'
  # this:     rdx:rdx   = 'java/lang/Class'
  # parm0:    r8        = boolean
  #           [sp+0x70]  (sp of caller)
  0x000001a207bd5cc0: 448b 5208 | 49bb 0000 | 000f a201 | 0000 4d03 | d349 3bc2 | 0f84 0600 

  0x000001a207bd5cd8: ;   {runtime_call ic_miss_stub}
  0x000001a207bd5cd8: 0000 e9a1 | 8a9a ff90 
[Verified Entry Point]
  0x000001a207bd5ce0: 8984 2400 | 80ff ff55 | 488b ec48 | 83ec 6090 | 4181 7f20 | 0100 0000 

  0x000001a207bd5cf8: ;   {runtime_call StubRoutines (final stubs)}
  0x000001a207bd5cf8: 7405 e8a1 | 0799 ff48 | 8954 2420 | 4883 fa00 | 488d 5424 | 2048 0f44 | 5424 20c5 

  0x000001a207bd5d14: ;   {internal_word}
  0x000001a207bd5d14: f877 49ba | 135d bd07 | a201 0000 | 4d89 97a8 | 0300 0049 | 89a7 a003 

  0x000001a207bd5d2c: ;   {external_word}
  0x000001a207bd5d2c: 0000 49ba | c66c 8f5a | f97f 0000 | 4180 3a00 | 0f84 4a00 | 0000 5241 

  0x000001a207bd5d44: ;   {metadata({method} {0x000001a20f4676c8} 'getDeclaredConstructors0' '(Z)[Ljava/lang/reflect/Constructor;' in 'java/lang/Class')}
  0x000001a207bd5d44: 5048 bac0 | 7646 0fa2 | 0100 0049 | 8bcf 4883 | ec20 40f6 | c40f 0f84 | 1900 0000 | 4883 ec08 
  0x000001a207bd5d64: ;   {runtime_call}
  0x000001a207bd5d64: 48b8 20e5 | 385a f97f | 0000 ffd0 | 4883 c408 | e90c 0000 

  0x000001a207bd5d78: ;   {runtime_call}
  0x000001a207bd5d78: 0048 b820 | e538 5af9 | 7f00 00ff | d048 83c4 | 2041 585a | 498d 8fc0 | 0300 0041 | c787 4c04 
  0x000001a207bd5d98: 0000 0400 

  0x000001a207bd5d9c: ;   {runtime_call}
  0x000001a207bd5d9c: 0000 48b8 | b5dc 5449 | fa7f 0000 | ffd0 c5f8 | 7741 c787 | 4c04 0000 | 0500 0000 | f083 4424 
  0x000001a207bd5dbc: c000 493b | af50 0400 | 000f 870e | 0000 0041 | 83bf 4804 | 0000 000f | 842b 0000 | 00c5 f877 
  0x000001a207bd5ddc: 4889 45f8 | 498b cf4c | 8be4 4883 | ec20 4883 

  0x000001a207bd5dec: ;   {runtime_call}
  0x000001a207bd5dec: e4f0 48b8 | e053 045a | f97f 0000 | ffd0 498b | e44d 33e4 | 488b 45f8 | 41c7 874c | 0400 0008 
  0x000001a207bd5e0c: 0000 0041 | 83bf c804 | 0000 020f | 84d5 0100 

  0x000001a207bd5e1c: ;   {external_word}
  0x000001a207bd5e1c: 0049 bac6 | 6c8f 5af9 | 7f00 0041 | 803a 000f | 844c 0000 | 0048 8945 

  0x000001a207bd5e34: ;   {metadata({method} {0x000001a20f4676c8} 'getDeclaredConstructors0' '(Z)[Ljava/lang/reflect/Constructor;' in 'java/lang/Class')}
  0x000001a207bd5e34: f848 bac0 | 7646 0fa2 | 0100 0049 | 8bcf 4883 | ec20 40f6 | c40f 0f84 | 1900 0000 | 4883 ec08 
  0x000001a207bd5e54: ;   {runtime_call}
  0x000001a207bd5e54: 48b8 20e5 | 385a f97f | 0000 ffd0 | 4883 c408 | e90c 0000 

  0x000001a207bd5e68: ;   {runtime_call}
  0x000001a207bd5e68: 0048 b820 | e538 5af9 | 7f00 00ff | d048 83c4 | 2048 8b45 | f849 c787 | a003 0000 | 0000 0000 
  0x000001a207bd5e88: 49c7 87a8 | 0300 0000 | 0000 00c5 | f877 4885 | c00f 8430 | 0100 00a8 | 030f 8508 | 0000 0048 
  0x000001a207bd5ea8: 8b00 e920 | 0100 00a8 | 010f 8509 | 0000 0048 | 8b40 fee9 | 0f01 0000 | 488b 40ff | 4180 7f40 
  0x000001a207bd5ec8: 000f 8400 | 0100 0048 | 83f8 000f | 84f6 0000 | 0049 8b4f | 2848 83f9 | 000f 8414 | 0000 0048 
  0x000001a207bd5ee8: 83e9 0849 | 894f 2849 | 034f 3848 | 8901 e9d4 | 0000 0048 | 83ec 7048 | 8904 2448 | 894c 2408 
  0x000001a207bd5f08: 4889 5424 | 104c 8944 | 2418 4c89 | 4c24 204c | 8954 2428 | 4c89 5c24 | 30c5 fb11 | 4424 40c5 
  0x000001a207bd5f28: fb11 4c24 | 48c5 fb11 | 5424 50c5 | fb11 5c24 | 58c5 fb11 | 6424 60c5 | fb11 6c24 | 6849 8bd7 
  0x000001a207bd5f48: 488b c848 | 83ec 2040 | f6c4 0f0f | 8419 0000 | 0048 83ec 

  0x000001a207bd5f5c: ;   {runtime_call}
  0x000001a207bd5f5c: 0848 b860 | a3f7 59f9 | 7f00 00ff | d048 83c4 | 08e9 0c00 

  0x000001a207bd5f70: ;   {runtime_call}
  0x000001a207bd5f70: 0000 48b8 | 60a3 f759 | f97f 0000 | ffd0 4883 | c420 c5fb | 106c 2468 | c5fb 1064 | 2460 c5fb 
  0x000001a207bd5f90: 105c 2458 | c5fb 1054 | 2450 c5fb | 104c 2448 | c5fb 1044 | 2440 4c8b | 5c24 304c | 8b54 2428 
  0x000001a207bd5fb0: 4c8b 4c24 | 204c 8b44 | 2418 488b | 5424 1048 | 8b4c 2408 | 488b 0424 | 4883 c470 | c5f8 7749 
  0x000001a207bd5fd0: 8b8f 3004 | 0000 c781 | 0001 0000 | 0000 0000 | c949 837f | 0800 0f85 | 0100 0000 

  0x000001a207bd5fec: ;   {runtime_call StubRoutines (initial stubs)}
  0x000001a207bd5fec: c3e9 0eaf | 95ff c5f8 | 7748 8945 | f84c 8be4 | 4883 ec20 | 4883 e4f0 

  0x000001a207bd6004: ;   {runtime_call}
  0x000001a207bd6004: 48b8 701c | 395a f97f | 0000 ffd0 | 498b e44d | 33e4 488b | 45f8 e9fe | fdff fff4 
[/MachCode]


Compiled method (c1) 58818 2281   !   3       jdk.internal.reflect.DirectMethodHandleAccessor::invoke (92 bytes)
 total in heap  [0x000001a200471510,0x000001a200475f08] = 18936
 relocation     [0x000001a200471670,0x000001a200471a40] = 976
 main code      [0x000001a200471a40,0x000001a2004747a8] = 11624
 stub code      [0x000001a2004747a8,0x000001a2004748d8] = 304
 oops           [0x000001a2004748d8,0x000001a200474910] = 56
 metadata       [0x000001a200474910,0x000001a200474988] = 120
 scopes data    [0x000001a200474988,0x000001a200474ef8] = 1392
 scopes pcs     [0x000001a200474ef8,0x000001a200475558] = 1632
 dependencies   [0x000001a200475558,0x000001a200475560] = 8
 handler table  [0x000001a200475560,0x000001a200475e30] = 2256
 nul chk table  [0x000001a200475e30,0x000001a200475f08] = 216

[Constant Pool (empty)]

[MachCode]
[Entry Point]
  # {method} {0x000001a20f19cd78} 'invoke' '(Ljava/lang/Object;[Ljava/lang/Object;)Ljava/lang/Object;' in 'jdk/internal/reflect/DirectMethodHandleAccessor'
  # this:     rdx:rdx   = 'jdk/internal/reflect/DirectMethodHandleAccessor'
  # parm0:    r8:r8     = 'java/lang/Object'
  # parm1:    r9:r9     = '[Ljava/lang/Object;'
  #           [sp+0x180]  (sp of caller)
  0x000001a200471a40: 448b 5208 | 49bb 0000 | 000f a201 | 0000 4d03 | d34c 3bd0 

  0x000001a200471a54: ;   {runtime_call ic_miss_stub}
  0x000001a200471a54: 0f85 26cd | 1007 660f | 1f44 0000 
[Verified Entry Point]
  0x000001a200471a60: 8984 2400 | 80ff ff55 | 4881 ec70 | 0100 0090 | 4181 7f20 | 0100 0000 

  0x000001a200471a78: ;   {runtime_call StubRoutines (final stubs)}
  0x000001a200471a78: 7405 e821 | 4a0f 0748 | 8994 24b0 | 0000 004c | 8984 24c0 | 0000 004c | 898c 24b8 

  0x000001a200471a94: ;   {metadata(method data for {method} {0x000001a20f19cd78} 'invoke' '(Ljava/lang/Object;[Ljava/lang/Object;)Ljava/lang/Object;' in 'jdk/internal/reflect/DirectMethodHandleAccessor')}
  0x000001a200471a94: 0000 0048 | be08 a67f | 78a2 0100 | 008b becc | 0000 0083 | c702 89be | cc00 0000 | 81e7 fe07 
  0x000001a200471ab4: 0000 85ff | 0f84 2327 | 0000 488b 

  0x000001a200471ac0: ;   {metadata(method data for {method} {0x000001a20f19cd78} 'invoke' '(Ljava/lang/Object;[Ljava/lang/Object;)Ljava/lang/Object;' in 'jdk/internal/reflect/DirectMethodHandleAccessor')}
  0x000001a200471ac0: f248 bf08 | a67f 78a2 | 0100 0048 | 8387 1001 

  0x000001a200471ad0: ;   {metadata(method data for {method} {0x000001a20f3c8590} 'isStatic' '()Z' in 'jdk/internal/reflect/DirectMethodHandleAccessor')}
  0x000001a200471ad0: 0000 0148 | be40 a97f | 78a2 0100 | 008b becc | 0000 0083 | c702 89be | cc00 0000 | 81e7 feff 
  0x000001a200471af0: 1f00 85ff | 0f84 0827 | 0000 8b72 | 1081 e600 | 0200 0081 | fe00 0200 

  0x000001a200471b08: ;   {metadata(method data for {method} {0x000001a20f3c8590} 'isStatic' '()Z' in 'jdk/internal/reflect/DirectMethodHandleAccessor')}
  0x000001a200471b08: 0048 be40 | a97f 78a2 | 0100 0048 | c7c7 1001 | 0000 7507 | 48c7 c720 | 0100 0048 | 8b1c 3e48 
  0x000001a200471b28: 8d5b 0148 | 891c 3e0f | 851a 0000 

  0x000001a200471b34: ;   {metadata(method data for {method} {0x000001a20f3c8590} 'isStatic' '()Z' in 'jdk/internal/reflect/DirectMethodHandleAccessor')}
  0x000001a200471b34: 0048 be40 | a97f 78a2 | 0100 00ff | 8630 0100 | 00be 0100 | 0000 e905 | 0000 00be | 0000 0000 
  0x000001a200471b54: 83e6 0185 

  0x000001a200471b58: ;   {metadata(method data for {method} {0x000001a20f19cd78} 'invoke' '(Ljava/lang/Object;[Ljava/lang/Object;)Ljava/lang/Object;' in 'jdk/internal/reflect/DirectMethodHandleAccessor')}
  0x000001a200471b58: f648 be08 | a67f 78a2 | 0100 0048 | c7c7 4801 | 0000 7507 | 48c7 c758 | 0100 0048 | 8b1c 3e48 
  0x000001a200471b78: 8d5b 0148 | 891c 3e0f | 85d5 0000 | 0048 8bf2 

  0x000001a200471b88: ;   {metadata(method data for {method} {0x000001a20f19cd78} 'invoke' '(Ljava/lang/Object;[Ljava/lang/Object;)Ljava/lang/Object;' in 'jdk/internal/reflect/DirectMethodHandleAccessor')}
  0x000001a200471b88: 48bf 08a6 | 7f78 a201 | 0000 4883 | 8768 0100 

  0x000001a200471b98: ;   {metadata(method data for {method} {0x000001a20f3c84e0} 'checkReceiver' '(Ljava/lang/Object;)V' in 'jdk/internal/reflect/DirectMethodHandleAccessor')}
  0x000001a200471b98: 0001 48be | b0aa 7f78 | a201 0000 | 8bbe cc00 | 0000 83c7 | 0289 becc | 0000 0081 | e7fe ff1f 
  0x000001a200471bb8: 0085 ff0f | 8462 2600 | 008b 7214 

  0x000001a200471bc4: ; implicit exception: dispatches to 0x000001a200474244
  0x000001a200471bc4: 493b 0049 

  0x000001a200471bc8: ;   {metadata(method data for {method} {0x000001a20f3c84e0} 'checkReceiver' '(Ljava/lang/Object;)V' in 'jdk/internal/reflect/DirectMethodHandleAccessor')}
  0x000001a200471bc8: 8bf8 48bb | b0aa 7f78 | a201 0000 | 4883 8310 | 0100 0001 | 418b 7808 | 49ba 0000 | 000f a201 
  0x000001a200471be8: 0000 4903 | fa48 8b7f | 7048 8b3f 

  0x000001a200471bf4: ; implicit exception: dispatches to 0x000001a200474249
  0x000001a200471bf4: 483b 0648 

  0x000001a200471bf8: ;   {metadata(method data for {method} {0x000001a20f3c84e0} 'checkReceiver' '(Ljava/lang/Object;)V' in 'jdk/internal/reflect/DirectMethodHandleAccessor')}
  0x000001a200471bf8: 8bde 48b8 | b0aa 7f78 | a201 0000 | 4883 8048 | 0100 0001 | 4c8b c748 | 8bd6 0f1f 

  0x000001a200471c14: ;   {optimized virtual_call}
  0x000001a200471c14: 4400 00e8 

  0x000001a200471c18: ; ImmutableOopMap {[176]=Oop [184]=Oop [192]=Oop }
                      ;*invokevirtual isAssignableFrom {reexecute=0 rethrow=0 return_oop=0}
                      ; - jdk.internal.reflect.DirectMethodHandleAccessor::checkReceiver@8
                      ; - jdk.internal.reflect.DirectMethodHandleAccessor::invoke@9
  0x000001a200471c18: 2428 6707 

  0x000001a200471c1c: ;   {other}
  0x000001a200471c1c: 0f1f 8400 | 0c07 0000 

  0x000001a200471c24: ;   {metadata(method data for {method} {0x000001a20f3c84e0} 'checkReceiver' '(Ljava/lang/Object;)V' in 'jdk/internal/reflect/DirectMethodHandleAccessor')}
  0x000001a200471c24: 85c0 48ba | b0aa 7f78 | a201 0000 | 49c7 c090 | 0100 0074 | 0749 c7c0 | 8001 0000 | 4a8b 3402 
  0x000001a200471c44: 488d 7601 | 4a89 3402 | 0f84 2724 | 0000 488b | 9424 b000 | 0000 448b 

  0x000001a200471c5c: ;   {metadata(method data for {method} {0x000001a20f19cd78} 'invoke' '(Ljava/lang/Object;[Ljava/lang/Object;)Ljava/lang/Object;' in 'jdk/internal/reflect/DirectMethodHandleAccessor')}
  0x000001a200471c5c: 420c 48be | 08a6 7f78 | a201 0000 | 4883 86a0 | 0100 0001 | 498b d04c | 8b84 24b8 | 0000 000f 
  0x000001a200471c7c: ;   {static_call}
  0x000001a200471c7c: 1f40 00e8 

  0x000001a200471c80: ; ImmutableOopMap {[176]=Oop [184]=Oop [192]=Oop }
                      ;*invokestatic checkArgumentCount {reexecute=0 rethrow=0 return_oop=0}
                      ; - jdk.internal.reflect.DirectMethodHandleAccessor::invoke@17
  0x000001a200471c80: fcdb 1000 

  0x000001a200471c84: ;   {other}
  0x000001a200471c84: 0f1f 8400 | 7407 0001 | 488b 9424 | b000 0000 

  0x000001a200471c94: ;   {metadata(method data for {method} {0x000001a20f19cd78} 'invoke' '(Ljava/lang/Object;[Ljava/lang/Object;)Ljava/lang/Object;' in 'jdk/internal/reflect/DirectMethodHandleAccessor')}
  0x000001a200471c94: 488b f248 | bf08 a67f | 78a2 0100 | 0048 8387 | b001 0000 

  0x000001a200471ca8: ;   {metadata(method data for {method} {0x000001a20f3c8328} 'invokeImpl' '(Ljava/lang/Object;[Ljava/lang/Object;)Ljava/lang/Object;' in 'jdk/internal/reflect/DirectMethodHandleAccessor')}
  0x000001a200471ca8: 0148 be90 | af7f 78a2 | 0100 008b | becc 0000 | 0083 c702 | 89be cc00 | 0000 81e7 | feff 1f00 
  0x000001a200471cc8: 85ff 0f84 | 7e25 0000 

  0x000001a200471cd0: ;   {metadata(method data for {method} {0x000001a20f3c8328} 'invokeImpl' '(Ljava/lang/Object;[Ljava/lang/Object;)Ljava/lang/Object;' in 'jdk/internal/reflect/DirectMethodHandleAccessor')}
  0x000001a200471cd0: 8b72 0c48 | bf90 af7f | 78a2 0100 | 0048 c7c3 | 1801 0000 | 85f6 488b | c348 c7c3 | 2801 0000 
  0x000001a200471cf0: 480f 45d8 | 83fe 0148 | 8bc3 48c7 | c338 0100 | 0048 0f45 | d883 fe02 | 488b c348 | c7c3 4801 
  0x000001a200471d10: 0000 480f | 45d8 83fe | 0348 8bc3 | 48c7 c358 | 0100 0048 | 0f45 d848 | 8b04 1f49 | c7c2 0100 
  0x000001a200471d30: 0000 4903 | c248 8904 | 1f85 f60f | 84f9 1900 | 0083 fe01 | 0f84 9813 | 0000 83fe | 020f 8407 
  0x000001a200471d50: 0d00 0083 | fe03 0f84 | 3606 0000 | 4c8b 8424 | c000 0000 | 8b72 1848 | 89b4 24c8 

  0x000001a200471d6c: ;   {metadata(method data for {method} {0x000001a20f3c8328} 'invokeImpl' '(Ljava/lang/Object;[Ljava/lang/Object;)Ljava/lang/Object;' in 'jdk/internal/reflect/DirectMethodHandleAccessor')}
  0x000001a200471d6c: 0000 0048 | bf90 af7f | 78a2 0100 | 0048 8dbf | 9803 0000 | 4d85 c075 | 0ef6 4708 | 0175 53f0 
  0x000001a200471d8c: 4883 4f08 | 01eb 4b41 | 8b58 0849 | ba00 0000 | 0fa2 0100 | 0049 03da | 4c8b d348 | 335f 0848 
  0x000001a200471dac: f7c3 fcff | ffff 742a | f6c3 0275 | 2548 f747 | 08fe ffff | ff74 1749 | 8bda 4833 | 5f08 48f7 
  0x000001a200471dcc: c3fc ffff | ff74 0b48 | 834f 0802 | eb04 4889 

  0x000001a200471ddc: ;   {metadata(method data for {method} {0x000001a20f0ae518} 'invokeExact_MT' '(Ljava/lang/Object;Ljava/lang/Object;Ljava/lang/Object;Ljava/lang/Object;)Ljava/lang/Object;' in 'java/lang/invoke/Invokers$Holder')}
  0x000001a200471ddc: 5f08 48bf | a8b3 7f78 | a201 0000 | 488d bfb8 | 0200 0048 | 85f6 750c | f607 0175 | 4cf0 4883 
  0x000001a200471dfc: 0f01 eb45 | 8b5e 0849 | ba00 0000 | 0fa2 0100 | 0049 03da | 4c8b d348 | 331f 48f7 | c3fc ffff 
  0x000001a200471e1c: ff74 26f6 | c302 7521 | 48f7 07fe | ffff ff74 | 1549 8bda | 4833 1f48 | f7c3 fcff | ffff 7409 
  0x000001a200471e3c: 4883 0f02 | eb03 4889 | 1f4d 85c0 | 750e f647 | 1001 7553 | f048 834f | 1001 eb4b | 418b 5808 
  0x000001a200471e5c: 49ba 0000 | 000f a201 | 0000 4903 | da4c 8bd3 | 4833 5f10 | 48f7 c3fc | ffff ff74 | 2af6 c302 
  0x000001a200471e7c: 7525 48f7 | 4710 feff | ffff 7417 | 498b da48 | 335f 1048 | f7c3 fcff | ffff 740b | 4883 4f10 
  0x000001a200471e9c: 02eb 0448 

  0x000001a200471ea0: ;   {metadata(method data for {method} {0x000001a20f3c8328} 'invokeImpl' '(Ljava/lang/Object;[Ljava/lang/Object;)Ljava/lang/Object;' in 'jdk/internal/reflect/DirectMethodHandleAccessor')}
  0x000001a200471ea0: 895f 1048 | bf90 af7f | 78a2 0100 | 0048 8387 | 6003 0000 

  0x000001a200471eb4: ;   {metadata(method data for {method} {0x000001a20f0ae518} 'invokeExact_MT' '(Ljava/lang/Object;Ljava/lang/Object;Ljava/lang/Object;Ljava/lang/Object;)Ljava/lang/Object;' in 'java/lang/invoke/Invokers$Holder')}
  0x000001a200471eb4: 0148 bfa8 | b37f 78a2 | 0100 008b | 9fcc 0000 | 0083 c302 | 899f cc00 | 0000 81e3 | feff 1f00 
  0x000001a200471ed4: 85db 0f84 | 9323 0000 

  0x000001a200471edc: ;   {metadata(method data for {method} {0x000001a20f0ae518} 'invokeExact_MT' '(Ljava/lang/Object;Ljava/lang/Object;Ljava/lang/Object;Ljava/lang/Object;)Ljava/lang/Object;' in 'java/lang/invoke/Invokers$Holder')}
  0x000001a200471edc: 48bf a8b3 | 7f78 a201 | 0000 488d | bf90 0100 | 0048 85f6 | 750e f647 | 0801 7552 | f048 834f 
  0x000001a200471efc: 0801 eb4a | 8b5e 0849 | ba00 0000 | 0fa2 0100 | 0049 03da | 4c8b d348 | 335f 0848 | f7c3 fcff 
  0x000001a200471f1c: ffff 742a | f6c3 0275 | 2548 f747 | 08fe ffff | ff74 1749 | 8bda 4833 | 5f08 48f7 | c3fc ffff 
  0x000001a200471f3c: ff74 0b48 | 834f 0802 | eb04 4889 

  0x000001a200471f48: ;   {oop(a 'java/lang/invoke/MethodType'{0x00000000ed4f93f0} = (Ljava/lang/Object;[Ljava/lang/Object;)Ljava/lang/Object;)}
  0x000001a200471f48: 5f08 48bb | f093 4fed | 0000 0000 | 4885 db75 | 0cf6 4718 | 0175 06f0 | 4883 4f18 

  0x000001a200471f64: ;   {metadata(method data for {method} {0x000001a20f0ae518} 'invokeExact_MT' '(Ljava/lang/Object;Ljava/lang/Object;Ljava/lang/Object;Ljava/lang/Object;)Ljava/lang/Object;' in 'java/lang/invoke/Invokers$Holder')}
  0x000001a200471f64: 0148 bfa8 | b37f 78a2 | 0100 0048 | 8387 8001 

  0x000001a200471f74: ;   {metadata(method data for {method} {0x000001a20f3dc218} 'checkExactType' '(Ljava/lang/invoke/MethodHandle;Ljava/lang/invoke/MethodType;)V' in 'java/lang/invoke/Invokers')}
  0x000001a200471f74: 0000 0148 | bfd0 c918 | 78a2 0100 | 008b 87cc | 0000 0083 | c002 8987 | cc00 0000 | 25fe ff1f 
  0x000001a200471f94: 0085 c00f | 84f3 2200 | 0048 3b06 

  0x000001a200471fa0: ;   {metadata(method data for {method} {0x000001a20f3dc218} 'checkExactType' '(Ljava/lang/invoke/MethodHandle;Ljava/lang/invoke/MethodType;)V' in 'java/lang/invoke/Invokers')}
  0x000001a200471fa0: 488b fe48 | b8d0 c918 | 78a2 0100 | 008b 7f08 | 49ba 0000 | 000f a201 | 0000 4903 | fa48 3bb8 
  0x000001a200471fc0: 2001 0000 | 750d 4883 | 8028 0100 | 0001 e960 | 0000 0048 | 3bb8 3001 | 0000 750d | 4883 8038 
  0x000001a200471fe0: 0100 0001 | e94a 0000 | 0048 83b8 | 2001 0000 | 0075 1748 | 89b8 2001 | 0000 48c7 | 8028 0100 
  0x000001a200472000: 0001 0000 | 00e9 2900 | 0000 4883 | b830 0100 | 0000 7517 | 4889 b830 | 0100 0048 | c780 3801 
  0x000001a200472020: 0000 0100 | 0000 e908 | 0000 0048 | 8380 1001 | 0000 018b | 7e10 483b 

  0x000001a200472038: ;   {metadata(method data for {method} {0x000001a20f3dc218} 'checkExactType' '(Ljava/lang/invoke/MethodHandle;Ljava/lang/invoke/MethodType;)V' in 'java/lang/invoke/Invokers')}
  0x000001a200472038: fb48 bbd0 | c918 78a2 | 0100 0048 | c7c0 5801 | 0000 7507 | 48c7 c048 | 0100 0048 | 8b0c 0348 
  0x000001a200472058: 8d49 0148 | 890c 030f | 85b2 1b00 

  0x000001a200472064: ;   {metadata(method data for {method} {0x000001a20f0ae518} 'invokeExact_MT' '(Ljava/lang/Object;Ljava/lang/Object;Ljava/lang/Object;Ljava/lang/Object;)Ljava/lang/Object;' in 'java/lang/invoke/Invokers$Holder')}
  0x000001a200472064: 0048 bfa8 | b37f 78a2 | 0100 0048 | 8dbf c801 | 0000 8b5e | 0849 ba00 | 0000 0fa2 | 0100 0049 
  0x000001a200472084: 03da 4c8b | d348 335f | 0848 f7c3 | fcff ffff | 742a f6c3 | 0275 2548 | f747 08fe | ffff ff74 
  0x000001a2004720a4: 1749 8bda | 4833 5f08 | 48f7 c3fc | ffff ff74 | 0b48 834f | 0802 eb04 | 4889 5f08 

  0x000001a2004720c0: ;   {metadata(method data for {method} {0x000001a20f0ae518} 'invokeExact_MT' '(Ljava/lang/Object;Ljava/lang/Object;Ljava/lang/Object;Ljava/lang/Object;)Ljava/lang/Object;' in 'java/lang/invoke/Invokers$Holder')}
  0x000001a2004720c0: 48bf a8b3 | 7f78 a201 | 0000 4883 | 87b8 0100 

  0x000001a2004720d0: ;   {metadata(method data for {method} {0x000001a20f3dc110} 'checkCustomized' '(Ljava/lang/invoke/MethodHandle;)V' in 'java/lang/invoke/Invokers')}
  0x000001a2004720d0: 0001 48bf | 58c0 1878 | a201 0000 | 8b9f cc00 | 0000 83c3 | 0289 9fcc | 0000 0081 | e3fe ff1f 
  0x000001a2004720f0: 0085 db0f | 84bd 2100 

  0x000001a2004720f8: ;   {metadata(method data for {method} {0x000001a20f3dc110} 'checkCustomized' '(Ljava/lang/invoke/MethodHandle;)V' in 'java/lang/invoke/Invokers')}
  0x000001a2004720f8: 0048 bf58 | c018 78a2 | 0100 0048 | 8387 1001 

  0x000001a200472108: ;   {metadata(method data for {method} {0x000001a20f0944d8} 'isCompileConstant' '(Ljava/lang/Object;)Z' in 'java/lang/invoke/MethodHandleImpl')}
  0x000001a200472108: 0000 0148 | bf08 c218 | 78a2 0100 | 008b 9fcc | 0000 0083 | c302 899f | cc00 0000 | 81e3 feff 
  0x000001a200472128: 1f00 85db | 0f84 a521 

  0x000001a200472130: ;   {metadata(method data for {method} {0x000001a20f3dc110} 'checkCustomized' '(Ljava/lang/invoke/MethodHandle;)V' in 'java/lang/invoke/Invokers')}
  0x000001a200472130: 0000 48bf | 58c0 1878 | a201 0000 | ff87 2001 | 0000 8b7e | 148b 7f1c 

  0x000001a200472148: ;   {metadata(method data for {method} {0x000001a20f3dc110} 'checkCustomized' '(Ljava/lang/invoke/MethodHandle;)V' in 'java/lang/invoke/Invokers')}
  0x000001a200472148: 4885 ff48 | bf58 c018 | 78a2 0100 | 0048 c7c3 | 4001 0000 | 7507 48c7 | c350 0100 | 0048 8b04 
  0x000001a200472168: 1f48 8d40 | 0148 8904 | 1f0f 8525 

  0x000001a200472174: ;   {metadata(method data for {method} {0x000001a20f3dc110} 'checkCustomized' '(Ljava/lang/invoke/MethodHandle;)V' in 'java/lang/invoke/Invokers')}
  0x000001a200472174: 0000 0048 | bf58 c018 | 78a2 0100 | 0048 8387 | 6001 0000 | 0148 8bd6 

  0x000001a20047218c: ;   {static_call}
  0x000001a20047218c: 6666 90e8 

  0x000001a200472190: ; ImmutableOopMap {[176]=Oop [184]=Oop [192]=Oop [200]=Oop }
                      ;*invokestatic maybeCustomize {reexecute=0 rethrow=0 return_oop=0}
                      ; - java.lang.invoke.Invokers::checkCustomized@19
                      ; - java.lang.invoke.Invokers$Holder::invokeExact_MT@14
                      ; - jdk.internal.reflect.DirectMethodHandleAccessor::invokeImpl@104
                      ; - jdk.internal.reflect.DirectMethodHandleAccessor::invoke@23
  0x000001a200472190: ac86 eaff 

  0x000001a200472194: ;   {other}
  0x000001a200472194: 0f1f 8400 | 840c 0002 | 4c8b 8c24 | b800 0000 | 4c8b 8424 | c000 0000 

  0x000001a2004721ac: ;   {metadata(method data for {method} {0x000001a20f0ae518} 'invokeExact_MT' '(Ljava/lang/Object;Ljava/lang/Object;Ljava/lang/Object;Ljava/lang/Object;)Ljava/lang/Object;' in 'java/lang/invoke/Invokers$Holder')}
  0x000001a2004721ac: 48ba a8b3 | 7f78 a201 | 0000 488d | 9218 0200 | 004d 85c0 | 750e f642 | 0801 7554 | f048 834a 
  0x000001a2004721cc: 0801 eb4c | 418b 7008 | 49ba 0000 | 000f a201 | 0000 4903 | f24c 8bd6 | 4833 7208 | 48f7 c6fc 
  0x000001a2004721ec: ffff ff74 | 2b40 f6c6 | 0275 2548 | f742 08fe | ffff ff74 | 1749 8bf2 | 4833 7208 | 48f7 c6fc 
  0x000001a20047220c: ffff ff74 | 0b48 834a | 0802 eb04 | 4889 7208 | 4d85 c975 | 0ef6 4218 | 0175 54f0 | 4883 4a18 
  0x000001a20047222c: 01eb 4c41 | 8b71 0849 | ba00 0000 | 0fa2 0100 | 0049 03f2 | 4c8b d648 | 3372 1848 | f7c6 fcff 
  0x000001a20047224c: ffff 742b | 40f6 c602 | 7525 48f7 | 4218 feff | ffff 7417 | 498b f248 | 3372 1848 | f7c6 fcff 
  0x000001a20047226c: ffff 740b | 4883 4a18 | 02eb 0448 | 8972 1848 | 8bb4 24c8 

  0x000001a200472280: ;   {metadata(method data for {method} {0x000001a20f0ae518} 'invokeExact_MT' '(Ljava/lang/Object;Ljava/lang/Object;Ljava/lang/Object;Ljava/lang/Object;)Ljava/lang/Object;' in 'java/lang/invoke/Invokers$Holder')}
  0x000001a200472280: 0000 0048 | baa8 b37f | 78a2 0100 | 0048 8382 | e001 0000 | 0148 8b94 | 24c8 0000 

  0x000001a20047229c: ;   {optimized virtual_call}
  0x000001a20047229c: 0066 90e8 

  0x000001a2004722a0: ; ImmutableOopMap {[176]=Oop }
                      ;*invokevirtual invokeBasic {reexecute=0 rethrow=0 return_oop=0}
                      ; - java.lang.invoke.Invokers$Holder::invokeExact_MT@20
                      ; - jdk.internal.reflect.DirectMethodHandleAccessor::invokeImpl@104
                      ; - jdk.internal.reflect.DirectMethodHandleAccessor::invoke@23
  0x000001a2004722a0: dc05 6707 

  0x000001a2004722a4: ;   {other}
  0x000001a2004722a4: 0f1f 8400 | 940d 0003 

  0x000001a2004722ac: ;   {metadata(method data for {method} {0x000001a20f0ae518} 'invokeExact_MT' '(Ljava/lang/Object;Ljava/lang/Object;Ljava/lang/Object;Ljava/lang/Object;)Ljava/lang/Object;' in 'java/lang/invoke/Invokers$Holder')}
  0x000001a2004722ac: 48ba a8b3 | 7f78 a201 | 0000 488d | 9238 0200 | 0048 85c0 | 750c f602 | 0175 4df0 | 4883 0a01 
  0x000001a2004722cc: eb46 8b70 | 0849 ba00 | 0000 0fa2 | 0100 0049 | 03f2 4c8b | d648 3332 | 48f7 c6fc | ffff ff74 
  0x000001a2004722ec: 2740 f6c6 | 0275 2148 | f702 feff | ffff 7415 | 498b f248 | 3332 48f7 | c6fc ffff | ff74 0948 
  0x000001a20047230c: 830a 02eb | 0348 8932 

  0x000001a200472314: ;   {metadata(method data for {method} {0x000001a20f3c8328} 'invokeImpl' '(Ljava/lang/Object;[Ljava/lang/Object;)Ljava/lang/Object;' in 'jdk/internal/reflect/DirectMethodHandleAccessor')}
  0x000001a200472314: 48ba 90af | 7f78 a201 | 0000 488d | 92b8 0300 | 0048 85c0 | 750c f602 | 0175 4df0 | 4883 0a01 
  0x000001a200472334: eb46 8b70 | 0849 ba00 | 0000 0fa2 | 0100 0049 | 03f2 4c8b | d648 3332 | 48f7 c6fc | ffff ff74 
  0x000001a200472354: 2740 f6c6 | 0275 2148 | f702 feff | ffff 7415 | 498b f248 | 3332 48f7 | c6fc ffff | ff74 0948 
  0x000001a200472374: 830a 02eb | 0348 8932 | 4881 c470 | 0100 005d 

  0x000001a200472384: ;   {poll_return}
  0x000001a200472384: 493b a750 | 0400 000f | 876c 1f00 | 00c3 4c8b | 8c24 b800 | 0000 4c8b | 8424 c000 | 0000 8b72 
  0x000001a2004723a4: 1848 89b4 | 24d8 0000 | 0041 8379 | 0c00 0f86 | 651f 0000 | 418b 7910 | 4889 bc24 | d000 0000 
  0x000001a2004723c4: 4183 790c | 010f 8660 | 1f00 0041 | 8b59 1448 | 899c 24e0 | 0000 0041 | 8379 0c02 | 0f86 5b1f 
  0x000001a2004723e4: 0000 418b | 4118 4889 | 8424 e800 

  0x000001a2004723f0: ;   {metadata(method data for {method} {0x000001a20f3c8328} 'invokeImpl' '(Ljava/lang/Object;[Ljava/lang/Object;)Ljava/lang/Object;' in 'jdk/internal/reflect/DirectMethodHandleAccessor')}
  0x000001a2004723f0: 0000 48b9 | 90af 7f78 | a201 0000 | 488d 8918 | 0300 004d | 85c0 750e | f641 0801 | 7554 f048 
  0x000001a200472410: 8349 0801 | eb4c 458b | 4808 49ba | 0000 000f | a201 0000 | 4d03 ca4d | 8bd1 4c33 | 4908 49f7 
  0x000001a200472430: c1fc ffff | ff74 2b41 | f6c1 0275 | 2548 f741 | 08fe ffff | ff74 174d | 8bca 4c33 | 4908 49f7 
  0x000001a200472450: c1fc ffff | ff74 0b48 | 8349 0802 | eb04 4c89 

  0x000001a200472460: ;   {metadata(method data for {method} {0x000001a2787122b8} 'invokeExact_MT' '(Ljava/lang/Object;Ljava/lang/Object;Ljava/lang/Object;Ljava/lang/Object;Ljava/lang/Object;Ljava/lang/Object;)Ljava/lang/Object;' in 'java/lang/invoke/LambdaForm$MH+0x000001a2100f4c00')}
  0x000001a200472460: 4908 48b9 | 1825 7178 | a201 0000 | 488d 89c8 | 0200 0048 | 85f6 750c | f601 0175 | 4ef0 4883 
  0x000001a200472480: 0901 eb47 | 448b 4e08 | 49ba 0000 | 000f a201 | 0000 4d03 | ca4d 8bd1 | 4c33 0949 | f7c1 fcff 
  0x000001a2004724a0: ffff 7427 | 41f6 c102 | 7521 48f7 | 01fe ffff | ff74 154d | 8bca 4c33 | 0949 f7c1 | fcff ffff 
  0x000001a2004724c0: 7409 4883 | 0902 eb03 | 4c89 094d | 85c0 750e | f641 1001 | 7554 f048 | 8349 1001 | eb4c 458b 
  0x000001a2004724e0: 4808 49ba | 0000 000f | a201 0000 | 4d03 ca4d | 8bd1 4c33 | 4910 49f7 | c1fc ffff | ff74 2b41 
  0x000001a200472500: f6c1 0275 | 2548 f741 | 10fe ffff | ff74 174d | 8bca 4c33 | 4910 49f7 | c1fc ffff | ff74 0b48 
  0x000001a200472520: 8349 1002 | eb04 4c89 

  0x000001a200472528: ;   {metadata(method data for {method} {0x000001a20f3c8328} 'invokeImpl' '(Ljava/lang/Object;[Ljava/lang/Object;)Ljava/lang/Object;' in 'jdk/internal/reflect/DirectMethodHandleAccessor')}
  0x000001a200472528: 4910 48b9 | 90af 7f78 | a201 0000 | 4883 81e0 | 0200 0001 

  0x000001a20047253c: ;   {metadata(method data for {method} {0x000001a2787122b8} 'invokeExact_MT' '(Ljava/lang/Object;Ljava/lang/Object;Ljava/lang/Object;Ljava/lang/Object;Ljava/lang/Object;Ljava/lang/Object;)Ljava/lang/Object;' in 'java/lang/invoke/LambdaForm$MH+0x000001a2100f4c00')}
  0x000001a20047253c: 48b9 1825 | 7178 a201 | 0000 448b | 89cc 0000 | 0041 83c1 | 0244 8989 | cc00 0000 | 4181 e1fe 
  0x000001a20047255c: ff1f 0045 | 85c9 0f84 | eb1d 0000 

  0x000001a200472568: ;   {metadata(method data for {method} {0x000001a2787122b8} 'invokeExact_MT' '(Ljava/lang/Object;Ljava/lang/Object;Ljava/lang/Object;Ljava/lang/Object;Ljava/lang/Object;Ljava/lang/Object;)Ljava/lang/Object;' in 'java/lang/invoke/LambdaForm$MH+0x000001a2100f4c00')}
  0x000001a200472568: 48b9 1825 | 7178 a201 | 0000 488d | 8990 0100 | 0048 85f6 | 750e f641 | 0801 7554 | f048 8349 
  0x000001a200472588: 0801 eb4c | 448b 4e08 | 49ba 0000 | 000f a201 | 0000 4d03 | ca4d 8bd1 | 4c33 4908 | 49f7 c1fc 
  0x000001a2004725a8: ffff ff74 | 2b41 f6c1 | 0275 2548 | f741 08fe | ffff ff74 | 174d 8bca | 4c33 4908 | 49f7 c1fc 
  0x000001a2004725c8: ffff ff74 | 0b48 8349 | 0802 eb04 | 4c89 4908 

  0x000001a2004725d8: ;   {oop(a 'java/lang/invoke/MethodType'{0x00000000e0716fd8} = (Ljava/lang/Object;Ljava/lang/Object;Ljava/lang/Object;Ljava/lang/Object;)Ljava/lang/Object;)}
  0x000001a2004725d8: 49b9 d86f | 71e0 0000 | 0000 4d85 | c975 0cf6 | 4118 0175 | 06f0 4883 

  0x000001a2004725f0: ;   {metadata(method data for {method} {0x000001a2787122b8} 'invokeExact_MT' '(Ljava/lang/Object;Ljava/lang/Object;Ljava/lang/Object;Ljava/lang/Object;Ljava/lang/Object;Ljava/lang/Object;)Ljava/lang/Object;' in 'java/lang/invoke/LambdaForm$MH+0x000001a2100f4c00')}
  0x000001a2004725f0: 4918 0148 | b918 2571 | 78a2 0100 | 0048 8381 | 8001 0000 

  0x000001a200472604: ;   {metadata(method data for {method} {0x000001a20f3dc218} 'checkExactType' '(Ljava/lang/invoke/MethodHandle;Ljava/lang/invoke/MethodType;)V' in 'java/lang/invoke/Invokers')}
  0x000001a200472604: 0148 b9d0 | c918 78a2 | 0100 0044 | 8b99 cc00 | 0000 4183 | c302 4489 | 99cc 0000 | 0041 81e3 
  0x000001a200472624: feff 1f00 | 4585 db0f | 8443 1d00 | 0048 3b06 

  0x000001a200472634: ;   {metadata(method data for {method} {0x000001a20f3dc218} 'checkExactType' '(Ljava/lang/invoke/MethodHandle;Ljava/lang/invoke/MethodType;)V' in 'java/lang/invoke/Invokers')}
  0x000001a200472634: 488b ce49 | bbd0 c918 | 78a2 0100 | 008b 4908 | 49ba 0000 | 000f a201 | 0000 4903 | ca49 3b8b 
  0x000001a200472654: 2001 0000 | 750d 4983 | 8328 0100 | 0001 e960 | 0000 0049 | 3b8b 3001 | 0000 750d | 4983 8338 
  0x000001a200472674: 0100 0001 | e94a 0000 | 0049 83bb | 2001 0000 | 0075 1749 | 898b 2001 | 0000 49c7 | 8328 0100 
  0x000001a200472694: 0001 0000 | 00e9 2900 | 0000 4983 | bb30 0100 | 0000 7517 | 4989 8b30 | 0100 0049 | c783 3801 
  0x000001a2004726b4: 0000 0100 | 0000 e908 | 0000 0049 | 8383 1001 | 0000 018b | 4e10 493b 

  0x000001a2004726cc: ;   {metadata(method data for {method} {0x000001a20f3dc218} 'checkExactType' '(Ljava/lang/invoke/MethodHandle;Ljava/lang/invoke/MethodType;)V' in 'java/lang/invoke/Invokers')}
  0x000001a2004726cc: c949 b9d0 | c918 78a2 | 0100 0049 | c7c3 5801 | 0000 7507 | 49c7 c348 | 0100 004f | 8b2c 194d 
  0x000001a2004726ec: 8d6d 014f | 892c 190f | 85de 1400 

  0x000001a2004726f8: ;   {metadata(method data for {method} {0x000001a2787122b8} 'invokeExact_MT' '(Ljava/lang/Object;Ljava/lang/Object;Ljava/lang/Object;Ljava/lang/Object;Ljava/lang/Object;Ljava/lang/Object;)Ljava/lang/Object;' in 'java/lang/invoke/LambdaForm$MH+0x000001a2100f4c00')}
  0x000001a2004726f8: 0048 b918 | 2571 78a2 | 0100 0048 | 8d89 c801 | 0000 448b | 4e08 49ba | 0000 000f | a201 0000 
  0x000001a200472718: 4d03 ca4d | 8bd1 4c33 | 4908 49f7 | c1fc ffff | ff74 2b41 | f6c1 0275 | 2548 f741 | 08fe ffff 
  0x000001a200472738: ff74 174d | 8bca 4c33 | 4908 49f7 | c1fc ffff | ff74 0b48 | 8349 0802 | eb04 4c89 

  0x000001a200472754: ;   {metadata(method data for {method} {0x000001a2787122b8} 'invokeExact_MT' '(Ljava/lang/Object;Ljava/lang/Object;Ljava/lang/Object;Ljava/lang/Object;Ljava/lang/Object;Ljava/lang/Object;)Ljava/lang/Object;' in 'java/lang/invoke/LambdaForm$MH+0x000001a2100f4c00')}
  0x000001a200472754: 4908 48b9 | 1825 7178 | a201 0000 | 4883 81b8 | 0100 0001 

  0x000001a200472768: ;   {metadata(method data for {method} {0x000001a20f3dc110} 'checkCustomized' '(Ljava/lang/invoke/MethodHandle;)V' in 'java/lang/invoke/Invokers')}
  0x000001a200472768: 48b9 58c0 | 1878 a201 | 0000 448b | 89cc 0000 | 0041 83c1 | 0244 8989 | cc00 0000 | 4181 e1fe 
  0x000001a200472788: ff1f 0045 | 85c9 0f84 | 061c 0000 

  0x000001a200472794: ;   {metadata(method data for {method} {0x000001a20f3dc110} 'checkCustomized' '(Ljava/lang/invoke/MethodHandle;)V' in 'java/lang/invoke/Invokers')}
  0x000001a200472794: 48b9 58c0 | 1878 a201 | 0000 4883 | 8110 0100 

  0x000001a2004727a4: ;   {metadata(method data for {method} {0x000001a20f0944d8} 'isCompileConstant' '(Ljava/lang/Object;)Z' in 'java/lang/invoke/MethodHandleImpl')}
  0x000001a2004727a4: 0001 48b9 | 08c2 1878 | a201 0000 | 448b 89cc | 0000 0041 | 83c1 0244 | 8989 cc00 | 0000 4181 
  0x000001a2004727c4: e1fe ff1f | 0045 85c9 | 0f84 e91b 

  0x000001a2004727d0: ;   {metadata(method data for {method} {0x000001a20f3dc110} 'checkCustomized' '(Ljava/lang/invoke/MethodHandle;)V' in 'java/lang/invoke/Invokers')}
  0x000001a2004727d0: 0000 48b9 | 58c0 1878 | a201 0000 | ff81 2001 | 0000 8b4e | 148b 491c 

  0x000001a2004727e8: ;   {metadata(method data for {method} {0x000001a20f3dc110} 'checkCustomized' '(Ljava/lang/invoke/MethodHandle;)V' in 'java/lang/invoke/Invokers')}
  0x000001a2004727e8: 4885 c948 | b958 c018 | 78a2 0100 | 0049 c7c1 | 4001 0000 | 7507 49c7 | c150 0100 | 004e 8b1c 
  0x000001a200472808: 094d 8d5b | 014e 891c | 090f 8525 

  0x000001a200472814: ;   {metadata(method data for {method} {0x000001a20f3dc110} 'checkCustomized' '(Ljava/lang/invoke/MethodHandle;)V' in 'java/lang/invoke/Invokers')}
  0x000001a200472814: 0000 0048 | b958 c018 | 78a2 0100 | 0048 8381 | 6001 0000 | 0148 8bd6 

  0x000001a20047282c: ;   {static_call}
  0x000001a20047282c: 6666 90e8 

  0x000001a200472830: ; ImmutableOopMap {[176]=Oop [192]=Oop [208]=Oop [216]=Oop [224]=Oop [232]=Oop }
                      ;*invokestatic maybeCustomize {reexecute=0 rethrow=0 return_oop=0}
                      ; - java.lang.invoke.Invokers::checkCustomized@19
                      ; - java.lang.invoke.LambdaForm$MH/0x000001a2100f4c00::invokeExact_MT@15
                      ; - jdk.internal.reflect.DirectMethodHandleAccessor::invokeImpl@92
                      ; - jdk.internal.reflect.DirectMethodHandleAccessor::invoke@23
  0x000001a200472830: 0c80 eaff 

  0x000001a200472834: ;   {other}
  0x000001a200472834: 0f1f 8400 | 2413 0004 | 488b bc24 | d000 0000 | 4c8b 8424 | c000 0000 

  0x000001a20047284c: ;   {metadata(method data for {method} {0x000001a2787122b8} 'invokeExact_MT' '(Ljava/lang/Object;Ljava/lang/Object;Ljava/lang/Object;Ljava/lang/Object;Ljava/lang/Object;Ljava/lang/Object;)Ljava/lang/Object;' in 'java/lang/invoke/LambdaForm$MH+0x000001a2100f4c00')}
  0x000001a20047284c: 49b9 1825 | 7178 a201 | 0000 4d8d | 8918 0200 | 004d 85c0 | 750f 41f6 | 4108 0175 | 54f0 4983 
  0x000001a20047286c: 4908 01eb | 4c41 8b70 | 0849 ba00 | 0000 0fa2 | 0100 0049 | 03f2 4c8b | d649 3371 | 0848 f7c6 
  0x000001a20047288c: fcff ffff | 742b 40f6 | c602 7525 | 49f7 4108 | feff ffff | 7417 498b | f249 3371 | 0848 f7c6 
  0x000001a2004728ac: fcff ffff | 740b 4983 | 4908 02eb | 0449 8971 | 0848 85ff | 750f 41f6 | 4118 0175 | 53f0 4983 
  0x000001a2004728cc: 4918 01eb | 4b8b 7708 | 49ba 0000 | 000f a201 | 0000 4903 | f24c 8bd6 | 4933 7118 | 48f7 c6fc 
  0x000001a2004728ec: ffff ff74 | 2b40 f6c6 | 0275 2549 | f741 18fe | ffff ff74 | 1749 8bf2 | 4933 7118 | 48f7 c6fc 
  0x000001a20047290c: ffff ff74 | 0b49 8349 | 1802 eb04 | 4989 7118 | 488b b424 | d800 0000 

  0x000001a200472924: ;   {metadata(method data for {method} {0x000001a2787122b8} 'invokeExact_MT' '(Ljava/lang/Object;Ljava/lang/Object;Ljava/lang/Object;Ljava/lang/Object;Ljava/lang/Object;Ljava/lang/Object;)Ljava/lang/Object;' in 'java/lang/invoke/LambdaForm$MH+0x000001a2100f4c00')}
  0x000001a200472924: 49b9 1825 | 7178 a201 | 0000 4983 | 81e0 0100 | 0001 4c8b | cf48 8bbc | 24e0 0000 | 0048 8bb4 
  0x000001a200472944: 24e8 0000 | 0048 8b94 | 24d8 0000 | 0066 0f1f 

  0x000001a200472954: ;   {optimized virtual_call}
  0x000001a200472954: 4400 00e8 

  0x000001a200472958: ; ImmutableOopMap {[176]=Oop }
                      ;*invokevirtual invokeBasic {reexecute=0 rethrow=0 return_oop=0}
                      ; - java.lang.invoke.LambdaForm$MH/0x000001a2100f4c00::invokeExact_MT@24
                      ; - jdk.internal.reflect.DirectMethodHandleAccessor::invokeImpl@92
                      ; - jdk.internal.reflect.DirectMethodHandleAccessor::invoke@23
  0x000001a200472958: a40d 6707 

  0x000001a20047295c: ;   {other}
  0x000001a20047295c: 0f1f 8400 | 4c14 0005 

  0x000001a200472964: ;   {metadata(method data for {method} {0x000001a2787122b8} 'invokeExact_MT' '(Ljava/lang/Object;Ljava/lang/Object;Ljava/lang/Object;Ljava/lang/Object;Ljava/lang/Object;Ljava/lang/Object;)Ljava/lang/Object;' in 'java/lang/invoke/LambdaForm$MH+0x000001a2100f4c00')}
  0x000001a200472964: 48ba 1825 | 7178 a201 | 0000 488d | 9238 0200 | 0048 85c0 | 750c f602 | 0175 4df0 | 4883 0a01 
  0x000001a200472984: eb46 8b70 | 0849 ba00 | 0000 0fa2 | 0100 0049 | 03f2 4c8b | d648 3332 | 48f7 c6fc | ffff ff74 
  0x000001a2004729a4: 2740 f6c6 | 0275 2148 | f702 feff | ffff 7415 | 498b f248 | 3332 48f7 | c6fc ffff | ff74 0948 
  0x000001a2004729c4: 830a 02eb | 0348 8932 

  0x000001a2004729cc: ;   {metadata(method data for {method} {0x000001a20f3c8328} 'invokeImpl' '(Ljava/lang/Object;[Ljava/lang/Object;)Ljava/lang/Object;' in 'jdk/internal/reflect/DirectMethodHandleAccessor')}
  0x000001a2004729cc: 48ba 90af | 7f78 a201 | 0000 488d | 9238 0300 | 0048 85c0 | 750c f602 | 0175 4df0 | 4883 0a01 
  0x000001a2004729ec: eb46 8b70 | 0849 ba00 | 0000 0fa2 | 0100 0049 | 03f2 4c8b | d648 3332 | 48f7 c6fc | ffff ff74 
  0x000001a200472a0c: 2740 f6c6 | 0275 2148 | f702 feff | ffff 7415 | 498b f248 | 3332 48f7 | c6fc ffff | ff74 0948 
  0x000001a200472a2c: 830a 02eb | 0348 8932 

  0x000001a200472a34: ;   {metadata(method data for {method} {0x000001a20f3c8328} 'invokeImpl' '(Ljava/lang/Object;[Ljava/lang/Object;)Ljava/lang/Object;' in 'jdk/internal/reflect/DirectMethodHandleAccessor')}
  0x000001a200472a34: 48ba 90af | 7f78 a201 | 0000 ff82 | 4803 0000 | 4881 c470 | 0100 005d 

  0x000001a200472a4c: ;   {poll_return}
  0x000001a200472a4c: 493b a750 | 0400 000f | 8788 1900 | 00c3 4c8b | 8c24 b800 | 0000 4c8b | 8424 c000 | 0000 8b72 
  0x000001a200472a6c: 1848 89b4 | 24f8 0000 | 0041 8379 | 0c00 0f86 | 8119 0000 | 418b 7910 | 4889 bc24 | f000 0000 
  0x000001a200472a8c: 4183 790c | 010f 867c | 1900 0041 | 8b59 1448 | 899c 2400 

  0x000001a200472aa0: ;   {metadata(method data for {method} {0x000001a20f3c8328} 'invokeImpl' '(Ljava/lang/Object;[Ljava/lang/Object;)Ljava/lang/Object;' in 'jdk/internal/reflect/DirectMethodHandleAccessor')}
  0x000001a200472aa0: 0100 0048 | b890 af7f | 78a2 0100 | 0048 8d80 | 9802 0000 | 4d85 c075 | 0ef6 4008 | 0175 53f0 
  0x000001a200472ac0: 4883 4808 | 01eb 4b41 | 8b48 0849 | ba00 0000 | 0fa2 0100 | 0049 03ca | 4c8b d148 | 3348 0848 
  0x000001a200472ae0: f7c1 fcff | ffff 742a | f6c1 0275 | 2548 f740 | 08fe ffff | ff74 1749 | 8bca 4833 | 4808 48f7 
  0x000001a200472b00: c1fc ffff | ff74 0b48 | 8348 0802 | eb04 4889 

  0x000001a200472b10: ;   {metadata(method data for {method} {0x000001a2784052b8} 'invokeExact_MT' '(Ljava/lang/Object;Ljava/lang/Object;Ljava/lang/Object;Ljava/lang/Object;Ljava/lang/Object;)Ljava/lang/Object;' in 'java/lang/invoke/LambdaForm$MH+0x000001a210002800')}
  0x000001a200472b10: 4808 48b8 | 1855 4078 | a201 0000 | 488d 80c0 | 0200 0048 | 85f6 750c | f600 0175 | 4cf0 4883 
  0x000001a200472b30: 0801 eb45 | 8b4e 0849 | ba00 0000 | 0fa2 0100 | 0049 03ca | 4c8b d148 | 3308 48f7 | c1fc ffff 
  0x000001a200472b50: ff74 26f6 | c102 7521 | 48f7 00fe | ffff ff74 | 1549 8bca | 4833 0848 | f7c1 fcff | ffff 7409 
  0x000001a200472b70: 4883 0802 | eb03 4889 | 084d 85c0 | 750e f640 | 1001 7553 | f048 8348 | 1001 eb4b | 418b 4808 
  0x000001a200472b90: 49ba 0000 | 000f a201 | 0000 4903 | ca4c 8bd1 | 4833 4810 | 48f7 c1fc | ffff ff74 | 2af6 c102 
  0x000001a200472bb0: 7525 48f7 | 4010 feff | ffff 7417 | 498b ca48 | 3348 1048 | f7c1 fcff | ffff 740b | 4883 4810 
  0x000001a200472bd0: 02eb 0448 

  0x000001a200472bd4: ;   {metadata(method data for {method} {0x000001a20f3c8328} 'invokeImpl' '(Ljava/lang/Object;[Ljava/lang/Object;)Ljava/lang/Object;' in 'jdk/internal/reflect/DirectMethodHandleAccessor')}
  0x000001a200472bd4: 8948 1048 | b890 af7f | 78a2 0100 | 0048 8380 | 6002 0000 

  0x000001a200472be8: ;   {metadata(method data for {method} {0x000001a2784052b8} 'invokeExact_MT' '(Ljava/lang/Object;Ljava/lang/Object;Ljava/lang/Object;Ljava/lang/Object;Ljava/lang/Object;)Ljava/lang/Object;' in 'java/lang/invoke/LambdaForm$MH+0x000001a210002800')}
  0x000001a200472be8: 0148 b818 | 5540 78a2 | 0100 008b | 88cc 0000 | 0083 c102 | 8988 cc00 | 0000 81e1 | feff 1f00 
  0x000001a200472c08: 85c9 0f84 | 1518 0000 

  0x000001a200472c10: ;   {metadata(method data for {method} {0x000001a2784052b8} 'invokeExact_MT' '(Ljava/lang/Object;Ljava/lang/Object;Ljava/lang/Object;Ljava/lang/Object;Ljava/lang/Object;)Ljava/lang/Object;' in 'java/lang/invoke/LambdaForm$MH+0x000001a210002800')}
  0x000001a200472c10: 48b8 1855 | 4078 a201 | 0000 488d | 8090 0100 | 0048 85f6 | 750e f640 | 0801 7552 | f048 8348 
  0x000001a200472c30: 0801 eb4a | 8b4e 0849 | ba00 0000 | 0fa2 0100 | 0049 03ca | 4c8b d148 | 3348 0848 | f7c1 fcff 
  0x000001a200472c50: ffff 742a | f6c1 0275 | 2548 f740 | 08fe ffff | ff74 1749 | 8bca 4833 | 4808 48f7 | c1fc ffff 
  0x000001a200472c70: ff74 0b48 | 8348 0802 | eb04 4889 

  0x000001a200472c7c: ;   {oop(a 'java/lang/invoke/MethodType'{0x00000000e07215d0} = (Ljava/lang/Object;Ljava/lang/Object;Ljava/lang/Object;)Ljava/lang/Object;)}
  0x000001a200472c7c: 4808 48b9 | d015 72e0 | 0000 0000 | 4885 c975 | 0cf6 4018 | 0175 06f0 | 4883 4818 

  0x000001a200472c98: ;   {metadata(method data for {method} {0x000001a2784052b8} 'invokeExact_MT' '(Ljava/lang/Object;Ljava/lang/Object;Ljava/lang/Object;Ljava/lang/Object;Ljava/lang/Object;)Ljava/lang/Object;' in 'java/lang/invoke/LambdaForm$MH+0x000001a210002800')}
  0x000001a200472c98: 0148 b818 | 5540 78a2 | 0100 0048 | 8380 8001 

  0x000001a200472ca8: ;   {metadata(method data for {method} {0x000001a20f3dc218} 'checkExactType' '(Ljava/lang/invoke/MethodHandle;Ljava/lang/invoke/MethodType;)V' in 'java/lang/invoke/Invokers')}
  0x000001a200472ca8: 0000 0148 | b8d0 c918 | 78a2 0100 | 0044 8b88 | cc00 0000 | 4183 c102 | 4489 88cc | 0000 0041 
  0x000001a200472cc8: 81e1 feff | 1f00 4585 | c90f 846f | 1700 0048 | 3b06 488b 

  0x000001a200472cdc: ;   {metadata(method data for {method} {0x000001a20f3dc218} 'checkExactType' '(Ljava/lang/invoke/MethodHandle;Ljava/lang/invoke/MethodType;)V' in 'java/lang/invoke/Invokers')}
  0x000001a200472cdc: c649 b9d0 | c918 78a2 | 0100 008b | 4008 49ba | 0000 000f | a201 0000 | 4903 c249 | 3b81 2001 
  0x000001a200472cfc: 0000 750d | 4983 8128 | 0100 0001 | e960 0000 | 0049 3b81 | 3001 0000 | 750d 4983 | 8138 0100 
  0x000001a200472d1c: 0001 e94a | 0000 0049 | 83b9 2001 | 0000 0075 | 1749 8981 | 2001 0000 | 49c7 8128 | 0100 0001 
  0x000001a200472d3c: 0000 00e9 | 2900 0000 | 4983 b930 | 0100 0000 | 7517 4989 | 8130 0100 | 0049 c781 | 3801 0000 
  0x000001a200472d5c: 0100 0000 | e908 0000 | 0049 8381 | 1001 0000 | 018b 4610 

  0x000001a200472d70: ;   {metadata(method data for {method} {0x000001a20f3dc218} 'checkExactType' '(Ljava/lang/invoke/MethodHandle;Ljava/lang/invoke/MethodType;)V' in 'java/lang/invoke/Invokers')}
  0x000001a200472d70: 483b c148 | b9d0 c918 | 78a2 0100 | 0049 c7c1 | 5801 0000 | 7507 49c7 | c148 0100 | 004e 8b1c 
  0x000001a200472d90: 094d 8d5b | 014e 891c | 090f 85f8 

  0x000001a200472d9c: ;   {metadata(method data for {method} {0x000001a2784052b8} 'invokeExact_MT' '(Ljava/lang/Object;Ljava/lang/Object;Ljava/lang/Object;Ljava/lang/Object;Ljava/lang/Object;)Ljava/lang/Object;' in 'java/lang/invoke/LambdaForm$MH+0x000001a210002800')}
  0x000001a200472d9c: 0d00 0048 | b818 5540 | 78a2 0100 | 0048 8d80 | c801 0000 | 8b4e 0849 | ba00 0000 | 0fa2 0100 
  0x000001a200472dbc: 0049 03ca | 4c8b d148 | 3348 0848 | f7c1 fcff | ffff 742a | f6c1 0275 | 2548 f740 | 08fe ffff 
  0x000001a200472ddc: ff74 1749 | 8bca 4833 | 4808 48f7 | c1fc ffff | ff74 0b48 | 8348 0802 | eb04 4889 

  0x000001a200472df8: ;   {metadata(method data for {method} {0x000001a2784052b8} 'invokeExact_MT' '(Ljava/lang/Object;Ljava/lang/Object;Ljava/lang/Object;Ljava/lang/Object;Ljava/lang/Object;)Ljava/lang/Object;' in 'java/lang/invoke/LambdaForm$MH+0x000001a210002800')}
  0x000001a200472df8: 4808 48b8 | 1855 4078 | a201 0000 | 4883 80b8 | 0100 0001 

  0x000001a200472e0c: ;   {metadata(method data for {method} {0x000001a20f3dc110} 'checkCustomized' '(Ljava/lang/invoke/MethodHandle;)V' in 'java/lang/invoke/Invokers')}
  0x000001a200472e0c: 48b8 58c0 | 1878 a201 | 0000 8b88 | cc00 0000 | 83c1 0289 | 88cc 0000 | 0081 e1fe | ff1f 0085 
  0x000001a200472e2c: c90f 8439 

  0x000001a200472e30: ;   {metadata(method data for {method} {0x000001a20f3dc110} 'checkCustomized' '(Ljava/lang/invoke/MethodHandle;)V' in 'java/lang/invoke/Invokers')}
  0x000001a200472e30: 1600 0048 | b858 c018 | 78a2 0100 | 0048 8380 | 1001 0000 

  0x000001a200472e44: ;   {metadata(method data for {method} {0x000001a20f0944d8} 'isCompileConstant' '(Ljava/lang/Object;)Z' in 'java/lang/invoke/MethodHandleImpl')}
  0x000001a200472e44: 0148 b808 | c218 78a2 | 0100 008b | 88cc 0000 | 0083 c102 | 8988 cc00 | 0000 81e1 | feff 1f00 
  0x000001a200472e64: 85c9 0f84 | 2116 0000 

  0x000001a200472e6c: ;   {metadata(method data for {method} {0x000001a20f3dc110} 'checkCustomized' '(Ljava/lang/invoke/MethodHandle;)V' in 'java/lang/invoke/Invokers')}
  0x000001a200472e6c: 48b8 58c0 | 1878 a201 | 0000 ff80 | 2001 0000 | 8b46 148b | 401c 4885 

  0x000001a200472e84: ;   {metadata(method data for {method} {0x000001a20f3dc110} 'checkCustomized' '(Ljava/lang/invoke/MethodHandle;)V' in 'java/lang/invoke/Invokers')}
  0x000001a200472e84: c048 b858 | c018 78a2 | 0100 0048 | c7c1 4001 | 0000 7507 | 48c7 c150 | 0100 004c | 8b0c 084d 
  0x000001a200472ea4: 8d49 014c | 890c 080f | 8523 0000 

  0x000001a200472eb0: ;   {metadata(method data for {method} {0x000001a20f3dc110} 'checkCustomized' '(Ljava/lang/invoke/MethodHandle;)V' in 'java/lang/invoke/Invokers')}
  0x000001a200472eb0: 0048 b858 | c018 78a2 | 0100 0048 | 8380 6001 | 0000 0148 

  0x000001a200472ec4: ;   {static_call}
  0x000001a200472ec4: 8bd6 90e8 

  0x000001a200472ec8: ; ImmutableOopMap {[176]=Oop [192]=Oop [240]=Oop [248]=Oop [256]=Oop }
                      ;*invokestatic maybeCustomize {reexecute=0 rethrow=0 return_oop=0}
                      ; - java.lang.invoke.Invokers::checkCustomized@19
                      ; - java.lang.invoke.LambdaForm$MH/0x000001a210002800::invokeExact_MT@15
                      ; - jdk.internal.reflect.DirectMethodHandleAccessor::invokeImpl@72
                      ; - jdk.internal.reflect.DirectMethodHandleAccessor::invoke@23
  0x000001a200472ec8: 7479 eaff 

  0x000001a200472ecc: ;   {other}
  0x000001a200472ecc: 0f1f 8400 | bc19 0006 | 488b bc24 | f000 0000 | 4c8b 8424 | c000 0000 

  0x000001a200472ee4: ;   {metadata(method data for {method} {0x000001a2784052b8} 'invokeExact_MT' '(Ljava/lang/Object;Ljava/lang/Object;Ljava/lang/Object;Ljava/lang/Object;Ljava/lang/Object;)Ljava/lang/Object;' in 'java/lang/invoke/LambdaForm$MH+0x000001a210002800')}
  0x000001a200472ee4: 49b9 1855 | 4078 a201 | 0000 4d8d | 8918 0200 | 004d 85c0 | 750f 41f6 | 4108 0175 | 53f0 4983 
  0x000001a200472f04: 4908 01eb | 4b41 8b50 | 0849 ba00 | 0000 0fa2 | 0100 0049 | 03d2 4c8b | d249 3351 | 0848 f7c2 
  0x000001a200472f24: fcff ffff | 742a f6c2 | 0275 2549 | f741 08fe | ffff ff74 | 1749 8bd2 | 4933 5108 | 48f7 c2fc 
  0x000001a200472f44: ffff ff74 | 0b49 8349 | 0802 eb04 | 4989 5108 | 4885 ff75 | 0f41 f641 | 1801 7552 | f049 8349 
  0x000001a200472f64: 1801 eb4a | 8b57 0849 | ba00 0000 | 0fa2 0100 | 0049 03d2 | 4c8b d249 | 3351 1848 | f7c2 fcff 
  0x000001a200472f84: ffff 742a | f6c2 0275 | 2549 f741 | 18fe ffff | ff74 1749 | 8bd2 4933 | 5118 48f7 | c2fc ffff 
  0x000001a200472fa4: ff74 0b49 | 8349 1802 | eb04 4989 | 5118 488b | b424 f800 

  0x000001a200472fb8: ;   {metadata(method data for {method} {0x000001a2784052b8} 'invokeExact_MT' '(Ljava/lang/Object;Ljava/lang/Object;Ljava/lang/Object;Ljava/lang/Object;Ljava/lang/Object;)Ljava/lang/Object;' in 'java/lang/invoke/LambdaForm$MH+0x000001a210002800')}
  0x000001a200472fb8: 0000 49b9 | 1855 4078 | a201 0000 | 4983 81e0 | 0100 0001 | 4c8b cf48 | 8bbc 2400 | 0100 0048 
  0x000001a200472fd8: 8b94 24f8 

  0x000001a200472fdc: ;   {optimized virtual_call}
  0x000001a200472fdc: 0000 00e8 

  0x000001a200472fe0: ; ImmutableOopMap {[176]=Oop }
                      ;*invokevirtual invokeBasic {reexecute=0 rethrow=0 return_oop=0}
                      ; - java.lang.invoke.LambdaForm$MH/0x000001a210002800::invokeExact_MT@22
                      ; - jdk.internal.reflect.DirectMethodHandleAccessor::invokeImpl@72
                      ; - jdk.internal.reflect.DirectMethodHandleAccessor::invoke@23
  0x000001a200472fe0: 1c1e 6707 

  0x000001a200472fe4: ;   {other}
  0x000001a200472fe4: 0f1f 8400 | d41a 0007 

  0x000001a200472fec: ;   {metadata(method data for {method} {0x000001a2784052b8} 'invokeExact_MT' '(Ljava/lang/Object;Ljava/lang/Object;Ljava/lang/Object;Ljava/lang/Object;Ljava/lang/Object;)Ljava/lang/Object;' in 'java/lang/invoke/LambdaForm$MH+0x000001a210002800')}
  0x000001a200472fec: 48ba 1855 | 4078 a201 | 0000 488d | 9238 0200 | 0048 85c0 | 750c f602 | 0175 4df0 | 4883 0a01 
  0x000001a20047300c: eb46 8b70 | 0849 ba00 | 0000 0fa2 | 0100 0049 | 03f2 4c8b | d648 3332 | 48f7 c6fc | ffff ff74 
  0x000001a20047302c: 2740 f6c6 | 0275 2148 | f702 feff | ffff 7415 | 498b f248 | 3332 48f7 | c6fc ffff | ff74 0948 
  0x000001a20047304c: 830a 02eb | 0348 8932 

  0x000001a200473054: ;   {metadata(method data for {method} {0x000001a20f3c8328} 'invokeImpl' '(Ljava/lang/Object;[Ljava/lang/Object;)Ljava/lang/Object;' in 'jdk/internal/reflect/DirectMethodHandleAccessor')}
  0x000001a200473054: 48ba 90af | 7f78 a201 | 0000 488d | 92b8 0200 | 0048 85c0 | 750c f602 | 0175 4df0 | 4883 0a01 
  0x000001a200473074: eb46 8b70 | 0849 ba00 | 0000 0fa2 | 0100 0049 | 03f2 4c8b | d648 3332 | 48f7 c6fc | ffff ff74 
  0x000001a200473094: 2740 f6c6 | 0275 2148 | f702 feff | ffff 7415 | 498b f248 | 3332 48f7 | c6fc ffff | ff74 0948 
  0x000001a2004730b4: 830a 02eb | 0348 8932 

  0x000001a2004730bc: ;   {metadata(method data for {method} {0x000001a20f3c8328} 'invokeImpl' '(Ljava/lang/Object;[Ljava/lang/Object;)Ljava/lang/Object;' in 'jdk/internal/reflect/DirectMethodHandleAccessor')}
  0x000001a2004730bc: 48ba 90af | 7f78 a201 | 0000 ff82 | c802 0000 | 4881 c470 | 0100 005d 

  0x000001a2004730d4: ;   {poll_return}
  0x000001a2004730d4: 493b a750 | 0400 000f | 87d2 1300 | 00c3 4c8b | 8c24 b800 | 0000 4c8b | 8424 c000 | 0000 8b72 
  0x000001a2004730f4: 1848 89b4 | 2410 0100 | 0041 8379 | 0c00 0f86 | cb13 0000 | 418b 7910 | 4889 bc24 | 0801 0000 
  0x000001a200473114: ;   {metadata(method data for {method} {0x000001a20f3c8328} 'invokeImpl' '(Ljava/lang/Object;[Ljava/lang/Object;)Ljava/lang/Object;' in 'jdk/internal/reflect/DirectMethodHandleAccessor')}
  0x000001a200473114: 48bb 90af | 7f78 a201 | 0000 488d | 9b18 0200 | 004d 85c0 | 750e f643 | 0801 7550 | f048 834b 
  0x000001a200473134: 0801 eb48 | 418b 4008 | 49ba 0000 | 000f a201 | 0000 4903 | c24c 8bd0 | 4833 4308 | 48a9 fcff 
  0x000001a200473154: ffff 7428 | a802 7524 | 48f7 4308 | feff ffff | 7416 498b | c248 3343 | 0848 a9fc | ffff ff74 
  0x000001a200473174: 0b48 834b | 0802 eb04 | 4889 4308 

  0x000001a200473180: ;   {metadata(method data for {method} {0x000001a20f0ae518} 'invokeExact_MT' '(Ljava/lang/Object;Ljava/lang/Object;Ljava/lang/Object;Ljava/lang/Object;)Ljava/lang/Object;' in 'java/lang/invoke/Invokers$Holder')}
  0x000001a200473180: 48bb a8b3 | 7f78 a201 | 0000 488d | 9bb8 0200 | 0048 85f6 | 750c f603 | 0175 49f0 | 4883 0b01 
  0x000001a2004731a0: eb42 8b46 | 0849 ba00 | 0000 0fa2 | 0100 0049 | 03c2 4c8b | d048 3303 | 48a9 fcff | ffff 7424 
  0x000001a2004731c0: a802 7520 | 48f7 03fe | ffff ff74 | 1449 8bc2 | 4833 0348 | a9fc ffff | ff74 0948 | 830b 02eb 
  0x000001a2004731e0: 0348 8903 | 4d85 c075 | 0ef6 4310 | 0175 50f0 | 4883 4b10 | 01eb 4841 | 8b40 0849 | ba00 0000 
  0x000001a200473200: 0fa2 0100 | 0049 03c2 | 4c8b d048 | 3343 1048 | a9fc ffff | ff74 28a8 | 0275 2448 | f743 10fe 
  0x000001a200473220: ffff ff74 | 1649 8bc2 | 4833 4310 | 48a9 fcff | ffff 740b | 4883 4b10 | 02eb 0448 

  0x000001a20047323c: ;   {metadata(method data for {method} {0x000001a20f3c8328} 'invokeImpl' '(Ljava/lang/Object;[Ljava/lang/Object;)Ljava/lang/Object;' in 'jdk/internal/reflect/DirectMethodHandleAccessor')}
  0x000001a20047323c: 8943 1048 | bb90 af7f | 78a2 0100 | 0048 8383 | e001 0000 

  0x000001a200473250: ;   {metadata(method data for {method} {0x000001a20f0ae518} 'invokeExact_MT' '(Ljava/lang/Object;Ljava/lang/Object;Ljava/lang/Object;Ljava/lang/Object;)Ljava/lang/Object;' in 'java/lang/invoke/Invokers$Holder')}
  0x000001a200473250: 0148 bba8 | b37f 78a2 | 0100 008b | 83cc 0000 | 0083 c002 | 8983 cc00 | 0000 25fe | ff1f 0085 
  0x000001a200473270: c00f 846e 

  0x000001a200473274: ;   {metadata(method data for {method} {0x000001a20f0ae518} 'invokeExact_MT' '(Ljava/lang/Object;Ljava/lang/Object;Ljava/lang/Object;Ljava/lang/Object;)Ljava/lang/Object;' in 'java/lang/invoke/Invokers$Holder')}
  0x000001a200473274: 1200 0048 | bba8 b37f | 78a2 0100 | 0048 8d9b | 9001 0000 | 4885 f675 | 0ef6 4308 | 0175 4ff0 
  0x000001a200473294: 4883 4b08 | 01eb 478b | 4608 49ba | 0000 000f | a201 0000 | 4903 c24c | 8bd0 4833 | 4308 48a9 
  0x000001a2004732b4: fcff ffff | 7428 a802 | 7524 48f7 | 4308 feff | ffff 7416 | 498b c248 | 3343 0848 | a9fc ffff 
  0x000001a2004732d4: ff74 0b48 | 834b 0802 | eb04 4889 

  0x000001a2004732e0: ;   {oop(a 'java/lang/invoke/MethodType'{0x00000000e07214d8} = (Ljava/lang/Object;Ljava/lang/Object;)Ljava/lang/Object;)}
  0x000001a2004732e0: 4308 48b8 | d814 72e0 | 0000 0000 | 4885 c075 | 0cf6 4318 | 0175 06f0 | 4883 4b18 

  0x000001a2004732fc: ;   {metadata(method data for {method} {0x000001a20f0ae518} 'invokeExact_MT' '(Ljava/lang/Object;Ljava/lang/Object;Ljava/lang/Object;Ljava/lang/Object;)Ljava/lang/Object;' in 'java/lang/invoke/Invokers$Holder')}
  0x000001a2004732fc: 0148 bba8 | b37f 78a2 | 0100 0048 | 8383 8001 

  0x000001a20047330c: ;   {metadata(method data for {method} {0x000001a20f3dc218} 'checkExactType' '(Ljava/lang/invoke/MethodHandle;Ljava/lang/invoke/MethodType;)V' in 'java/lang/invoke/Invokers')}
  0x000001a20047330c: 0000 0148 | bbd0 c918 | 78a2 0100 | 008b 8bcc | 0000 0083 | c102 898b | cc00 0000 | 81e1 feff 
  0x000001a20047332c: 1f00 85c9 | 0f84 d011 | 0000 483b | 0648 8bde 

  0x000001a20047333c: ;   {metadata(method data for {method} {0x000001a20f3dc218} 'checkExactType' '(Ljava/lang/invoke/MethodHandle;Ljava/lang/invoke/MethodType;)V' in 'java/lang/invoke/Invokers')}
  0x000001a20047333c: 48b9 d0c9 | 1878 a201 | 0000 8b5b | 0849 ba00 | 0000 0fa2 | 0100 0049 | 03da 483b | 9920 0100 
  0x000001a20047335c: 0075 0d48 | 8381 2801 | 0000 01e9 | 6000 0000 | 483b 9930 | 0100 0075 | 0d48 8381 | 3801 0000 
  0x000001a20047337c: 01e9 4a00 | 0000 4883 | b920 0100 | 0000 7517 | 4889 9920 | 0100 0048 | c781 2801 | 0000 0100 
  0x000001a20047339c: 0000 e929 | 0000 0048 | 83b9 3001 | 0000 0075 | 1748 8999 | 3001 0000 | 48c7 8138 | 0100 0001 
  0x000001a2004733bc: 0000 00e9 | 0800 0000 | 4883 8110 | 0100 0001 | 8b5e 1048 

  0x000001a2004733d0: ;   {metadata(method data for {method} {0x000001a20f3dc218} 'checkExactType' '(Ljava/lang/invoke/MethodHandle;Ljava/lang/invoke/MethodType;)V' in 'java/lang/invoke/Invokers')}
  0x000001a2004733d0: 3bd8 48b8 | d0c9 1878 | a201 0000 | 48c7 c158 | 0100 0075 | 0748 c7c1 | 4801 0000 | 4c8b 0c08 
  0x000001a2004733f0: 4d8d 4901 | 4c89 0c08 | 0f85 5907 

  0x000001a2004733fc: ;   {metadata(method data for {method} {0x000001a20f0ae518} 'invokeExact_MT' '(Ljava/lang/Object;Ljava/lang/Object;Ljava/lang/Object;Ljava/lang/Object;)Ljava/lang/Object;' in 'java/lang/invoke/Invokers$Holder')}
  0x000001a2004733fc: 0000 48bb | a8b3 7f78 | a201 0000 | 488d 9bc8 | 0100 008b | 4608 49ba | 0000 000f | a201 0000 
  0x000001a20047341c: 4903 c24c | 8bd0 4833 | 4308 48a9 | fcff ffff | 7428 a802 | 7524 48f7 | 4308 feff | ffff 7416 
  0x000001a20047343c: 498b c248 | 3343 0848 | a9fc ffff | ff74 0b48 | 834b 0802 | eb04 4889 

  0x000001a200473454: ;   {metadata(method data for {method} {0x000001a20f0ae518} 'invokeExact_MT' '(Ljava/lang/Object;Ljava/lang/Object;Ljava/lang/Object;Ljava/lang/Object;)Ljava/lang/Object;' in 'java/lang/invoke/Invokers$Holder')}
  0x000001a200473454: 4308 48bb | a8b3 7f78 | a201 0000 | 4883 83b8 | 0100 0001 

  0x000001a200473468: ;   {metadata(method data for {method} {0x000001a20f3dc110} 'checkCustomized' '(Ljava/lang/invoke/MethodHandle;)V' in 'java/lang/invoke/Invokers')}
  0x000001a200473468: 48bb 58c0 | 1878 a201 | 0000 8b83 | cc00 0000 | 83c0 0289 | 83cc 0000 | 0025 feff | 1f00 85c0 
  0x000001a200473488: 0f84 9e10 

  0x000001a20047348c: ;   {metadata(method data for {method} {0x000001a20f3dc110} 'checkCustomized' '(Ljava/lang/invoke/MethodHandle;)V' in 'java/lang/invoke/Invokers')}
  0x000001a20047348c: 0000 48bb | 58c0 1878 | a201 0000 | 4883 8310 | 0100 0001 

  0x000001a2004734a0: ;   {metadata(method data for {method} {0x000001a20f0944d8} 'isCompileConstant' '(Ljava/lang/Object;)Z' in 'java/lang/invoke/MethodHandleImpl')}
  0x000001a2004734a0: 48bb 08c2 | 1878 a201 | 0000 8b83 | cc00 0000 | 83c0 0289 | 83cc 0000 | 0025 feff | 1f00 85c0 
  0x000001a2004734c0: 0f84 8710 

  0x000001a2004734c4: ;   {metadata(method data for {method} {0x000001a20f3dc110} 'checkCustomized' '(Ljava/lang/invoke/MethodHandle;)V' in 'java/lang/invoke/Invokers')}
  0x000001a2004734c4: 0000 48bb | 58c0 1878 | a201 0000 | ff83 2001 | 0000 8b5e | 148b 5b1c 

  0x000001a2004734dc: ;   {metadata(method data for {method} {0x000001a20f3dc110} 'checkCustomized' '(Ljava/lang/invoke/MethodHandle;)V' in 'java/lang/invoke/Invokers')}
  0x000001a2004734dc: 4885 db48 | bb58 c018 | 78a2 0100 | 0048 c7c0 | 4001 0000 | 7507 48c7 | c050 0100 | 0048 8b0c 
  0x000001a2004734fc: 0348 8d49 | 0148 890c | 030f 8529 

  0x000001a200473508: ;   {metadata(method data for {method} {0x000001a20f3dc110} 'checkCustomized' '(Ljava/lang/invoke/MethodHandle;)V' in 'java/lang/invoke/Invokers')}
  0x000001a200473508: 0000 0048 | bb58 c018 | 78a2 0100 | 0048 8383 | 6001 0000 | 0148 8bd6 | 0f1f 8000 

  0x000001a200473524: ;   {static_call}
  0x000001a200473524: 0000 00e8 

  0x000001a200473528: ; ImmutableOopMap {[176]=Oop [192]=Oop [264]=Oop [272]=Oop }
                      ;*invokestatic maybeCustomize {reexecute=0 rethrow=0 return_oop=0}
                      ; - java.lang.invoke.Invokers::checkCustomized@19
                      ; - java.lang.invoke.Invokers$Holder::invokeExact_MT@14
                      ; - jdk.internal.reflect.DirectMethodHandleAccessor::invokeImpl@55
                      ; - jdk.internal.reflect.DirectMethodHandleAccessor::invoke@23
  0x000001a200473528: 1473 eaff 

  0x000001a20047352c: ;   {other}
  0x000001a20047352c: 0f1f 8400 | 1c20 0008 | 488b bc24 | 0801 0000 | 4c8b 8424 | c000 0000 

  0x000001a200473544: ;   {metadata(method data for {method} {0x000001a20f0ae518} 'invokeExact_MT' '(Ljava/lang/Object;Ljava/lang/Object;Ljava/lang/Object;Ljava/lang/Object;)Ljava/lang/Object;' in 'java/lang/invoke/Invokers$Holder')}
  0x000001a200473544: 49b9 a8b3 | 7f78 a201 | 0000 4d8d | 8918 0200 | 004d 85c0 | 750f 41f6 | 4108 0175 | 53f0 4983 
  0x000001a200473564: 4908 01eb | 4b41 8b50 | 0849 ba00 | 0000 0fa2 | 0100 0049 | 03d2 4c8b | d249 3351 | 0848 f7c2 
  0x000001a200473584: fcff ffff | 742a f6c2 | 0275 2549 | f741 08fe | ffff ff74 | 1749 8bd2 | 4933 5108 | 48f7 c2fc 
  0x000001a2004735a4: ffff ff74 | 0b49 8349 | 0802 eb04 | 4989 5108 | 4885 ff75 | 0f41 f641 | 1801 7552 | f049 8349 
  0x000001a2004735c4: 1801 eb4a | 8b57 0849 | ba00 0000 | 0fa2 0100 | 0049 03d2 | 4c8b d249 | 3351 1848 | f7c2 fcff 
  0x000001a2004735e4: ffff 742a | f6c2 0275 | 2549 f741 | 18fe ffff | ff74 1749 | 8bd2 4933 | 5118 48f7 | c2fc ffff 
  0x000001a200473604: ff74 0b49 | 8349 1802 | eb04 4989 | 5118 488b | b424 1001 

  0x000001a200473618: ;   {metadata(method data for {method} {0x000001a20f0ae518} 'invokeExact_MT' '(Ljava/lang/Object;Ljava/lang/Object;Ljava/lang/Object;Ljava/lang/Object;)Ljava/lang/Object;' in 'java/lang/invoke/Invokers$Holder')}
  0x000001a200473618: 0000 49b9 | a8b3 7f78 | a201 0000 | 4983 81e0 | 0100 0001 | 4c8b cf48 | 8b94 2410 

  0x000001a200473634: ;   {optimized virtual_call}
  0x000001a200473634: 0100 00e8 

  0x000001a200473638: ; ImmutableOopMap {[176]=Oop }
                      ;*invokevirtual invokeBasic {reexecute=0 rethrow=0 return_oop=0}
                      ; - java.lang.invoke.Invokers$Holder::invokeExact_MT@20
                      ; - jdk.internal.reflect.DirectMethodHandleAccessor::invokeImpl@55
                      ; - jdk.internal.reflect.DirectMethodHandleAccessor::invoke@23
  0x000001a200473638: 44f2 6607 

  0x000001a20047363c: ;   {other}
  0x000001a20047363c: 0f1f 8400 | 2c21 0009 

  0x000001a200473644: ;   {metadata(method data for {method} {0x000001a20f0ae518} 'invokeExact_MT' '(Ljava/lang/Object;Ljava/lang/Object;Ljava/lang/Object;Ljava/lang/Object;)Ljava/lang/Object;' in 'java/lang/invoke/Invokers$Holder')}
  0x000001a200473644: 48ba a8b3 | 7f78 a201 | 0000 488d | 9238 0200 | 0048 85c0 | 750c f602 | 0175 4df0 | 4883 0a01 
  0x000001a200473664: eb46 8b70 | 0849 ba00 | 0000 0fa2 | 0100 0049 | 03f2 4c8b | d648 3332 | 48f7 c6fc | ffff ff74 
  0x000001a200473684: 2740 f6c6 | 0275 2148 | f702 feff | ffff 7415 | 498b f248 | 3332 48f7 | c6fc ffff | ff74 0948 
  0x000001a2004736a4: 830a 02eb | 0348 8932 

  0x000001a2004736ac: ;   {metadata(method data for {method} {0x000001a20f3c8328} 'invokeImpl' '(Ljava/lang/Object;[Ljava/lang/Object;)Ljava/lang/Object;' in 'jdk/internal/reflect/DirectMethodHandleAccessor')}
  0x000001a2004736ac: 48ba 90af | 7f78 a201 | 0000 488d | 9238 0200 | 0048 85c0 | 750c f602 | 0175 4df0 | 4883 0a01 
  0x000001a2004736cc: eb46 8b70 | 0849 ba00 | 0000 0fa2 | 0100 0049 | 03f2 4c8b | d648 3332 | 48f7 c6fc | ffff ff74 
  0x000001a2004736ec: 2740 f6c6 | 0275 2148 | f702 feff | ffff 7415 | 498b f248 | 3332 48f7 | c6fc ffff | ff74 0948 
  0x000001a20047370c: 830a 02eb | 0348 8932 

  0x000001a200473714: ;   {metadata(method data for {method} {0x000001a20f3c8328} 'invokeImpl' '(Ljava/lang/Object;[Ljava/lang/Object;)Ljava/lang/Object;' in 'jdk/internal/reflect/DirectMethodHandleAccessor')}
  0x000001a200473714: 48ba 90af | 7f78 a201 | 0000 ff82 | 4802 0000 | 4881 c470 | 0100 005d 

  0x000001a20047372c: ;   {poll_return}
  0x000001a20047372c: 493b a750 | 0400 000f | 873a 0e00 | 00c3 4c8b | 8424 c000 | 0000 8b72 | 1848 89b4 | 2418 0100 
  0x000001a20047374c: ;   {metadata(method data for {method} {0x000001a20f3c8328} 'invokeImpl' '(Ljava/lang/Object;[Ljava/lang/Object;)Ljava/lang/Object;' in 'jdk/internal/reflect/DirectMethodHandleAccessor')}
  0x000001a20047374c: 0048 bf90 | af7f 78a2 | 0100 0048 | 8dbf a801 | 0000 4d85 | c075 0ef6 | 4708 0175 | 53f0 4883 
  0x000001a20047376c: 4f08 01eb | 4b41 8b58 | 0849 ba00 | 0000 0fa2 | 0100 0049 | 03da 4c8b | d348 335f | 0848 f7c3 
  0x000001a20047378c: fcff ffff | 742a f6c3 | 0275 2548 | f747 08fe | ffff ff74 | 1749 8bda | 4833 5f08 | 48f7 c3fc 
  0x000001a2004737ac: ffff ff74 | 0b48 834f | 0802 eb04 | 4889 5f08 

  0x000001a2004737bc: ;   {metadata(method data for {method} {0x000001a20f0ae5c8} 'invokeExact_MT' '(Ljava/lang/Object;Ljava/lang/Object;Ljava/lang/Object;)Ljava/lang/Object;' in 'java/lang/invoke/Invokers$Holder')}
  0x000001a2004737bc: 48bf 0096 | 2078 a201 | 0000 488d | bfa0 0200 | 0048 85f6 | 750a f607 | 0175 05f0 | 4883 0f01 
  0x000001a2004737dc: ;   {metadata(method data for {method} {0x000001a20f3c8328} 'invokeImpl' '(Ljava/lang/Object;[Ljava/lang/Object;)Ljava/lang/Object;' in 'jdk/internal/reflect/DirectMethodHandleAccessor')}
  0x000001a2004737dc: 48bf 90af | 7f78 a201 | 0000 4883 | 8770 0100 

  0x000001a2004737ec: ;   {metadata(method data for {method} {0x000001a20f0ae5c8} 'invokeExact_MT' '(Ljava/lang/Object;Ljava/lang/Object;Ljava/lang/Object;)Ljava/lang/Object;' in 'java/lang/invoke/Invokers$Holder')}
  0x000001a2004737ec: 0001 48bf | 0096 2078 | a201 0000 | 8b9f cc00 | 0000 83c3 | 0289 9fcc | 0000 0081 | e3fe ff1f 
  0x000001a20047380c: 0085 db0f | 8474 0d00 

  0x000001a200473814: ;   {metadata(method data for {method} {0x000001a20f0ae5c8} 'invokeExact_MT' '(Ljava/lang/Object;Ljava/lang/Object;Ljava/lang/Object;)Ljava/lang/Object;' in 'java/lang/invoke/Invokers$Holder')}
  0x000001a200473814: 0048 bf00 | 9620 78a2 | 0100 0048 | 8dbf 9001 | 0000 4885 | f675 0cf6 | 4708 0175 | 06f0 4883 
  0x000001a200473834: ;   {oop(a 'java/lang/invoke/MethodType'{0x00000000e0721460} = (Ljava/lang/Object;)Ljava/lang/Object;)}
  0x000001a200473834: 4f08 0148 | bb60 1472 | e000 0000 | 0048 85db | 750c f647 | 1801 7506 | f048 834f 

  0x000001a200473850: ;   {metadata(method data for {method} {0x000001a20f0ae5c8} 'invokeExact_MT' '(Ljava/lang/Object;Ljava/lang/Object;Ljava/lang/Object;)Ljava/lang/Object;' in 'java/lang/invoke/Invokers$Holder')}
  0x000001a200473850: 1801 48bf | 0096 2078 | a201 0000 | 4883 8780 | 0100 0001 

  0x000001a200473864: ;   {metadata(method data for {method} {0x000001a20f3dc218} 'checkExactType' '(Ljava/lang/invoke/MethodHandle;Ljava/lang/invoke/MethodType;)V' in 'java/lang/invoke/Invokers')}
  0x000001a200473864: 48bf d0c9 | 1878 a201 | 0000 8b87 | cc00 0000 | 83c0 0289 | 87cc 0000 | 0025 feff | 1f00 85c0 
  0x000001a200473884: 0f84 200d | 0000 483b | 0648 8bfe 

  0x000001a200473890: ;   {metadata(method data for {method} {0x000001a20f3dc218} 'checkExactType' '(Ljava/lang/invoke/MethodHandle;Ljava/lang/invoke/MethodType;)V' in 'java/lang/invoke/Invokers')}
  0x000001a200473890: 48b8 d0c9 | 1878 a201 | 0000 8b7f | 0849 ba00 | 0000 0fa2 | 0100 0049 | 03fa 483b | b820 0100 
  0x000001a2004738b0: 0075 0d48 | 8380 2801 | 0000 01e9 | 6000 0000 | 483b b830 | 0100 0075 | 0d48 8380 | 3801 0000 
  0x000001a2004738d0: 01e9 4a00 | 0000 4883 | b820 0100 | 0000 7517 | 4889 b820 | 0100 0048 | c780 2801 | 0000 0100 
  0x000001a2004738f0: 0000 e929 | 0000 0048 | 83b8 3001 | 0000 0075 | 1748 89b8 | 3001 0000 | 48c7 8038 | 0100 0001 
  0x000001a200473910: 0000 00e9 | 0800 0000 | 4883 8010 | 0100 0001 | 8b7e 1048 

  0x000001a200473924: ;   {metadata(method data for {method} {0x000001a20f3dc218} 'checkExactType' '(Ljava/lang/invoke/MethodHandle;Ljava/lang/invoke/MethodType;)V' in 'java/lang/invoke/Invokers')}
  0x000001a200473924: 3bfb 48bb | d0c9 1878 | a201 0000 | 48c7 c058 | 0100 0075 | 0748 c7c0 | 4801 0000 | 488b 0c03 
  0x000001a200473944: 488d 4901 | 4889 0c03 | 0f85 c101 

  0x000001a200473950: ;   {metadata(method data for {method} {0x000001a20f0ae5c8} 'invokeExact_MT' '(Ljava/lang/Object;Ljava/lang/Object;Ljava/lang/Object;)Ljava/lang/Object;' in 'java/lang/invoke/Invokers$Holder')}
  0x000001a200473950: 0000 48bf | 0096 2078 | a201 0000 | 4883 87b8 | 0100 0001 

  0x000001a200473964: ;   {metadata(method data for {method} {0x000001a20f3dc110} 'checkCustomized' '(Ljava/lang/invoke/MethodHandle;)V' in 'java/lang/invoke/Invokers')}
  0x000001a200473964: 48bf 58c0 | 1878 a201 | 0000 8b9f | cc00 0000 | 83c3 0289 | 9fcc 0000 | 0081 e3fe | ff1f 0085 
  0x000001a200473984: db0f 8445 

  0x000001a200473988: ;   {metadata(method data for {method} {0x000001a20f3dc110} 'checkCustomized' '(Ljava/lang/invoke/MethodHandle;)V' in 'java/lang/invoke/Invokers')}
  0x000001a200473988: 0c00 0048 | bf58 c018 | 78a2 0100 | 0048 8387 | 1001 0000 

  0x000001a20047399c: ;   {metadata(method data for {method} {0x000001a20f0944d8} 'isCompileConstant' '(Ljava/lang/Object;)Z' in 'java/lang/invoke/MethodHandleImpl')}
  0x000001a20047399c: 0148 bf08 | c218 78a2 | 0100 008b | 9fcc 0000 | 0083 c302 | 899f cc00 | 0000 81e3 | feff 1f00 
  0x000001a2004739bc: 85db 0f84 | 2d0c 0000 

  0x000001a2004739c4: ;   {metadata(method data for {method} {0x000001a20f3dc110} 'checkCustomized' '(Ljava/lang/invoke/MethodHandle;)V' in 'java/lang/invoke/Invokers')}
  0x000001a2004739c4: 48bf 58c0 | 1878 a201 | 0000 ff87 | 2001 0000 | 8b7e 148b | 7f1c 4885 

  0x000001a2004739dc: ;   {metadata(method data for {method} {0x000001a20f3dc110} 'checkCustomized' '(Ljava/lang/invoke/MethodHandle;)V' in 'java/lang/invoke/Invokers')}
  0x000001a2004739dc: ff48 bf58 | c018 78a2 | 0100 0048 | c7c3 4001 | 0000 7507 | 48c7 c350 | 0100 0048 | 8b04 1f48 
  0x000001a2004739fc: 8d40 0148 | 8904 1f0f | 8523 0000 

  0x000001a200473a08: ;   {metadata(method data for {method} {0x000001a20f3dc110} 'checkCustomized' '(Ljava/lang/invoke/MethodHandle;)V' in 'java/lang/invoke/Invokers')}
  0x000001a200473a08: 0048 bf58 | c018 78a2 | 0100 0048 | 8387 6001 | 0000 0148 

  0x000001a200473a1c: ;   {static_call}
  0x000001a200473a1c: 8bd6 90e8 

  0x000001a200473a20: ; ImmutableOopMap {[176]=Oop [192]=Oop [280]=Oop }
                      ;*invokestatic maybeCustomize {reexecute=0 rethrow=0 return_oop=0}
                      ; - java.lang.invoke.Invokers::checkCustomized@19
                      ; - java.lang.invoke.Invokers$Holder::invokeExact_MT@14
                      ; - jdk.internal.reflect.DirectMethodHandleAccessor::invokeImpl@41
                      ; - jdk.internal.reflect.DirectMethodHandleAccessor::invoke@23
  0x000001a200473a20: 1c6e eaff 

  0x000001a200473a24: ;   {other}
  0x000001a200473a24: 0f1f 8400 | 1425 000a | 488b b424 | 1801 0000 

  0x000001a200473a34: ;   {metadata(method data for {method} {0x000001a20f0ae5c8} 'invokeExact_MT' '(Ljava/lang/Object;Ljava/lang/Object;Ljava/lang/Object;)Ljava/lang/Object;' in 'java/lang/invoke/Invokers$Holder')}
  0x000001a200473a34: 49b8 0096 | 2078 a201 | 0000 4983 | 80e0 0100 | 0001 4c8b | 8424 c000 | 0000 488b | 9424 1801 
  0x000001a200473a54: ;   {optimized virtual_call}
  0x000001a200473a54: 0000 90e8 

  0x000001a200473a58: ; ImmutableOopMap {[176]=Oop }
                      ;*invokevirtual invokeBasic {reexecute=0 rethrow=0 return_oop=0}
                      ; - java.lang.invoke.Invokers$Holder::invokeExact_MT@19
                      ; - jdk.internal.reflect.DirectMethodHandleAccessor::invokeImpl@41
                      ; - jdk.internal.reflect.DirectMethodHandleAccessor::invoke@23
  0x000001a200473a58: a400 6607 

  0x000001a200473a5c: ;   {other}
  0x000001a200473a5c: 0f1f 8400 | 4c25 000b 

  0x000001a200473a64: ;   {metadata(method data for {method} {0x000001a20f0ae5c8} 'invokeExact_MT' '(Ljava/lang/Object;Ljava/lang/Object;Ljava/lang/Object;)Ljava/lang/Object;' in 'java/lang/invoke/Invokers$Holder')}
  0x000001a200473a64: 48ba 0096 | 2078 a201 | 0000 488d | 9228 0200 | 0048 85c0 | 750a f602 | 0175 05f0 | 4883 0a01 
  0x000001a200473a84: ;   {metadata(method data for {method} {0x000001a20f3c8328} 'invokeImpl' '(Ljava/lang/Object;[Ljava/lang/Object;)Ljava/lang/Object;' in 'jdk/internal/reflect/DirectMethodHandleAccessor')}
  0x000001a200473a84: 48ba 90af | 7f78 a201 | 0000 488d | 92b8 0100 | 0048 85c0 | 750c f602 | 0175 4ef0 | 4883 0a01 
  0x000001a200473aa4: eb47 448b | 4008 49ba | 0000 000f | a201 0000 | 4d03 c24d | 8bd0 4c33 | 0249 f7c0 | fcff ffff 
  0x000001a200473ac4: 7427 41f6 | c002 7521 | 48f7 02fe | ffff ff74 | 154d 8bc2 | 4c33 0249 | f7c0 fcff | ffff 7409 
  0x000001a200473ae4: 4883 0a02 | eb03 4c89 

  0x000001a200473aec: ;   {metadata(method data for {method} {0x000001a20f3c8328} 'invokeImpl' '(Ljava/lang/Object;[Ljava/lang/Object;)Ljava/lang/Object;' in 'jdk/internal/reflect/DirectMethodHandleAccessor')}
  0x000001a200473aec: 0248 ba90 | af7f 78a2 | 0100 00ff | 82c8 0100 | 0048 81c4 | 7001 0000 

  0x000001a200473b04: ;   {poll_return}
  0x000001a200473b04: 5d49 3ba7 | 5004 0000 | 0f87 050b 

  0x000001a200473b10: ;   {metadata(method data for {method} {0x000001a20f3dc218} 'checkExactType' '(Ljava/lang/invoke/MethodHandle;Ljava/lang/invoke/MethodType;)V' in 'java/lang/invoke/Invokers')}
  0x000001a200473b10: 0000 c348 | bad0 c918 | 78a2 0100 | 0048 8382 | 6801 0000 

  0x000001a200473b24: ;   {oop(a 'java/lang/invoke/MethodType'{0x00000000e0721460} = (Ljava/lang/Object;)Ljava/lang/Object;)}
  0x000001a200473b24: 0149 b860 | 1472 e000 | 0000 0048 | 8bd7 0f1f 

  0x000001a200473b34: ;   {static_call}
  0x000001a200473b34: 4400 00e8 

  0x000001a200473b38: ; ImmutableOopMap {[176]=Oop [192]=Oop [280]=Oop }
                      ;*invokestatic newWrongMethodTypeException {reexecute=0 rethrow=0 return_oop=0}
                      ; - java.lang.invoke.Invokers::checkExactType@12
                      ; - java.lang.invoke.Invokers$Holder::invokeExact_MT@10
                      ; - jdk.internal.reflect.DirectMethodHandleAccessor::invokeImpl@41
                      ; - jdk.internal.reflect.DirectMethodHandleAccessor::invoke@23
  0x000001a200473b38: 44b5 1007 

  0x000001a200473b3c: ;   {other}
  0x000001a200473b3c: 0f1f 8400 | 2c26 000c 

  0x000001a200473b44: ; implicit exception: dispatches to 0x000001a20047462d
                      ; ImmutableOopMap {rax=Oop [176]=Oop [192]=Oop [280]=Oop }
                      ;*athrow {reexecute=1 rethrow=0 return_oop=0}
                      ; - (reexecute) java.lang.invoke.Invokers::checkExactType@15
                      ; - java.lang.invoke.Invokers$Holder::invokeExact_MT@10
                      ; - jdk.internal.reflect.DirectMethodHandleAccessor::invokeImpl@41
                      ; - jdk.internal.reflect.DirectMethodHandleAccessor::invoke@23
                      ;   {section_word}
  0x000001a200473b44: 483b 0048 | ba47 3b47 | 00a2 0100 

  0x000001a200473b50: ;   {runtime_call handle_exception_nofpu Runtime1 stub}
  0x000001a200473b50: 00e8 aaaa 

  0x000001a200473b54: ;   {metadata(method data for {method} {0x000001a20f3dc218} 'checkExactType' '(Ljava/lang/invoke/MethodHandle;Ljava/lang/invoke/MethodType;)V' in 'java/lang/invoke/Invokers')}
  0x000001a200473b54: 1c07 9048 | bad0 c918 | 78a2 0100 | 0048 8382 | 6801 0000 

  0x000001a200473b68: ;   {oop(a 'java/lang/invoke/MethodType'{0x00000000e07214d8} = (Ljava/lang/Object;Ljava/lang/Object;)Ljava/lang/Object;)}
  0x000001a200473b68: 0149 b8d8 | 1472 e000 | 0000 0048 

  0x000001a200473b74: ;   {static_call}
  0x000001a200473b74: 8bd3 90e8 

  0x000001a200473b78: ; ImmutableOopMap {[176]=Oop [192]=Oop [264]=Oop [272]=Oop }
                      ;*invokestatic newWrongMethodTypeException {reexecute=0 rethrow=0 return_oop=0}
                      ; - java.lang.invoke.Invokers::checkExactType@12
                      ; - java.lang.invoke.Invokers$Holder::invokeExact_MT@10
                      ; - jdk.internal.reflect.DirectMethodHandleAccessor::invokeImpl@55
                      ; - jdk.internal.reflect.DirectMethodHandleAccessor::invoke@23
  0x000001a200473b78: 04b5 1007 

  0x000001a200473b7c: ;   {other}
  0x000001a200473b7c: 0f1f 8400 | 6c26 000e 

  0x000001a200473b84: ; implicit exception: dispatches to 0x000001a200474632
                      ; ImmutableOopMap {rax=Oop [176]=Oop [192]=Oop [264]=Oop [272]=Oop }
                      ;*athrow {reexecute=1 rethrow=0 return_oop=0}
                      ; - (reexecute) java.lang.invoke.Invokers::checkExactType@15
                      ; - java.lang.invoke.Invokers$Holder::invokeExact_MT@10
                      ; - jdk.internal.reflect.DirectMethodHandleAccessor::invokeImpl@55
                      ; - jdk.internal.reflect.DirectMethodHandleAccessor::invoke@23
                      ;   {section_word}
  0x000001a200473b84: 483b 0048 | ba87 3b47 | 00a2 0100 

  0x000001a200473b90: ;   {runtime_call handle_exception_nofpu Runtime1 stub}
  0x000001a200473b90: 00e8 6aaa 

  0x000001a200473b94: ;   {metadata(method data for {method} {0x000001a20f3dc218} 'checkExactType' '(Ljava/lang/invoke/MethodHandle;Ljava/lang/invoke/MethodType;)V' in 'java/lang/invoke/Invokers')}
  0x000001a200473b94: 1c07 9048 | bad0 c918 | 78a2 0100 | 0048 8382 | 6801 0000 

  0x000001a200473ba8: ;   {oop(a 'java/lang/invoke/MethodType'{0x00000000e07215d0} = (Ljava/lang/Object;Ljava/lang/Object;Ljava/lang/Object;)Ljava/lang/Object;)}
  0x000001a200473ba8: 0149 b8d0 | 1572 e000 | 0000 0048 

  0x000001a200473bb4: ;   {static_call}
  0x000001a200473bb4: 8bd0 90e8 

  0x000001a200473bb8: ; ImmutableOopMap {[176]=Oop [192]=Oop [240]=Oop [248]=Oop [256]=Oop }
                      ;*invokestatic newWrongMethodTypeException {reexecute=0 rethrow=0 return_oop=0}
                      ; - java.lang.invoke.Invokers::checkExactType@12
                      ; - java.lang.invoke.LambdaForm$MH/0x000001a210002800::invokeExact_MT@11
                      ; - jdk.internal.reflect.DirectMethodHandleAccessor::invokeImpl@72
                      ; - jdk.internal.reflect.DirectMethodHandleAccessor::invoke@23
  0x000001a200473bb8: c4b4 1007 

  0x000001a200473bbc: ;   {other}
  0x000001a200473bbc: 0f1f 8400 | ac26 0010 

  0x000001a200473bc4: ; implicit exception: dispatches to 0x000001a200474637
                      ; ImmutableOopMap {rax=Oop [176]=Oop [192]=Oop [240]=Oop [248]=Oop [256]=Oop }
                      ;*athrow {reexecute=1 rethrow=0 return_oop=0}
                      ; - (reexecute) java.lang.invoke.Invokers::checkExactType@15
                      ; - java.lang.invoke.LambdaForm$MH/0x000001a210002800::invokeExact_MT@11
                      ; - jdk.internal.reflect.DirectMethodHandleAccessor::invokeImpl@72
                      ; - jdk.internal.reflect.DirectMethodHandleAccessor::invoke@23
                      ;   {section_word}
  0x000001a200473bc4: 483b 0048 | bac7 3b47 | 00a2 0100 

  0x000001a200473bd0: ;   {runtime_call handle_exception_nofpu Runtime1 stub}
  0x000001a200473bd0: 00e8 2aaa 

  0x000001a200473bd4: ;   {metadata(method data for {method} {0x000001a20f3dc218} 'checkExactType' '(Ljava/lang/invoke/MethodHandle;Ljava/lang/invoke/MethodType;)V' in 'java/lang/invoke/Invokers')}
  0x000001a200473bd4: 1c07 9048 | bad0 c918 | 78a2 0100 | 0048 8382 | 6801 0000 

  0x000001a200473be8: ;   {oop(a 'java/lang/invoke/MethodType'{0x00000000e0716fd8} = (Ljava/lang/Object;Ljava/lang/Object;Ljava/lang/Object;Ljava/lang/Object;)Ljava/lang/Object;)}
  0x000001a200473be8: 0149 b8d8 | 6f71 e000 | 0000 0048 

  0x000001a200473bf4: ;   {static_call}
  0x000001a200473bf4: 8bd1 90e8 

  0x000001a200473bf8: ; ImmutableOopMap {[176]=Oop [192]=Oop [208]=Oop [216]=Oop [224]=Oop [232]=Oop }
                      ;*invokestatic newWrongMethodTypeException {reexecute=0 rethrow=0 return_oop=0}
                      ; - java.lang.invoke.Invokers::checkExactType@12
                      ; - java.lang.invoke.LambdaForm$MH/0x000001a2100f4c00::invokeExact_MT@11
                      ; - jdk.internal.reflect.DirectMethodHandleAccessor::invokeImpl@92
                      ; - jdk.internal.reflect.DirectMethodHandleAccessor::invoke@23
  0x000001a200473bf8: 84b4 1007 

  0x000001a200473bfc: ;   {other}
  0x000001a200473bfc: 0f1f 8400 | ec26 0012 

  0x000001a200473c04: ; implicit exception: dispatches to 0x000001a20047463c
                      ; ImmutableOopMap {rax=Oop [176]=Oop [192]=Oop [208]=Oop [216]=Oop [224]=Oop [232]=Oop }
                      ;*athrow {reexecute=1 rethrow=0 return_oop=0}
                      ; - (reexecute) java.lang.invoke.Invokers::checkExactType@15
                      ; - java.lang.invoke.LambdaForm$MH/0x000001a2100f4c00::invokeExact_MT@11
                      ; - jdk.internal.reflect.DirectMethodHandleAccessor::invokeImpl@92
                      ; - jdk.internal.reflect.DirectMethodHandleAccessor::invoke@23
                      ;   {section_word}
  0x000001a200473c04: 483b 0048 | ba07 3c47 | 00a2 0100 

  0x000001a200473c10: ;   {runtime_call handle_exception_nofpu Runtime1 stub}
  0x000001a200473c10: 00e8 eaa9 

  0x000001a200473c14: ;   {metadata(method data for {method} {0x000001a20f3dc218} 'checkExactType' '(Ljava/lang/invoke/MethodHandle;Ljava/lang/invoke/MethodType;)V' in 'java/lang/invoke/Invokers')}
  0x000001a200473c14: 1c07 9048 | bad0 c918 | 78a2 0100 | 0048 8382 | 6801 0000 

  0x000001a200473c28: ;   {oop(a 'java/lang/invoke/MethodType'{0x00000000ed4f93f0} = (Ljava/lang/Object;[Ljava/lang/Object;)Ljava/lang/Object;)}
  0x000001a200473c28: 0149 b8f0 | 934f ed00 | 0000 0048 

  0x000001a200473c34: ;   {static_call}
  0x000001a200473c34: 8bd7 90e8 

  0x000001a200473c38: ; ImmutableOopMap {[176]=Oop [184]=Oop [192]=Oop [200]=Oop }
                      ;*invokestatic newWrongMethodTypeException {reexecute=0 rethrow=0 return_oop=0}
                      ; - java.lang.invoke.Invokers::checkExactType@12
                      ; - java.lang.invoke.Invokers$Holder::invokeExact_MT@10
                      ; - jdk.internal.reflect.DirectMethodHandleAccessor::invokeImpl@104
                      ; - jdk.internal.reflect.DirectMethodHandleAccessor::invoke@23
  0x000001a200473c38: 44b4 1007 

  0x000001a200473c3c: ;   {other}
  0x000001a200473c3c: 0f1f 8400 | 2c27 0014 

  0x000001a200473c44: ; implicit exception: dispatches to 0x000001a200474641
                      ; ImmutableOopMap {rax=Oop [176]=Oop [184]=Oop [192]=Oop [200]=Oop }
                      ;*athrow {reexecute=1 rethrow=0 return_oop=0}
                      ; - (reexecute) java.lang.invoke.Invokers::checkExactType@15
                      ; - java.lang.invoke.Invokers$Holder::invokeExact_MT@10
                      ; - jdk.internal.reflect.DirectMethodHandleAccessor::invokeImpl@104
                      ; - jdk.internal.reflect.DirectMethodHandleAccessor::invoke@23
                      ;   {section_word}
  0x000001a200473c44: 483b 0048 | ba47 3c47 | 00a2 0100 

  0x000001a200473c50: ;   {runtime_call handle_exception_nofpu Runtime1 stub}
  0x000001a200473c50: 00e8 aaa9 | 1c07 9049 | 8b87 0005 | 0000 4d33 | d24d 8997 | 0005 0000 | 4d33 d24d | 8997 0805 
  0x000001a200473c70: 0000 488b | 9424 b000 

  0x000001a200473c78: ;   {metadata(method data for {method} {0x000001a20f19cd78} 'invoke' '(Ljava/lang/Object;[Ljava/lang/Object;)Ljava/lang/Object;' in 'jdk/internal/reflect/DirectMethodHandleAccessor')}
  0x000001a200473c78: 0000 49b8 | 08a6 7f78 | a201 0000 | 4983 8060 | 0200 0001 

  0x000001a200473c8c: ;   {metadata(method data for {method} {0x000001a20f3c82d0} 'isIllegalArgument' '(Ljava/lang/RuntimeException;)Z' in 'jdk/internal/reflect/DirectMethodHandleAccessor')}
  0x000001a200473c8c: 48ba 78b6 | 7f78 a201 | 0000 448b | 82cc 0000 | 0041 83c0 | 0244 8982 | cc00 0000 | 4181 e0fe 
  0x000001a200473cac: ff1f 0045 | 85c0 0f84 | 8e09 0000 

  0x000001a200473cb8: ;   {oop(a 'java/lang/Class'{0x00000000e06bdc38} = 'jdk/internal/reflect/DirectMethodHandleAccessor')}
  0x000001a200473cb8: 48ba 38dc | 6be0 0000 | 0000 4c8b | c048 8984 | 2420 0100 

  0x000001a200473ccc: ;   {static_call}
  0x000001a200473ccc: 0066 90e8 

  0x000001a200473cd0: ; ImmutableOopMap {[288]=Oop }
                      ;*invokestatic isIllegalArgument {reexecute=0 rethrow=0 return_oop=0}
                      ; - jdk.internal.reflect.DirectMethodHandleAccessor::isIllegalArgument@3
                      ; - jdk.internal.reflect.DirectMethodHandleAccessor::invoke@58
  0x000001a200473cd0: acb3 1007 

  0x000001a200473cd4: ;   {other}
  0x000001a200473cd4: 0f1f 8400 | c427 0016 | 83e0 0185 

  0x000001a200473ce0: ;   {metadata(method data for {method} {0x000001a20f19cd78} 'invoke' '(Ljava/lang/Object;[Ljava/lang/Object;)Ljava/lang/Object;' in 'jdk/internal/reflect/DirectMethodHandleAccessor')}
  0x000001a200473ce0: c048 b808 | a67f 78a2 | 0100 0048 | c7c2 9802 | 0000 7407 | 48c7 c2a8 | 0200 004c | 8b04 104d 
  0x000001a200473d00: 8d40 014c | 8904 100f | 84bc 0200 | 00e9 0f02 | 0000 498b | 8700 0500 | 004d 33d2 | 4d89 9700 
  0x000001a200473d20: 0500 004d | 33d2 4d89 | 9708 0500 | 0048 8b94 | 24b0 0000 

  0x000001a200473d34: ;   {metadata(method data for {method} {0x000001a20f19cd78} 'invoke' '(Ljava/lang/Object;[Ljava/lang/Object;)Ljava/lang/Object;' in 'jdk/internal/reflect/DirectMethodHandleAccessor')}
  0x000001a200473d34: 0049 b808 | a67f 78a2 | 0100 0049 | 8380 e801 

  0x000001a200473d44: ;   {metadata(method data for {method} {0x000001a20f3c82d0} 'isIllegalArgument' '(Ljava/lang/RuntimeException;)Z' in 'jdk/internal/reflect/DirectMethodHandleAccessor')}
  0x000001a200473d44: 0000 0148 | ba78 b67f | 78a2 0100 | 0044 8b82 | cc00 0000 | 4183 c002 | 4489 82cc | 0000 0041 
  0x000001a200473d64: 81e0 feff | 1f00 4585 | c00f 84f4 

  0x000001a200473d70: ;   {oop(a 'java/lang/Class'{0x00000000e06bdc38} = 'jdk/internal/reflect/DirectMethodHandleAccessor')}
  0x000001a200473d70: 0800 0048 | ba38 dc6b | e000 0000 | 004c 8bc0 | 4889 8424 | 2801 0000 | 0f1f 8000 

  0x000001a200473d8c: ;   {static_call}
  0x000001a200473d8c: 0000 00e8 

  0x000001a200473d90: ; ImmutableOopMap {[296]=Oop }
                      ;*invokestatic isIllegalArgument {reexecute=0 rethrow=0 return_oop=0}
                      ; - jdk.internal.reflect.DirectMethodHandleAccessor::isIllegalArgument@3
                      ; - jdk.internal.reflect.DirectMethodHandleAccessor::invoke@30
  0x000001a200473d90: ecb2 1007 

  0x000001a200473d94: ;   {other}
  0x000001a200473d94: 0f1f 8400 | 8428 0017 | 83e0 0185 

  0x000001a200473da0: ;   {metadata(method data for {method} {0x000001a20f19cd78} 'invoke' '(Ljava/lang/Object;[Ljava/lang/Object;)Ljava/lang/Object;' in 'jdk/internal/reflect/DirectMethodHandleAccessor')}
  0x000001a200473da0: c048 ba08 | a67f 78a2 | 0100 0048 | c7c6 2002 | 0000 7407 | 48c7 c630 | 0200 0048 | 8b3c 3248 
  0x000001a200473dc0: 8d7f 0148 | 893c 320f | 84a4 0000 | 0066 6690 

  0x000001a200473dd0: ;   {no_reloc}
  0x000001a200473dd0: e9c2 0800 | 0000 0000 | 0000 498b | 87b8 0100 | 0048 8d78 | 2849 3bbf | c801 0000 | 0f87 af08 
  0x000001a200473df0: 0000 4989 | bfb8 0100 | 0048 c700 | 0100 0000 | 488b ca49 | ba00 0000 | 0fa2 0100 | 0049 2bca 
  0x000001a200473e10: 8948 0848 | 33c9 8948 | 0c48 33c9 | 4889 4810 | 4889 4818 | 4889 4820 

  0x000001a200473e28: ;   {metadata(method data for {method} {0x000001a20f19cd78} 'invoke' '(Ljava/lang/Object;[Ljava/lang/Object;)Ljava/lang/Object;' in 'jdk/internal/reflect/DirectMethodHandleAccessor')}
  0x000001a200473e28: 4c8b c048 | ba08 a67f | 78a2 0100 | 0048 8382 | 4002 0000 

  0x000001a200473e3c: ;   {oop("argument type mismatch"{0x00000000efc80cc8})}
  0x000001a200473e3c: 0149 b8c8 | 0cc8 ef00 | 0000 0048 | 8bd0 4889 | 8424 3001 | 0000 0f1f 

  0x000001a200473e54: ;   {optimized virtual_call}
  0x000001a200473e54: 4400 00e8 

  0x000001a200473e58: ; ImmutableOopMap {[304]=Oop }
                      ;*invokespecial <init> {reexecute=0 rethrow=0 return_oop=0}
                      ; - jdk.internal.reflect.DirectMethodHandleAccessor::invoke@42
  0x000001a200473e58: 24ac 1007 

  0x000001a200473e5c: ;   {other}
  0x000001a200473e5c: 0f1f 8400 | 4c29 0018 | 488b 8424 | 3001 0000 | e927 0900 | 004c 8b84 | 2428 0100 | 000f 1f80 
  0x000001a200473e7c: 0000 0000 

  0x000001a200473e80: ;   {no_reloc}
  0x000001a200473e80: e938 0800 | 0000 0000 | 0000 80ba | 3101 0000 | 040f 8535 | 0800 0049 | 8b87 b801 | 0000 488d 
  0x000001a200473ea0: 7828 493b | bfc8 0100 | 000f 871d | 0800 0049 | 89bf b801 | 0000 48c7 | 0001 0000 | 0048 8bca 
  0x000001a200473ec0: 49ba 0000 | 000f a201 | 0000 492b | ca89 4808 | 4833 c989 | 480c 4833 | c948 8948 | 1048 8948 
  0x000001a200473ee0: 1848 8948 | 2048 8bd0 

  0x000001a200473ee8: ;   {metadata(method data for {method} {0x000001a20f19cd78} 'invoke' '(Ljava/lang/Object;[Ljava/lang/Object;)Ljava/lang/Object;' in 'jdk/internal/reflect/DirectMethodHandleAccessor')}
  0x000001a200473ee8: 48be 08a6 | 7f78 a201 | 0000 4883 | 8650 0200 | 0001 488b | d048 8984 | 2438 0100 

  0x000001a200473f04: ;   {optimized virtual_call}
  0x000001a200473f04: 0066 90e8 

  0x000001a200473f08: ; ImmutableOopMap {[312]=Oop }
                      ;*invokespecial <init> {reexecute=0 rethrow=0 return_oop=0}
                      ; - jdk.internal.reflect.DirectMethodHandleAccessor::invoke@51
  0x000001a200473f08: 74ab 1007 

  0x000001a200473f0c: ;   {other}
  0x000001a200473f0c: 0f1f 8400 | fc29 0019 | 488b 8424 | 3801 0000 | e977 0800 | 000f 1f80 | 0000 0000 

  0x000001a200473f28: ;   {no_reloc}
  0x000001a200473f28: e9bb 0700 | 0000 0000 | 0000 498b | 87b8 0100 | 0048 8d78 | 2849 3bbf | c801 0000 | 0f87 a807 
  0x000001a200473f48: 0000 4989 | bfb8 0100 | 0048 c700 | 0100 0000 | 488b ca49 | ba00 0000 | 0fa2 0100 | 0049 2bca 
  0x000001a200473f68: 8948 0848 | 33c9 8948 | 0c48 33c9 | 4889 4810 | 4889 4818 | 4889 4820 

  0x000001a200473f80: ;   {metadata(method data for {method} {0x000001a20f19cd78} 'invoke' '(Ljava/lang/Object;[Ljava/lang/Object;)Ljava/lang/Object;' in 'jdk/internal/reflect/DirectMethodHandleAccessor')}
  0x000001a200473f80: 4c8b c048 | ba08 a67f | 78a2 0100 | 0048 8382 | b802 0000 | 014c 8b84 | 2420 0100 | 0048 8bd0 
  0x000001a200473fa0: 4889 8424 | 4001 0000 | 0f1f 8000 

  0x000001a200473fac: ;   {optimized virtual_call}
  0x000001a200473fac: 0000 00e8 

  0x000001a200473fb0: ; ImmutableOopMap {[320]=Oop }
                      ;*invokespecial <init> {reexecute=0 rethrow=0 return_oop=0}
                      ; - jdk.internal.reflect.DirectMethodHandleAccessor::invoke@69
  0x000001a200473fb0: ccaa 1007 

  0x000001a200473fb4: ;   {other}
  0x000001a200473fb4: 0f1f 8400 | a42a 001a | 488b 8424 | 4001 0000 | e9cf 0700 | 004c 8b84 | 2420 0100 | 000f 1f80 
  0x000001a200473fd4: 0000 0000 

  0x000001a200473fd8: ;   {no_reloc}
  0x000001a200473fd8: e931 0700 | 0000 0000 | 0000 80ba | 3101 0000 | 040f 852e | 0700 0049 | 8b87 b801 | 0000 488d 
  0x000001a200473ff8: 7828 493b | bfc8 0100 | 000f 8716 | 0700 0049 | 89bf b801 | 0000 48c7 | 0001 0000 | 0048 8bca 
  0x000001a200474018: 49ba 0000 | 000f a201 | 0000 492b | ca89 4808 | 4833 c989 | 480c 4833 | c948 8948 | 1048 8948 
  0x000001a200474038: 1848 8948 | 2048 8bd0 

  0x000001a200474040: ;   {metadata(method data for {method} {0x000001a20f19cd78} 'invoke' '(Ljava/lang/Object;[Ljava/lang/Object;)Ljava/lang/Object;' in 'jdk/internal/reflect/DirectMethodHandleAccessor')}
  0x000001a200474040: 48be 08a6 | 7f78 a201 | 0000 4883 | 86c8 0200 | 0001 488b | d048 8984 | 2448 0100 

  0x000001a20047405c: ;   {optimized virtual_call}
  0x000001a20047405c: 0066 90e8 

  0x000001a200474060: ; ImmutableOopMap {[328]=Oop }
                      ;*invokespecial <init> {reexecute=0 rethrow=0 return_oop=0}
                      ; - jdk.internal.reflect.DirectMethodHandleAccessor::invoke@78
  0x000001a200474060: 1caa 1007 

  0x000001a200474064: ;   {other}
  0x000001a200474064: 0f1f 8400 | 542b 001b | 488b 8424 | 4801 0000 | e91f 0700 | 000f 1f80 | 0000 0000 

  0x000001a200474080: ;   {no_reloc}
  0x000001a200474080: e9b4 0600 | 0000 0000 | 0000 498b | 87b8 0100 | 0048 8d78 | 2849 3bbf | c801 0000 | 0f87 a106 
  0x000001a2004740a0: 0000 4989 | bfb8 0100 | 0048 c700 | 0100 0000 | 488b ca49 | ba00 0000 | 0fa2 0100 | 0049 2bca 
  0x000001a2004740c0: 8948 0848 | 33c9 8948 | 0c48 33c9 | 4889 4810 | 4889 4818 | 4889 4820 

  0x000001a2004740d8: ;   {metadata(method data for {method} {0x000001a20f3c84e0} 'checkReceiver' '(Ljava/lang/Object;)V' in 'jdk/internal/reflect/DirectMethodHandleAccessor')}
  0x000001a2004740d8: 488b d048 | beb0 aa7f | 78a2 0100 | 0048 8386 | a001 0000 

  0x000001a2004740ec: ;   {oop("object is not an instance of declaring class"{0x00000000efc813a0})}
  0x000001a2004740ec: 0149 b8a0 | 13c8 ef00 | 0000 0048 | 8bd0 4889 | 8424 5001 | 0000 0f1f 

  0x000001a200474104: ;   {optimized virtual_call}
  0x000001a200474104: 4400 00e8 

  0x000001a200474108: ; ImmutableOopMap {[176]=Oop [184]=Oop [192]=Oop [336]=Oop }
                      ;*invokespecial <init> {reexecute=0 rethrow=0 return_oop=0}
                      ; - jdk.internal.reflect.DirectMethodHandleAccessor::checkReceiver@20
                      ; - jdk.internal.reflect.DirectMethodHandleAccessor::invoke@9
  0x000001a200474108: 74a9 1007 

  0x000001a20047410c: ;   {other}
  0x000001a20047410c: 0f1f 8400 | fc2b 001c | 488b 8424 | 5001 0000 | e977 0600 | 0049 8b87 | 0005 0000 | 4d33 d24d 
  0x000001a20047412c: 8997 0005 | 0000 4d33 | d24d 8997 | 0805 0000 | 4c8b c090 

  0x000001a200474140: ;   {no_reloc}
  0x000001a200474140: e91a 0600 | 0000 0000 | 0000 80ba | 3101 0000 | 040f 8517 | 0600 0049 | 8b87 b801 | 0000 488d 
  0x000001a200474160: 7828 493b | bfc8 0100 | 000f 87ff | 0500 0049 | 89bf b801 | 0000 48c7 | 0001 0000 | 0048 8bca 
  0x000001a200474180: 49ba 0000 | 000f a201 | 0000 492b | ca89 4808 | 4833 c989 | 480c 4833 | c948 8948 | 1048 8948 
  0x000001a2004741a0: 1848 8948 | 2048 8bd0 

  0x000001a2004741a8: ;   {metadata(method data for {method} {0x000001a20f19cd78} 'invoke' '(Ljava/lang/Object;[Ljava/lang/Object;)Ljava/lang/Object;' in 'jdk/internal/reflect/DirectMethodHandleAccessor')}
  0x000001a2004741a8: 48be 08a6 | 7f78 a201 | 0000 4883 | 86d8 0200 | 0001 488b | d048 8984 | 2458 0100 

  0x000001a2004741c4: ;   {optimized virtual_call}
  0x000001a2004741c4: 0066 90e8 

  0x000001a2004741c8: ; ImmutableOopMap {[344]=Oop }
                      ;*invokespecial <init> {reexecute=0 rethrow=0 return_oop=0}
                      ; - jdk.internal.reflect.DirectMethodHandleAccessor::invoke@88
  0x000001a2004741c8: b4a8 1007 

  0x000001a2004741cc: ;   {other}
  0x000001a2004741cc: 0f1f 8400 | bc2c 001d | 488b 8424 | 5801 0000 | e9b7 0500 

  0x000001a2004741e0: ;   {metadata({method} {0x000001a20f19cd78} 'invoke' '(Ljava/lang/Object;[Ljava/lang/Object;)Ljava/lang/Object;' in 'jdk/internal/reflect/DirectMethodHandleAccessor')}
  0x000001a2004741e0: 0049 ba70 | cd19 0fa2 | 0100 004c | 8954 2408 | 48c7 0424 | ffff ffff 

  0x000001a2004741f8: ;   {runtime_call counter_overflow Runtime1 stub}
  0x000001a2004741f8: e803 dd1c 

  0x000001a2004741fc: ; ImmutableOopMap {rdx=Oop r8=Oop r9=Oop [176]=Oop [184]=Oop [192]=Oop }
                      ;*synchronization entry
                      ; - jdk.internal.reflect.DirectMethodHandleAccessor::invoke@-1
  0x000001a2004741fc: 07e9 bcd8 

  0x000001a200474200: ;   {metadata({method} {0x000001a20f3c8590} 'isStatic' '()Z' in 'jdk/internal/reflect/DirectMethodHandleAccessor')}
  0x000001a200474200: ffff 49ba | 8885 3c0f | a201 0000 | 4c89 5424 | 0848 c704 | 24ff ffff 

  0x000001a200474218: ;   {runtime_call counter_overflow Runtime1 stub}
  0x000001a200474218: ffe8 e2dc 

  0x000001a20047421c: ; ImmutableOopMap {rdx=Oop r8=Oop r9=Oop [176]=Oop [184]=Oop [192]=Oop }
                      ;*synchronization entry
                      ; - jdk.internal.reflect.DirectMethodHandleAccessor::isStatic@-1
                      ; - jdk.internal.reflect.DirectMethodHandleAccessor::invoke@1
  0x000001a20047421c: 1c07 e9d7 

  0x000001a200474220: ;   {metadata({method} {0x000001a20f3c84e0} 'checkReceiver' '(Ljava/lang/Object;)V' in 'jdk/internal/reflect/DirectMethodHandleAccessor')}
  0x000001a200474220: d8ff ff49 | bad8 843c | 0fa2 0100 | 004c 8954 | 2408 48c7 | 0424 ffff 

  0x000001a200474238: ;   {runtime_call counter_overflow Runtime1 stub}
  0x000001a200474238: ffff e8c1 

  0x000001a20047423c: ; ImmutableOopMap {rdx=Oop r8=Oop [176]=Oop [184]=Oop [192]=Oop }
                      ;*synchronization entry
                      ; - jdk.internal.reflect.DirectMethodHandleAccessor::checkReceiver@-1
                      ; - jdk.internal.reflect.DirectMethodHandleAccessor::invoke@9
  0x000001a20047423c: dc1c 07e9 | 7dd9 ffff 

  0x000001a200474244: ;   {runtime_call throw_null_pointer_exception Runtime1 stub}
  0x000001a200474244: e8b7 8b1c 

  0x000001a200474248: ; ImmutableOopMap {rdx=Oop r8=Oop rsi=Oop [176]=Oop [184]=Oop [192]=Oop }
                      ;*invokevirtual getClass {reexecute=0 rethrow=0 return_oop=0}
                      ; - jdk.internal.reflect.DirectMethodHandleAccessor::checkReceiver@5
                      ; - jdk.internal.reflect.DirectMethodHandleAccessor::invoke@9
                      ;   {runtime_call throw_null_pointer_exception Runtime1 stub}
  0x000001a200474248: 07e8 b28b 

  0x000001a20047424c: ; ImmutableOopMap {rdx=Oop r8=Oop rsi=Oop rdi=Oop [176]=Oop [184]=Oop [192]=Oop }
                      ;*invokevirtual isAssignableFrom {reexecute=0 rethrow=0 return_oop=0}
                      ; - jdk.internal.reflect.DirectMethodHandleAccessor::checkReceiver@8
                      ; - jdk.internal.reflect.DirectMethodHandleAccessor::invoke@9
                      ;   {metadata({method} {0x000001a20f3c8328} 'invokeImpl' '(Ljava/lang/Object;[Ljava/lang/Object;)Ljava/lang/Object;' in 'jdk/internal/reflect/DirectMethodHandleAccessor')}
  0x000001a20047424c: 1c07 49ba | 2083 3c0f | a201 0000 | 4c89 5424 | 0848 c704 | 24ff ffff 

  0x000001a200474264: ;   {runtime_call counter_overflow Runtime1 stub}
  0x000001a200474264: ffe8 96dc 

  0x000001a200474268: ; ImmutableOopMap {rdx=Oop [176]=Oop [184]=Oop [192]=Oop }
                      ;*synchronization entry
                      ; - jdk.internal.reflect.DirectMethodHandleAccessor::invokeImpl@-1
                      ; - jdk.internal.reflect.DirectMethodHandleAccessor::invoke@23
  0x000001a200474268: 1c07 e961 

  0x000001a20047426c: ;   {metadata({method} {0x000001a20f0ae518} 'invokeExact_MT' '(Ljava/lang/Object;Ljava/lang/Object;Ljava/lang/Object;Ljava/lang/Object;)Ljava/lang/Object;' in 'java/lang/invoke/Invokers$Holder')}
  0x000001a20047426c: daff ff49 | ba10 e50a | 0fa2 0100 | 004c 8954 | 2408 48c7 | 0424 ffff 

  0x000001a200474284: ;   {runtime_call counter_overflow Runtime1 stub}
  0x000001a200474284: ffff e875 

  0x000001a200474288: ; ImmutableOopMap {rdx=Oop r8=Oop rsi=Oop [176]=Oop [184]=Oop [192]=Oop [200]=Oop }
                      ;*synchronization entry
                      ; - java.lang.invoke.Invokers$Holder::invokeExact_MT@-1
                      ; - jdk.internal.reflect.DirectMethodHandleAccessor::invokeImpl@104
                      ; - jdk.internal.reflect.DirectMethodHandleAccessor::invoke@23
  0x000001a200474288: dc1c 07e9 | 4cdc ffff 

  0x000001a200474290: ;   {metadata({method} {0x000001a20f3dc218} 'checkExactType' '(Ljava/lang/invoke/MethodHandle;Ljava/lang/invoke/MethodType;)V' in 'java/lang/invoke/Invokers')}
  0x000001a200474290: 49ba 10c2 | 3d0f a201 | 0000 4c89 | 5424 0848 | c704 24ff 

  0x000001a2004742a4: ;   {runtime_call counter_overflow Runtime1 stub}
  0x000001a2004742a4: ffff ffe8 

  0x000001a2004742a8: ; ImmutableOopMap {rdx=Oop r8=Oop rsi=Oop rbx=Oop [176]=Oop [184]=Oop [192]=Oop [200]=Oop }
                      ;*synchronization entry
                      ; - java.lang.invoke.Invokers::checkExactType@-1
                      ; - java.lang.invoke.Invokers$Holder::invokeExact_MT@10
                      ; - jdk.internal.reflect.DirectMethodHandleAccessor::invokeImpl@104
                      ; - jdk.internal.reflect.DirectMethodHandleAccessor::invoke@23
  0x000001a2004742a8: 54dc 1c07 | e9ec dcff 

  0x000001a2004742b0: ;   {runtime_call throw_null_pointer_exception Runtime1 stub}
  0x000001a2004742b0: ffe8 4a8b 

  0x000001a2004742b4: ; ImmutableOopMap {rdx=Oop r8=Oop rsi=Oop rbx=Oop [176]=Oop [184]=Oop [192]=Oop [200]=Oop }
                      ;*invokevirtual type {reexecute=0 rethrow=0 return_oop=0}
                      ; - java.lang.invoke.Invokers::checkExactType@1
                      ; - java.lang.invoke.Invokers$Holder::invokeExact_MT@10
                      ; - jdk.internal.reflect.DirectMethodHandleAccessor::invokeImpl@104
                      ; - jdk.internal.reflect.DirectMethodHandleAccessor::invoke@23
                      ;   {metadata({method} {0x000001a20f3dc110} 'checkCustomized' '(Ljava/lang/invoke/MethodHandle;)V' in 'java/lang/invoke/Invokers')}
  0x000001a2004742b4: 1c07 49ba | 08c1 3d0f | a201 0000 | 4c89 5424 | 0848 c704 | 24ff ffff 

  0x000001a2004742cc: ;   {runtime_call counter_overflow Runtime1 stub}
  0x000001a2004742cc: ffe8 2edc 

  0x000001a2004742d0: ; ImmutableOopMap {rdx=Oop r8=Oop rsi=Oop [176]=Oop [184]=Oop [192]=Oop [200]=Oop }
                      ;*synchronization entry
                      ; - java.lang.invoke.Invokers::checkCustomized@-1
                      ; - java.lang.invoke.Invokers$Holder::invokeExact_MT@14
                      ; - jdk.internal.reflect.DirectMethodHandleAccessor::invokeImpl@104
                      ; - jdk.internal.reflect.DirectMethodHandleAccessor::invoke@23
  0x000001a2004742d0: 1c07 e922 

  0x000001a2004742d4: ;   {metadata({method} {0x000001a20f0944d8} 'isCompileConstant' '(Ljava/lang/Object;)Z' in 'java/lang/invoke/MethodHandleImpl')}
  0x000001a2004742d4: deff ff49 | bad0 4409 | 0fa2 0100 | 004c 8954 | 2408 48c7 | 0424 ffff 

  0x000001a2004742ec: ;   {runtime_call counter_overflow Runtime1 stub}
  0x000001a2004742ec: ffff e80d 

  0x000001a2004742f0: ; ImmutableOopMap {rdx=Oop r8=Oop rsi=Oop [176]=Oop [184]=Oop [192]=Oop [200]=Oop }
                      ;*synchronization entry
                      ; - java.lang.invoke.MethodHandleImpl::isCompileConstant@-1
                      ; - java.lang.invoke.Invokers::checkCustomized@1
                      ; - java.lang.invoke.Invokers$Holder::invokeExact_MT@14
                      ; - jdk.internal.reflect.DirectMethodHandleAccessor::invokeImpl@104
                      ; - jdk.internal.reflect.DirectMethodHandleAccessor::invoke@23
  0x000001a2004742f0: dc1c 07e9 | 3ade ffff 

  0x000001a2004742f8: ;   {runtime_call throw_null_pointer_exception Runtime1 stub}
  0x000001a2004742f8: e803 8b1c 

  0x000001a2004742fc: ; ImmutableOopMap {rdx=Oop r8=Oop rsi=Oop [176]=Oop [184]=Oop [192]=Oop [200]=Oop }
                      ;*getfield customized {reexecute=1 rethrow=0 return_oop=0}
                      ; - (reexecute) java.lang.invoke.Invokers::checkCustomized@12
                      ; - java.lang.invoke.Invokers$Holder::invokeExact_MT@14
                      ; - jdk.internal.reflect.DirectMethodHandleAccessor::invokeImpl@104
                      ; - jdk.internal.reflect.DirectMethodHandleAccessor::invoke@23
                      ;   {internal_word}
  0x000001a2004742fc: 0749 ba84 | 2347 00a2 | 0100 004d | 8997 6804 

  0x000001a20047430c: ;   {runtime_call SafepointBlob}
  0x000001a20047430c: 0000 e96d 

  0x000001a200474310: ;   {runtime_call throw_null_pointer_exception Runtime1 stub}
  0x000001a200474310: 1111 07e8 

  0x000001a200474314: ; ImmutableOopMap {rdx=Oop r9=Oop r8=Oop rsi=Oop [176]=Oop [184]=Oop [192]=Oop [216]=Oop }
                      ;*aaload {reexecute=0 rethrow=0 return_oop=0}
                      ; - jdk.internal.reflect.DirectMethodHandleAccessor::invokeImpl@85
                      ; - jdk.internal.reflect.DirectMethodHandleAccessor::invoke@23
  0x000001a200474314: e88a 1c07 

  0x000001a200474318: ;   {runtime_call throw_null_pointer_exception Runtime1 stub}
  0x000001a200474318: e8e3 8a1c 

  0x000001a20047431c: ; ImmutableOopMap {rdx=Oop r9=Oop r8=Oop rsi=Oop [176]=Oop [184]=Oop [192]=Oop [216]=Oop }
                      ;*aaload {reexecute=0 rethrow=0 return_oop=0}
                      ; - jdk.internal.reflect.DirectMethodHandleAccessor::invokeImpl@85
                      ; - jdk.internal.reflect.DirectMethodHandleAccessor::invoke@23
  0x000001a20047431c: 0748 c704 | 2400 0000 | 004c 894c 

  0x000001a200474328: ;   {runtime_call throw_range_check_failed Runtime1 stub}
  0x000001a200474328: 2408 e8d1 

  0x000001a20047432c: ; ImmutableOopMap {rdx=Oop r9=Oop r8=Oop rsi=Oop [176]=Oop [184]=Oop [192]=Oop [216]=Oop }
                      ;*aaload {reexecute=0 rethrow=0 return_oop=0}
                      ; - jdk.internal.reflect.DirectMethodHandleAccessor::invokeImpl@85
                      ; - jdk.internal.reflect.DirectMethodHandleAccessor::invoke@23
  0x000001a20047432c: 811c 0748 | c704 2401 | 0000 004c | 894c 2408 

  0x000001a20047433c: ;   {runtime_call throw_range_check_failed Runtime1 stub}
  0x000001a20047433c: e8bf 811c 

  0x000001a200474340: ; ImmutableOopMap {rdx=Oop r9=Oop r8=Oop rsi=Oop rdi=Oop [176]=Oop [184]=Oop [192]=Oop [208]=Oop [216]=Oop }
                      ;*aaload {reexecute=0 rethrow=0 return_oop=0}
                      ; - jdk.internal.reflect.DirectMethodHandleAccessor::invokeImpl@88
                      ; - jdk.internal.reflect.DirectMethodHandleAccessor::invoke@23
  0x000001a200474340: 0748 c704 | 2402 0000 | 004c 894c 

  0x000001a20047434c: ;   {runtime_call throw_range_check_failed Runtime1 stub}
  0x000001a20047434c: 2408 e8ad 

  0x000001a200474350: ; ImmutableOopMap {rdx=Oop r9=Oop r8=Oop rsi=Oop rdi=Oop rbx=Oop [176]=Oop [184]=Oop [192]=Oop [208]=Oop [216]=Oop [224]=Oop }
                      ;*aaload {reexecute=0 rethrow=0 return_oop=0}
                      ; - jdk.internal.reflect.DirectMethodHandleAccessor::invokeImpl@91
                      ; - jdk.internal.reflect.DirectMethodHandleAccessor::invoke@23
                      ;   {metadata({method} {0x000001a2787122b8} 'invokeExact_MT' '(Ljava/lang/Object;Ljava/lang/Object;Ljava/lang/Object;Ljava/lang/Object;Ljava/lang/Object;Ljava/lang/Object;)Ljava/lang/Object;' in 'java/lang/invoke/LambdaForm$MH+0x000001a2100f4c00')}
  0x000001a200474350: 811c 0749 | bab0 2271 | 78a2 0100 | 004c 8954 | 2408 48c7 | 0424 ffff 

  0x000001a200474368: ;   {runtime_call counter_overflow Runtime1 stub}
  0x000001a200474368: ffff e891 

  0x000001a20047436c: ; ImmutableOopMap {rdx=Oop r8=Oop rsi=Oop rdi=Oop rbx=Oop rax=Oop [176]=Oop [192]=Oop [208]=Oop [216]=Oop [224]=Oop [232]=Oop }
                      ;*synchronization entry
                      ; - java.lang.invoke.LambdaForm$MH/0x000001a2100f4c00::invokeExact_MT@-1
                      ; - jdk.internal.reflect.DirectMethodHandleAccessor::invokeImpl@92
                      ; - jdk.internal.reflect.DirectMethodHandleAccessor::invoke@23
  0x000001a20047436c: db1c 07e9 | f4e1 ffff 

  0x000001a200474374: ;   {metadata({method} {0x000001a20f3dc218} 'checkExactType' '(Ljava/lang/invoke/MethodHandle;Ljava/lang/invoke/MethodType;)V' in 'java/lang/invoke/Invokers')}
  0x000001a200474374: 49ba 10c2 | 3d0f a201 | 0000 4c89 | 5424 0848 | c704 24ff 

  0x000001a200474388: ;   {runtime_call counter_overflow Runtime1 stub}
  0x000001a200474388: ffff ffe8 

  0x000001a20047438c: ; ImmutableOopMap {rdx=Oop r8=Oop rsi=Oop rdi=Oop rbx=Oop rax=Oop r9=Oop [176]=Oop [192]=Oop [208]=Oop [216]=Oop [224]=Oop [232]=Oop }
                      ;*synchronization entry
                      ; - java.lang.invoke.Invokers::checkExactType@-1
                      ; - java.lang.invoke.LambdaForm$MH/0x000001a2100f4c00::invokeExact_MT@11
                      ; - jdk.internal.reflect.DirectMethodHandleAccessor::invokeImpl@92
                      ; - jdk.internal.reflect.DirectMethodHandleAccessor::invoke@23
  0x000001a20047438c: 70db 1c07 | e99c e2ff 

  0x000001a200474394: ;   {runtime_call throw_null_pointer_exception Runtime1 stub}
  0x000001a200474394: ffe8 668a 

  0x000001a200474398: ; ImmutableOopMap {rdx=Oop r8=Oop rsi=Oop rdi=Oop rbx=Oop rax=Oop r9=Oop [176]=Oop [192]=Oop [208]=Oop [216]=Oop [224]=Oop [232]=Oop }
                      ;*invokevirtual type {reexecute=0 rethrow=0 return_oop=0}
                      ; - java.lang.invoke.Invokers::checkExactType@1
                      ; - java.lang.invoke.LambdaForm$MH/0x000001a2100f4c00::invokeExact_MT@11
                      ; - jdk.internal.reflect.DirectMethodHandleAccessor::invokeImpl@92
                      ; - jdk.internal.reflect.DirectMethodHandleAccessor::invoke@23
                      ;   {metadata({method} {0x000001a20f3dc110} 'checkCustomized' '(Ljava/lang/invoke/MethodHandle;)V' in 'java/lang/invoke/Invokers')}
  0x000001a200474398: 1c07 49ba | 08c1 3d0f | a201 0000 | 4c89 5424 | 0848 c704 | 24ff ffff 

  0x000001a2004743b0: ;   {runtime_call counter_overflow Runtime1 stub}
  0x000001a2004743b0: ffe8 4adb 

  0x000001a2004743b4: ; ImmutableOopMap {rdx=Oop r8=Oop rsi=Oop rdi=Oop rbx=Oop rax=Oop [176]=Oop [192]=Oop [208]=Oop [216]=Oop [224]=Oop [232]=Oop }
                      ;*synchronization entry
                      ; - java.lang.invoke.Invokers::checkCustomized@-1
                      ; - java.lang.invoke.LambdaForm$MH/0x000001a2100f4c00::invokeExact_MT@15
                      ; - jdk.internal.reflect.DirectMethodHandleAccessor::invokeImpl@92
                      ; - jdk.internal.reflect.DirectMethodHandleAccessor::invoke@23
  0x000001a2004743b4: 1c07 e9d9 

  0x000001a2004743b8: ;   {metadata({method} {0x000001a20f0944d8} 'isCompileConstant' '(Ljava/lang/Object;)Z' in 'java/lang/invoke/MethodHandleImpl')}
  0x000001a2004743b8: e3ff ff49 | bad0 4409 | 0fa2 0100 | 004c 8954 | 2408 48c7 | 0424 ffff 

  0x000001a2004743d0: ;   {runtime_call counter_overflow Runtime1 stub}
  0x000001a2004743d0: ffff e829 

  0x000001a2004743d4: ; ImmutableOopMap {rdx=Oop r8=Oop rsi=Oop rdi=Oop rbx=Oop rax=Oop [176]=Oop [192]=Oop [208]=Oop [216]=Oop [224]=Oop [232]=Oop }
                      ;*synchronization entry
                      ; - java.lang.invoke.MethodHandleImpl::isCompileConstant@-1
                      ; - java.lang.invoke.Invokers::checkCustomized@1
                      ; - java.lang.invoke.LambdaForm$MH/0x000001a2100f4c00::invokeExact_MT@15
                      ; - jdk.internal.reflect.DirectMethodHandleAccessor::invokeImpl@92
                      ; - jdk.internal.reflect.DirectMethodHandleAccessor::invoke@23
  0x000001a2004743d4: db1c 07e9 | f6e3 ffff 

  0x000001a2004743dc: ;   {runtime_call throw_null_pointer_exception Runtime1 stub}
  0x000001a2004743dc: e81f 8a1c 

  0x000001a2004743e0: ; ImmutableOopMap {rdx=Oop r8=Oop rsi=Oop rdi=Oop rbx=Oop rax=Oop [176]=Oop [192]=Oop [208]=Oop [216]=Oop [224]=Oop [232]=Oop }
                      ;*getfield customized {reexecute=1 rethrow=0 return_oop=0}
                      ; - (reexecute) java.lang.invoke.Invokers::checkCustomized@12
                      ; - java.lang.invoke.LambdaForm$MH/0x000001a2100f4c00::invokeExact_MT@15
                      ; - jdk.internal.reflect.DirectMethodHandleAccessor::invokeImpl@92
                      ; - jdk.internal.reflect.DirectMethodHandleAccessor::invoke@23
                      ;   {internal_word}
  0x000001a2004743e0: 0749 ba4c | 2a47 00a2 | 0100 004d | 8997 6804 

  0x000001a2004743f0: ;   {runtime_call SafepointBlob}
  0x000001a2004743f0: 0000 e989 

  0x000001a2004743f4: ;   {runtime_call throw_null_pointer_exception Runtime1 stub}
  0x000001a2004743f4: 1011 07e8 

  0x000001a2004743f8: ; ImmutableOopMap {rdx=Oop r9=Oop r8=Oop rsi=Oop [176]=Oop [184]=Oop [192]=Oop [248]=Oop }
                      ;*aaload {reexecute=0 rethrow=0 return_oop=0}
                      ; - jdk.internal.reflect.DirectMethodHandleAccessor::invokeImpl@68
                      ; - jdk.internal.reflect.DirectMethodHandleAccessor::invoke@23
  0x000001a2004743f8: 048a 1c07 

  0x000001a2004743fc: ;   {runtime_call throw_null_pointer_exception Runtime1 stub}
  0x000001a2004743fc: e8ff 891c 

  0x000001a200474400: ; ImmutableOopMap {rdx=Oop r9=Oop r8=Oop rsi=Oop [176]=Oop [184]=Oop [192]=Oop [248]=Oop }
                      ;*aaload {reexecute=0 rethrow=0 return_oop=0}
                      ; - jdk.internal.reflect.DirectMethodHandleAccessor::invokeImpl@68
                      ; - jdk.internal.reflect.DirectMethodHandleAccessor::invoke@23
  0x000001a200474400: 0748 c704 | 2400 0000 | 004c 894c 

  0x000001a20047440c: ;   {runtime_call throw_range_check_failed Runtime1 stub}
  0x000001a20047440c: 2408 e8ed 

  0x000001a200474410: ; ImmutableOopMap {rdx=Oop r9=Oop r8=Oop rsi=Oop [176]=Oop [184]=Oop [192]=Oop [248]=Oop }
                      ;*aaload {reexecute=0 rethrow=0 return_oop=0}
                      ; - jdk.internal.reflect.DirectMethodHandleAccessor::invokeImpl@68
                      ; - jdk.internal.reflect.DirectMethodHandleAccessor::invoke@23
  0x000001a200474410: 801c 0748 | c704 2401 | 0000 004c | 894c 2408 

  0x000001a200474420: ;   {runtime_call throw_range_check_failed Runtime1 stub}
  0x000001a200474420: e8db 801c 

  0x000001a200474424: ; ImmutableOopMap {rdx=Oop r9=Oop r8=Oop rsi=Oop rdi=Oop [176]=Oop [184]=Oop [192]=Oop [240]=Oop [248]=Oop }
                      ;*aaload {reexecute=0 rethrow=0 return_oop=0}
                      ; - jdk.internal.reflect.DirectMethodHandleAccessor::invokeImpl@71
                      ; - jdk.internal.reflect.DirectMethodHandleAccessor::invoke@23
                      ;   {metadata({method} {0x000001a2784052b8} 'invokeExact_MT' '(Ljava/lang/Object;Ljava/lang/Object;Ljava/lang/Object;Ljava/lang/Object;Ljava/lang/Object;)Ljava/lang/Object;' in 'java/lang/invoke/LambdaForm$MH+0x000001a210002800')}
  0x000001a200474424: 0749 bab0 | 5240 78a2 | 0100 004c | 8954 2408 | 48c7 0424 | ffff ffff 

  0x000001a20047443c: ;   {runtime_call counter_overflow Runtime1 stub}
  0x000001a20047443c: e8bf da1c 

  0x000001a200474440: ; ImmutableOopMap {rdx=Oop r8=Oop rsi=Oop rdi=Oop rbx=Oop [176]=Oop [192]=Oop [240]=Oop [248]=Oop [256]=Oop }
                      ;*synchronization entry
                      ; - java.lang.invoke.LambdaForm$MH/0x000001a210002800::invokeExact_MT@-1
                      ; - jdk.internal.reflect.DirectMethodHandleAccessor::invokeImpl@72
                      ; - jdk.internal.reflect.DirectMethodHandleAccessor::invoke@23
  0x000001a200474440: 07e9 cae7 

  0x000001a200474444: ;   {metadata({method} {0x000001a20f3dc218} 'checkExactType' '(Ljava/lang/invoke/MethodHandle;Ljava/lang/invoke/MethodType;)V' in 'java/lang/invoke/Invokers')}
  0x000001a200474444: ffff 49ba | 10c2 3d0f | a201 0000 | 4c89 5424 | 0848 c704 | 24ff ffff 

  0x000001a20047445c: ;   {runtime_call counter_overflow Runtime1 stub}
  0x000001a20047445c: ffe8 9eda 

  0x000001a200474460: ; ImmutableOopMap {rdx=Oop r8=Oop rsi=Oop rdi=Oop rbx=Oop rcx=Oop [176]=Oop [192]=Oop [240]=Oop [248]=Oop [256]=Oop }
                      ;*synchronization entry
                      ; - java.lang.invoke.Invokers::checkExactType@-1
                      ; - java.lang.invoke.LambdaForm$MH/0x000001a210002800::invokeExact_MT@11
                      ; - jdk.internal.reflect.DirectMethodHandleAccessor::invokeImpl@72
                      ; - jdk.internal.reflect.DirectMethodHandleAccessor::invoke@23
  0x000001a200474460: 1c07 e970 

  0x000001a200474464: ;   {runtime_call throw_null_pointer_exception Runtime1 stub}
  0x000001a200474464: e8ff ffe8 

  0x000001a200474468: ; ImmutableOopMap {rdx=Oop r8=Oop rsi=Oop rdi=Oop rbx=Oop rcx=Oop [176]=Oop [192]=Oop [240]=Oop [248]=Oop [256]=Oop }
                      ;*invokevirtual type {reexecute=0 rethrow=0 return_oop=0}
                      ; - java.lang.invoke.Invokers::checkExactType@1
                      ; - java.lang.invoke.LambdaForm$MH/0x000001a210002800::invokeExact_MT@11
                      ; - jdk.internal.reflect.DirectMethodHandleAccessor::invokeImpl@72
                      ; - jdk.internal.reflect.DirectMethodHandleAccessor::invoke@23
  0x000001a200474468: 9489 1c07 

  0x000001a20047446c: ;   {metadata({method} {0x000001a20f3dc110} 'checkCustomized' '(Ljava/lang/invoke/MethodHandle;)V' in 'java/lang/invoke/Invokers')}
  0x000001a20047446c: 49ba 08c1 | 3d0f a201 | 0000 4c89 | 5424 0848 | c704 24ff 

  0x000001a200474480: ;   {runtime_call counter_overflow Runtime1 stub}
  0x000001a200474480: ffff ffe8 

  0x000001a200474484: ; ImmutableOopMap {rdx=Oop r8=Oop rsi=Oop rdi=Oop rbx=Oop [176]=Oop [192]=Oop [240]=Oop [248]=Oop [256]=Oop }
                      ;*synchronization entry
                      ; - java.lang.invoke.Invokers::checkCustomized@-1
                      ; - java.lang.invoke.LambdaForm$MH/0x000001a210002800::invokeExact_MT@15
                      ; - jdk.internal.reflect.DirectMethodHandleAccessor::invokeImpl@72
                      ; - jdk.internal.reflect.DirectMethodHandleAccessor::invoke@23
  0x000001a200474484: 78da 1c07 | e9a6 e9ff 

  0x000001a20047448c: ;   {metadata({method} {0x000001a20f0944d8} 'isCompileConstant' '(Ljava/lang/Object;)Z' in 'java/lang/invoke/MethodHandleImpl')}
  0x000001a20047448c: ff49 bad0 | 4409 0fa2 | 0100 004c | 8954 2408 | 48c7 0424 | ffff ffff 

  0x000001a2004744a4: ;   {runtime_call counter_overflow Runtime1 stub}
  0x000001a2004744a4: e857 da1c 

  0x000001a2004744a8: ; ImmutableOopMap {rdx=Oop r8=Oop rsi=Oop rdi=Oop rbx=Oop [176]=Oop [192]=Oop [240]=Oop [248]=Oop [256]=Oop }
                      ;*synchronization entry
                      ; - java.lang.invoke.MethodHandleImpl::isCompileConstant@-1
                      ; - java.lang.invoke.Invokers::checkCustomized@1
                      ; - java.lang.invoke.LambdaForm$MH/0x000001a210002800::invokeExact_MT@15
                      ; - jdk.internal.reflect.DirectMethodHandleAccessor::invokeImpl@72
                      ; - jdk.internal.reflect.DirectMethodHandleAccessor::invoke@23
  0x000001a2004744a8: 07e9 bee9 

  0x000001a2004744ac: ;   {runtime_call throw_null_pointer_exception Runtime1 stub}
  0x000001a2004744ac: ffff e84d 

  0x000001a2004744b0: ; ImmutableOopMap {rdx=Oop r8=Oop rsi=Oop rdi=Oop rbx=Oop [176]=Oop [192]=Oop [240]=Oop [248]=Oop [256]=Oop }
                      ;*getfield customized {reexecute=1 rethrow=0 return_oop=0}
                      ; - (reexecute) java.lang.invoke.Invokers::checkCustomized@12
                      ; - java.lang.invoke.LambdaForm$MH/0x000001a210002800::invokeExact_MT@15
                      ; - jdk.internal.reflect.DirectMethodHandleAccessor::invokeImpl@72
                      ; - jdk.internal.reflect.DirectMethodHandleAccessor::invoke@23
                      ;   {internal_word}
  0x000001a2004744b0: 891c 0749 | bad4 3047 | 00a2 0100 | 004d 8997 | 6804 0000 

  0x000001a2004744c4: ;   {runtime_call SafepointBlob}
  0x000001a2004744c4: e9b7 0f11 

  0x000001a2004744c8: ;   {runtime_call throw_null_pointer_exception Runtime1 stub}
  0x000001a2004744c8: 07e8 3289 

  0x000001a2004744cc: ; ImmutableOopMap {rdx=Oop r9=Oop r8=Oop rsi=Oop [176]=Oop [184]=Oop [192]=Oop [272]=Oop }
                      ;*aaload {reexecute=0 rethrow=0 return_oop=0}
                      ; - jdk.internal.reflect.DirectMethodHandleAccessor::invokeImpl@54
                      ; - jdk.internal.reflect.DirectMethodHandleAccessor::invoke@23
                      ;   {runtime_call throw_null_pointer_exception Runtime1 stub}
  0x000001a2004744cc: 1c07 e82d 

  0x000001a2004744d0: ; ImmutableOopMap {rdx=Oop r9=Oop r8=Oop rsi=Oop [176]=Oop [184]=Oop [192]=Oop [272]=Oop }
                      ;*aaload {reexecute=0 rethrow=0 return_oop=0}
                      ; - jdk.internal.reflect.DirectMethodHandleAccessor::invokeImpl@54
                      ; - jdk.internal.reflect.DirectMethodHandleAccessor::invoke@23
  0x000001a2004744d0: 891c 0748 | c704 2400 | 0000 004c | 894c 2408 

  0x000001a2004744e0: ;   {runtime_call throw_range_check_failed Runtime1 stub}
  0x000001a2004744e0: e81b 801c 

  0x000001a2004744e4: ; ImmutableOopMap {rdx=Oop r9=Oop r8=Oop rsi=Oop [176]=Oop [184]=Oop [192]=Oop [272]=Oop }
                      ;*aaload {reexecute=0 rethrow=0 return_oop=0}
                      ; - jdk.internal.reflect.DirectMethodHandleAccessor::invokeImpl@54
                      ; - jdk.internal.reflect.DirectMethodHandleAccessor::invoke@23
                      ;   {metadata({method} {0x000001a20f0ae518} 'invokeExact_MT' '(Ljava/lang/Object;Ljava/lang/Object;Ljava/lang/Object;Ljava/lang/Object;)Ljava/lang/Object;' in 'java/lang/invoke/Invokers$Holder')}
  0x000001a2004744e4: 0749 ba10 | e50a 0fa2 | 0100 004c | 8954 2408 | 48c7 0424 | ffff ffff 

  0x000001a2004744fc: ;   {runtime_call counter_overflow Runtime1 stub}
  0x000001a2004744fc: e8ff d91c 

  0x000001a200474500: ; ImmutableOopMap {rdx=Oop r8=Oop rsi=Oop rdi=Oop [176]=Oop [192]=Oop [264]=Oop [272]=Oop }
                      ;*synchronization entry
                      ; - java.lang.invoke.Invokers$Holder::invokeExact_MT@-1
                      ; - jdk.internal.reflect.DirectMethodHandleAccessor::invokeImpl@55
                      ; - jdk.internal.reflect.DirectMethodHandleAccessor::invoke@23
  0x000001a200474500: 07e9 71ed 

  0x000001a200474504: ;   {metadata({method} {0x000001a20f3dc218} 'checkExactType' '(Ljava/lang/invoke/MethodHandle;Ljava/lang/invoke/MethodType;)V' in 'java/lang/invoke/Invokers')}
  0x000001a200474504: ffff 49ba | 10c2 3d0f | a201 0000 | 4c89 5424 | 0848 c704 | 24ff ffff 

  0x000001a20047451c: ;   {runtime_call counter_overflow Runtime1 stub}
  0x000001a20047451c: ffe8 ded9 

  0x000001a200474520: ; ImmutableOopMap {rdx=Oop r8=Oop rsi=Oop rdi=Oop rax=Oop [176]=Oop [192]=Oop [264]=Oop [272]=Oop }
                      ;*synchronization entry
                      ; - java.lang.invoke.Invokers::checkExactType@-1
                      ; - java.lang.invoke.Invokers$Holder::invokeExact_MT@10
                      ; - jdk.internal.reflect.DirectMethodHandleAccessor::invokeImpl@55
                      ; - jdk.internal.reflect.DirectMethodHandleAccessor::invoke@23
  0x000001a200474520: 1c07 e90f 

  0x000001a200474524: ;   {runtime_call throw_null_pointer_exception Runtime1 stub}
  0x000001a200474524: eeff ffe8 

  0x000001a200474528: ; ImmutableOopMap {rdx=Oop r8=Oop rsi=Oop rdi=Oop rax=Oop [176]=Oop [192]=Oop [264]=Oop [272]=Oop }
                      ;*invokevirtual type {reexecute=0 rethrow=0 return_oop=0}
                      ; - java.lang.invoke.Invokers::checkExactType@1
                      ; - java.lang.invoke.Invokers$Holder::invokeExact_MT@10
                      ; - jdk.internal.reflect.DirectMethodHandleAccessor::invokeImpl@55
                      ; - jdk.internal.reflect.DirectMethodHandleAccessor::invoke@23
  0x000001a200474528: d488 1c07 

  0x000001a20047452c: ;   {metadata({method} {0x000001a20f3dc110} 'checkCustomized' '(Ljava/lang/invoke/MethodHandle;)V' in 'java/lang/invoke/Invokers')}
  0x000001a20047452c: 49ba 08c1 | 3d0f a201 | 0000 4c89 | 5424 0848 | c704 24ff 

  0x000001a200474540: ;   {runtime_call counter_overflow Runtime1 stub}
  0x000001a200474540: ffff ffe8 

  0x000001a200474544: ; ImmutableOopMap {rdx=Oop r8=Oop rsi=Oop rdi=Oop [176]=Oop [192]=Oop [264]=Oop [272]=Oop }
                      ;*synchronization entry
                      ; - java.lang.invoke.Invokers::checkCustomized@-1
                      ; - java.lang.invoke.Invokers$Holder::invokeExact_MT@14
                      ; - jdk.internal.reflect.DirectMethodHandleAccessor::invokeImpl@55
                      ; - jdk.internal.reflect.DirectMethodHandleAccessor::invoke@23
  0x000001a200474544: b8d9 1c07 | e941 efff 

  0x000001a20047454c: ;   {metadata({method} {0x000001a20f0944d8} 'isCompileConstant' '(Ljava/lang/Object;)Z' in 'java/lang/invoke/MethodHandleImpl')}
  0x000001a20047454c: ff49 bad0 | 4409 0fa2 | 0100 004c | 8954 2408 | 48c7 0424 | ffff ffff 

  0x000001a200474564: ;   {runtime_call counter_overflow Runtime1 stub}
  0x000001a200474564: e897 d91c 

  0x000001a200474568: ; ImmutableOopMap {rdx=Oop r8=Oop rsi=Oop rdi=Oop [176]=Oop [192]=Oop [264]=Oop [272]=Oop }
                      ;*synchronization entry
                      ; - java.lang.invoke.MethodHandleImpl::isCompileConstant@-1
                      ; - java.lang.invoke.Invokers::checkCustomized@1
                      ; - java.lang.invoke.Invokers$Holder::invokeExact_MT@14
                      ; - jdk.internal.reflect.DirectMethodHandleAccessor::invokeImpl@55
                      ; - jdk.internal.reflect.DirectMethodHandleAccessor::invoke@23
  0x000001a200474568: 07e9 58ef 

  0x000001a20047456c: ;   {runtime_call throw_null_pointer_exception Runtime1 stub}
  0x000001a20047456c: ffff e88d 

  0x000001a200474570: ; ImmutableOopMap {rdx=Oop r8=Oop rsi=Oop rdi=Oop [176]=Oop [192]=Oop [264]=Oop [272]=Oop }
                      ;*getfield customized {reexecute=1 rethrow=0 return_oop=0}
                      ; - (reexecute) java.lang.invoke.Invokers::checkCustomized@12
                      ; - java.lang.invoke.Invokers$Holder::invokeExact_MT@14
                      ; - jdk.internal.reflect.DirectMethodHandleAccessor::invokeImpl@55
                      ; - jdk.internal.reflect.DirectMethodHandleAccessor::invoke@23
                      ;   {internal_word}
  0x000001a200474570: 881c 0749 | ba2c 3747 | 00a2 0100 | 004d 8997 | 6804 0000 

  0x000001a200474584: ;   {runtime_call SafepointBlob}
  0x000001a200474584: e9f7 0e11 

  0x000001a200474588: ;   {metadata({method} {0x000001a20f0ae5c8} 'invokeExact_MT' '(Ljava/lang/Object;Ljava/lang/Object;Ljava/lang/Object;)Ljava/lang/Object;' in 'java/lang/invoke/Invokers$Holder')}
  0x000001a200474588: 0749 bac0 | e50a 0fa2 | 0100 004c | 8954 2408 | 48c7 0424 | ffff ffff 

  0x000001a2004745a0: ;   {runtime_call counter_overflow Runtime1 stub}
  0x000001a2004745a0: e85b d91c 

  0x000001a2004745a4: ; ImmutableOopMap {rdx=Oop r8=Oop rsi=Oop [176]=Oop [192]=Oop [280]=Oop }
                      ;*synchronization entry
                      ; - java.lang.invoke.Invokers$Holder::invokeExact_MT@-1
                      ; - jdk.internal.reflect.DirectMethodHandleAccessor::invokeImpl@41
                      ; - jdk.internal.reflect.DirectMethodHandleAccessor::invoke@23
  0x000001a2004745a4: 07e9 6bf2 

  0x000001a2004745a8: ;   {metadata({method} {0x000001a20f3dc218} 'checkExactType' '(Ljava/lang/invoke/MethodHandle;Ljava/lang/invoke/MethodType;)V' in 'java/lang/invoke/Invokers')}
  0x000001a2004745a8: ffff 49ba | 10c2 3d0f | a201 0000 | 4c89 5424 | 0848 c704 | 24ff ffff 

  0x000001a2004745c0: ;   {runtime_call counter_overflow Runtime1 stub}
  0x000001a2004745c0: ffe8 3ad9 

  0x000001a2004745c4: ; ImmutableOopMap {rdx=Oop r8=Oop rsi=Oop rbx=Oop [176]=Oop [192]=Oop [280]=Oop }
                      ;*synchronization entry
                      ; - java.lang.invoke.Invokers::checkExactType@-1
                      ; - java.lang.invoke.Invokers$Holder::invokeExact_MT@10
                      ; - jdk.internal.reflect.DirectMethodHandleAccessor::invokeImpl@41
                      ; - jdk.internal.reflect.DirectMethodHandleAccessor::invoke@23
  0x000001a2004745c4: 1c07 e9bf 

  0x000001a2004745c8: ;   {runtime_call throw_null_pointer_exception Runtime1 stub}
  0x000001a2004745c8: f2ff ffe8 

  0x000001a2004745cc: ; ImmutableOopMap {rdx=Oop r8=Oop rsi=Oop rbx=Oop [176]=Oop [192]=Oop [280]=Oop }
                      ;*invokevirtual type {reexecute=0 rethrow=0 return_oop=0}
                      ; - java.lang.invoke.Invokers::checkExactType@1
                      ; - java.lang.invoke.Invokers$Holder::invokeExact_MT@10
                      ; - jdk.internal.reflect.DirectMethodHandleAccessor::invokeImpl@41
                      ; - jdk.internal.reflect.DirectMethodHandleAccessor::invoke@23
  0x000001a2004745cc: 3088 1c07 

  0x000001a2004745d0: ;   {metadata({method} {0x000001a20f3dc110} 'checkCustomized' '(Ljava/lang/invoke/MethodHandle;)V' in 'java/lang/invoke/Invokers')}
  0x000001a2004745d0: 49ba 08c1 | 3d0f a201 | 0000 4c89 | 5424 0848 | c704 24ff 

  0x000001a2004745e4: ;   {runtime_call counter_overflow Runtime1 stub}
  0x000001a2004745e4: ffff ffe8 

  0x000001a2004745e8: ; ImmutableOopMap {rdx=Oop r8=Oop rsi=Oop [176]=Oop [192]=Oop [280]=Oop }
                      ;*synchronization entry
                      ; - java.lang.invoke.Invokers::checkCustomized@-1
                      ; - java.lang.invoke.Invokers$Holder::invokeExact_MT@14
                      ; - jdk.internal.reflect.DirectMethodHandleAccessor::invokeImpl@41
                      ; - jdk.internal.reflect.DirectMethodHandleAccessor::invoke@23
  0x000001a2004745e8: 14d9 1c07 | e99a f3ff 

  0x000001a2004745f0: ;   {metadata({method} {0x000001a20f0944d8} 'isCompileConstant' '(Ljava/lang/Object;)Z' in 'java/lang/invoke/MethodHandleImpl')}
  0x000001a2004745f0: ff49 bad0 | 4409 0fa2 | 0100 004c | 8954 2408 | 48c7 0424 | ffff ffff 

  0x000001a200474608: ;   {runtime_call counter_overflow Runtime1 stub}
  0x000001a200474608: e8f3 d81c 

  0x000001a20047460c: ; ImmutableOopMap {rdx=Oop r8=Oop rsi=Oop [176]=Oop [192]=Oop [280]=Oop }
                      ;*synchronization entry
                      ; - java.lang.invoke.MethodHandleImpl::isCompileConstant@-1
                      ; - java.lang.invoke.Invokers::checkCustomized@1
                      ; - java.lang.invoke.Invokers$Holder::invokeExact_MT@14
                      ; - jdk.internal.reflect.DirectMethodHandleAccessor::invokeImpl@41
                      ; - jdk.internal.reflect.DirectMethodHandleAccessor::invoke@23
  0x000001a20047460c: 07e9 b2f3 

  0x000001a200474610: ;   {runtime_call throw_null_pointer_exception Runtime1 stub}
  0x000001a200474610: ffff e8e9 

  0x000001a200474614: ; ImmutableOopMap {rdx=Oop r8=Oop rsi=Oop [176]=Oop [192]=Oop [280]=Oop }
                      ;*getfield customized {reexecute=1 rethrow=0 return_oop=0}
                      ; - (reexecute) java.lang.invoke.Invokers::checkCustomized@12
                      ; - java.lang.invoke.Invokers$Holder::invokeExact_MT@14
                      ; - jdk.internal.reflect.DirectMethodHandleAccessor::invokeImpl@41
                      ; - jdk.internal.reflect.DirectMethodHandleAccessor::invoke@23
                      ;   {internal_word}
  0x000001a200474614: 871c 0749 | ba05 3b47 | 00a2 0100 | 004d 8997 | 6804 0000 

  0x000001a200474628: ;   {runtime_call SafepointBlob}
  0x000001a200474628: e953 0e11 

  0x000001a20047462c: ;   {runtime_call throw_null_pointer_exception Runtime1 stub}
  0x000001a20047462c: 07e8 ce87 

  0x000001a200474630: ; ImmutableOopMap {rax=Oop [176]=Oop [192]=Oop [280]=Oop }
                      ;*athrow {reexecute=1 rethrow=0 return_oop=0}
                      ; - (reexecute) java.lang.invoke.Invokers::checkExactType@15
                      ; - java.lang.invoke.Invokers$Holder::invokeExact_MT@10
                      ; - jdk.internal.reflect.DirectMethodHandleAccessor::invokeImpl@41
                      ; - jdk.internal.reflect.DirectMethodHandleAccessor::invoke@23
                      ;   {runtime_call throw_null_pointer_exception Runtime1 stub}
  0x000001a200474630: 1c07 e8c9 

  0x000001a200474634: ; ImmutableOopMap {rax=Oop [176]=Oop [192]=Oop [264]=Oop [272]=Oop }
                      ;*athrow {reexecute=1 rethrow=0 return_oop=0}
                      ; - (reexecute) java.lang.invoke.Invokers::checkExactType@15
                      ; - java.lang.invoke.Invokers$Holder::invokeExact_MT@10
                      ; - jdk.internal.reflect.DirectMethodHandleAccessor::invokeImpl@55
                      ; - jdk.internal.reflect.DirectMethodHandleAccessor::invoke@23
                      ;   {runtime_call throw_null_pointer_exception Runtime1 stub}
  0x000001a200474634: 871c 07e8 

  0x000001a200474638: ; ImmutableOopMap {rax=Oop [176]=Oop [192]=Oop [240]=Oop [248]=Oop [256]=Oop }
                      ;*athrow {reexecute=1 rethrow=0 return_oop=0}
                      ; - (reexecute) java.lang.invoke.Invokers::checkExactType@15
                      ; - java.lang.invoke.LambdaForm$MH/0x000001a210002800::invokeExact_MT@11
                      ; - jdk.internal.reflect.DirectMethodHandleAccessor::invokeImpl@72
                      ; - jdk.internal.reflect.DirectMethodHandleAccessor::invoke@23
  0x000001a200474638: c487 1c07 

  0x000001a20047463c: ;   {runtime_call throw_null_pointer_exception Runtime1 stub}
  0x000001a20047463c: e8bf 871c 

  0x000001a200474640: ; ImmutableOopMap {rax=Oop [176]=Oop [192]=Oop [208]=Oop [216]=Oop [224]=Oop [232]=Oop }
                      ;*athrow {reexecute=1 rethrow=0 return_oop=0}
                      ; - (reexecute) java.lang.invoke.Invokers::checkExactType@15
                      ; - java.lang.invoke.LambdaForm$MH/0x000001a2100f4c00::invokeExact_MT@11
                      ; - jdk.internal.reflect.DirectMethodHandleAccessor::invokeImpl@92
                      ; - jdk.internal.reflect.DirectMethodHandleAccessor::invoke@23
                      ;   {runtime_call throw_null_pointer_exception Runtime1 stub}
  0x000001a200474640: 07e8 ba87 

  0x000001a200474644: ; ImmutableOopMap {rax=Oop [176]=Oop [184]=Oop [192]=Oop [200]=Oop }
                      ;*athrow {reexecute=1 rethrow=0 return_oop=0}
                      ; - (reexecute) java.lang.invoke.Invokers::checkExactType@15
                      ; - java.lang.invoke.Invokers$Holder::invokeExact_MT@10
                      ; - jdk.internal.reflect.DirectMethodHandleAccessor::invokeImpl@104
                      ; - jdk.internal.reflect.DirectMethodHandleAccessor::invoke@23
                      ;   {metadata({method} {0x000001a20f3c82d0} 'isIllegalArgument' '(Ljava/lang/RuntimeException;)Z' in 'jdk/internal/reflect/DirectMethodHandleAccessor')}
  0x000001a200474644: 1c07 49ba | c882 3c0f | a201 0000 | 4c89 5424 | 0848 c704 | 24ff ffff 

  0x000001a20047465c: ;   {runtime_call counter_overflow Runtime1 stub}
  0x000001a20047465c: ffe8 9ed8 

  0x000001a200474660: ; ImmutableOopMap {rax=Oop }
                      ;*synchronization entry
                      ; - jdk.internal.reflect.DirectMethodHandleAccessor::isIllegalArgument@-1
                      ; - jdk.internal.reflect.DirectMethodHandleAccessor::invoke@58
  0x000001a200474660: 1c07 e951 

  0x000001a200474664: ;   {metadata({method} {0x000001a20f3c82d0} 'isIllegalArgument' '(Ljava/lang/RuntimeException;)Z' in 'jdk/internal/reflect/DirectMethodHandleAccessor')}
  0x000001a200474664: f6ff ff49 | bac8 823c | 0fa2 0100 | 004c 8954 | 2408 48c7 | 0424 ffff 

  0x000001a20047467c: ;   {runtime_call counter_overflow Runtime1 stub}
  0x000001a20047467c: ffff e87d 

  0x000001a200474680: ; ImmutableOopMap {rax=Oop }
                      ;*synchronization entry
                      ; - jdk.internal.reflect.DirectMethodHandleAccessor::isIllegalArgument@-1
                      ; - jdk.internal.reflect.DirectMethodHandleAccessor::invoke@30
  0x000001a200474680: d81c 07e9 | ebf6 ffff 

  0x000001a200474688: ;   {metadata(nullptr)}
  0x000001a200474688: 48ba 0000 | 0000 0000 | 0000 b800 

  0x000001a200474694: ;   {runtime_call load_klass_patching Runtime1 stub}
  0x000001a200474694: 0f05 0ae8 

  0x000001a200474698: ; ImmutableOopMap {}
                      ;*new {reexecute=1 rethrow=0 return_oop=0}
                      ; - (reexecute) jdk.internal.reflect.DirectMethodHandleAccessor::invoke@36
  0x000001a200474698: e4c7 1c07 | e92f f7ff | ff48 8bd2 

  0x000001a2004746a4: ;   {runtime_call fast_new_instance Runtime1 stub}
  0x000001a2004746a4: e857 901c 

  0x000001a2004746a8: ; ImmutableOopMap {}
                      ;*new {reexecute=0 rethrow=0 return_oop=0}
                      ; - jdk.internal.reflect.DirectMethodHandleAccessor::invoke@36
  0x000001a2004746a8: 07e9 7af7 

  0x000001a2004746ac: ;   {metadata(nullptr)}
  0x000001a2004746ac: ffff 48ba | 0000 0000 | 0000 0000 | b800 0f05 

  0x000001a2004746bc: ;   {runtime_call load_klass_patching Runtime1 stub}
  0x000001a2004746bc: 0ae8 bec7 

  0x000001a2004746c0: ; ImmutableOopMap {r8=Oop }
                      ;*new {reexecute=1 rethrow=0 return_oop=0}
                      ; - (reexecute) jdk.internal.reflect.DirectMethodHandleAccessor::invoke@46
  0x000001a2004746c0: 1c07 e9b9 

  0x000001a2004746c4: ;   {runtime_call throw_null_pointer_exception Runtime1 stub}
  0x000001a2004746c4: f7ff ffe8 

  0x000001a2004746c8: ; ImmutableOopMap {r8=Oop }
                      ;*new {reexecute=0 rethrow=0 return_oop=0}
                      ; - jdk.internal.reflect.DirectMethodHandleAccessor::invoke@46
  0x000001a2004746c8: 3487 1c07 

  0x000001a2004746cc: ;   {runtime_call fast_new_instance_init_check Runtime1 stub}
  0x000001a2004746cc: 488b d2e8 

  0x000001a2004746d0: ; ImmutableOopMap {r8=Oop }
                      ;*new {reexecute=0 rethrow=0 return_oop=0}
                      ; - jdk.internal.reflect.DirectMethodHandleAccessor::invoke@46
  0x000001a2004746d0: 2c93 1c07 | e90c f8ff 

  0x000001a2004746d8: ;   {metadata(nullptr)}
  0x000001a2004746d8: ff48 ba00 | 0000 0000 | 0000 00b8 | 000f 050a 

  0x000001a2004746e8: ;   {runtime_call load_klass_patching Runtime1 stub}
  0x000001a2004746e8: e893 c71c 

  0x000001a2004746ec: ; ImmutableOopMap {[288]=Oop }
                      ;*new {reexecute=1 rethrow=0 return_oop=0}
                      ; - (reexecute) jdk.internal.reflect.DirectMethodHandleAccessor::invoke@64
  0x000001a2004746ec: 07e9 36f8 | ffff 488b 

  0x000001a2004746f4: ;   {runtime_call fast_new_instance Runtime1 stub}
  0x000001a2004746f4: d2e8 0690 

  0x000001a2004746f8: ; ImmutableOopMap {[288]=Oop }
                      ;*new {reexecute=0 rethrow=0 return_oop=0}
                      ; - jdk.internal.reflect.DirectMethodHandleAccessor::invoke@64
  0x000001a2004746f8: 1c07 e981 

  0x000001a2004746fc: ;   {metadata(nullptr)}
  0x000001a2004746fc: f8ff ff48 | ba00 0000 | 0000 0000 | 00b8 000f 

  0x000001a20047470c: ;   {runtime_call load_klass_patching Runtime1 stub}
  0x000001a20047470c: 050a e86d 

  0x000001a200474710: ; ImmutableOopMap {r8=Oop }
                      ;*new {reexecute=1 rethrow=0 return_oop=0}
                      ; - (reexecute) jdk.internal.reflect.DirectMethodHandleAccessor::invoke@73
  0x000001a200474710: c71c 07e9 | c0f8 ffff 

  0x000001a200474718: ;   {runtime_call throw_null_pointer_exception Runtime1 stub}
  0x000001a200474718: e8e3 861c 

  0x000001a20047471c: ; ImmutableOopMap {r8=Oop }
                      ;*new {reexecute=0 rethrow=0 return_oop=0}
                      ; - jdk.internal.reflect.DirectMethodHandleAccessor::invoke@73
  0x000001a20047471c: 0748 8bd2 

  0x000001a200474720: ;   {runtime_call fast_new_instance_init_check Runtime1 stub}
  0x000001a200474720: e8db 921c 

  0x000001a200474724: ; ImmutableOopMap {r8=Oop }
                      ;*new {reexecute=0 rethrow=0 return_oop=0}
                      ; - jdk.internal.reflect.DirectMethodHandleAccessor::invoke@73
  0x000001a200474724: 07e9 13f9 

  0x000001a200474728: ;   {metadata(nullptr)}
  0x000001a200474728: ffff 48ba | 0000 0000 | 0000 0000 | b800 0f05 

  0x000001a200474738: ;   {runtime_call load_klass_patching Runtime1 stub}
  0x000001a200474738: 0ae8 42c7 

  0x000001a20047473c: ; ImmutableOopMap {[176]=Oop [184]=Oop [192]=Oop }
                      ;*new {reexecute=1 rethrow=0 return_oop=0}
                      ; - (reexecute) jdk.internal.reflect.DirectMethodHandleAccessor::checkReceiver@14
                      ; - jdk.internal.reflect.DirectMethodHandleAccessor::invoke@9
  0x000001a20047473c: 1c07 e93d | f9ff ff48 

  0x000001a200474744: ;   {runtime_call fast_new_instance Runtime1 stub}
  0x000001a200474744: 8bd2 e8b5 

  0x000001a200474748: ; ImmutableOopMap {[176]=Oop [184]=Oop [192]=Oop }
                      ;*new {reexecute=0 rethrow=0 return_oop=0}
                      ; - jdk.internal.reflect.DirectMethodHandleAccessor::checkReceiver@14
                      ; - jdk.internal.reflect.DirectMethodHandleAccessor::invoke@9
  0x000001a200474748: 8f1c 07e9 | 88f9 ffff 

  0x000001a200474750: ;   {metadata(nullptr)}
  0x000001a200474750: 48ba 0000 | 0000 0000 | 0000 b800 

  0x000001a20047475c: ;   {runtime_call load_klass_patching Runtime1 stub}
  0x000001a20047475c: 0f05 0ae8 

  0x000001a200474760: ; ImmutableOopMap {r8=Oop }
                      ;*new {reexecute=1 rethrow=0 return_oop=0}
                      ; - (reexecute) jdk.internal.reflect.DirectMethodHandleAccessor::invoke@83
  0x000001a200474760: 1cc7 1c07 | e9d7 f9ff 

  0x000001a200474768: ;   {runtime_call throw_null_pointer_exception Runtime1 stub}
  0x000001a200474768: ffe8 9286 

  0x000001a20047476c: ; ImmutableOopMap {r8=Oop }
                      ;*new {reexecute=0 rethrow=0 return_oop=0}
                      ; - jdk.internal.reflect.DirectMethodHandleAccessor::invoke@83
  0x000001a20047476c: 1c07 488b 

  0x000001a200474770: ;   {runtime_call fast_new_instance_init_check Runtime1 stub}
  0x000001a200474770: d2e8 8a92 

  0x000001a200474774: ; ImmutableOopMap {r8=Oop }
                      ;*new {reexecute=0 rethrow=0 return_oop=0}
                      ; - jdk.internal.reflect.DirectMethodHandleAccessor::invoke@83
  0x000001a200474774: 1c07 e92a | faff ff49 | 8b87 0005 | 0000 49c7 | 8700 0500 | 0000 0000 | 0049 c787 | 0805 0000 
  0x000001a200474794: 0000 0000 | 4881 c470 | 0100 005d 

  0x000001a2004747a0: ;   {runtime_call unwind_exception Runtime1 stub}
  0x000001a2004747a0: e95b 771c | 07f4 f4f4 
[Stub Code]
  0x000001a2004747a8: ;   {no_reloc}
  0x000001a2004747a8: 0f1f 4400 

  0x000001a2004747ac: ;   {static_stub}
  0x000001a2004747ac: 0048 bb00 | 0000 0000 

  0x000001a2004747b4: ;   {runtime_call nmethod}
  0x000001a2004747b4: 0000 00e9 | fbff ffff 

  0x000001a2004747bc: ;   {static_stub}
  0x000001a2004747bc: 9048 bb00 | 0000 0000 

  0x000001a2004747c4: ;   {runtime_call nmethod}
  0x000001a2004747c4: 0000 00e9 | fbff ffff 

  0x000001a2004747cc: ;   {static_stub}
  0x000001a2004747cc: 9048 bb00 | 0000 0000 

  0x000001a2004747d4: ;   {runtime_call nmethod}
  0x000001a2004747d4: 0000 00e9 | fbff ffff 

  0x000001a2004747dc: ;   {static_stub}
  0x000001a2004747dc: 9048 bb00 | 0000 0000 

  0x000001a2004747e4: ;   {runtime_call nmethod}
  0x000001a2004747e4: 0000 00e9 | fbff ffff 

  0x000001a2004747ec: ;   {static_stub}
  0x000001a2004747ec: 9048 bb00 | 0000 0000 

  0x000001a2004747f4: ;   {runtime_call nmethod}
  0x000001a2004747f4: 0000 00e9 | fbff ffff 

  0x000001a2004747fc: ;   {static_stub}
  0x000001a2004747fc: 48bb 0000 | 0000 0000 

  0x000001a200474804: ;   {runtime_call nmethod}
  0x000001a200474804: 0000 e9fb 

  0x000001a200474808: ;   {static_stub}
  0x000001a200474808: ffff ff48 | bb00 0000 | 0000 0000 

  0x000001a200474814: ;   {runtime_call nmethod}
  0x000001a200474814: 00e9 fbff 

  0x000001a200474818: ;   {static_stub}
  0x000001a200474818: ffff 48bb | 0000 0000 | 0000 0000 

  0x000001a200474824: ;   {runtime_call nmethod}
  0x000001a200474824: e9fb ffff 

  0x000001a200474828: ;   {static_stub}
  0x000001a200474828: ff48 bb00 | 0000 0000 

  0x000001a200474830: ;   {runtime_call nmethod}
  0x000001a200474830: 0000 00e9 | fbff ffff 

  0x000001a200474838: ;   {static_stub}
  0x000001a200474838: 48bb 0000 | 0000 0000 

  0x000001a200474840: ;   {runtime_call nmethod}
  0x000001a200474840: 0000 e9fb 

  0x000001a200474844: ;   {static_stub}
  0x000001a200474844: ffff ff48 | bb00 0000 | 0000 0000 

  0x000001a200474850: ;   {runtime_call nmethod}
  0x000001a200474850: 00e9 fbff 

  0x000001a200474854: ;   {static_stub}
  0x000001a200474854: ffff 48bb | 0000 0000 | 0000 0000 

  0x000001a200474860: ;   {runtime_call nmethod}
  0x000001a200474860: e9fb ffff 

  0x000001a200474864: ;   {static_stub}
  0x000001a200474864: ff48 bb00 | 0000 0000 

  0x000001a20047486c: ;   {runtime_call nmethod}
  0x000001a20047486c: 0000 00e9 | fbff ffff 

  0x000001a200474874: ;   {static_stub}
  0x000001a200474874: 48bb 0000 | 0000 0000 

  0x000001a20047487c: ;   {runtime_call nmethod}
  0x000001a20047487c: 0000 e9fb 

  0x000001a200474880: ;   {static_stub}
  0x000001a200474880: ffff ff48 | bb18 823c | 0fa2 0100 

  0x000001a20047488c: ;   {runtime_call I2C/C2I adapters}
  0x000001a20047488c: 00e9 54de 

  0x000001a200474890: ;   {runtime_call handle_exception_from_callee Runtime1 stub}
  0x000001a200474890: 0e07 e869 

  0x000001a200474894: ;   {external_word}
  0x000001a200474894: a31c 0748 | b940 6365 | 5af9 7f00 | 0048 83e4 

  0x000001a2004748a4: ;   {runtime_call}
  0x000001a2004748a4: f048 b8d0 | c427 5af9 | 7f00 00ff 

  0x000001a2004748b0: ;   {section_word}
  0x000001a2004748b0: d0f4 49ba | b248 4700 | a201 0000 

  0x000001a2004748bc: ;   {runtime_call DeoptimizationBlob}
  0x000001a2004748bc: 4152 e95d 

  0x000001a2004748c0: ;   {section_word}
  0x000001a2004748c0: fe10 0749 | bac3 4847 | 00a2 0100 

  0x000001a2004748cc: ;   {runtime_call DeoptimizationBlob}
  0x000001a2004748cc: 0041 52e9 | 4cfe 1007 | f4f4 f4f4 
[/MachCode]


Compiled method (c1) 58945 2280       3       java.lang.reflect.Method::invoke (108 bytes)
 total in heap  [0x000001a200470a90,0x000001a200471500] = 2672
 relocation     [0x000001a200470bf0,0x000001a200470cb0] = 192
 main code      [0x000001a200470cc0,0x000001a2004712a0] = 1504
 stub code      [0x000001a2004712a0,0x000001a200471338] = 152
 metadata       [0x000001a200471338,0x000001a200471348] = 16
 scopes data    [0x000001a200471348,0x000001a200471408] = 192
 scopes pcs     [0x000001a200471408,0x000001a2004714d8] = 208
 dependencies   [0x000001a2004714d8,0x000001a2004714e0] = 8
 nul chk table  [0x000001a2004714e0,0x000001a200471500] = 32

[Constant Pool (empty)]

[MachCode]
[Entry Point]
  # {method} {0x000001a20f044978} 'invoke' '(Ljava/lang/Object;[Ljava/lang/Object;)Ljava/lang/Object;' in 'java/lang/reflect/Method'
  # this:     rdx:rdx   = 'java/lang/reflect/Method'
  # parm0:    r8:r8     = 'java/lang/Object'
  # parm1:    r9:r9     = '[Ljava/lang/Object;'
  #           [sp+0x90]  (sp of caller)
  0x000001a200470cc0: 448b 5208 | 49bb 0000 | 000f a201 | 0000 4d03 | d34c 3bd0 

  0x000001a200470cd4: ;   {runtime_call ic_miss_stub}
  0x000001a200470cd4: 0f85 a6da | 1007 660f | 1f44 0000 
[Verified Entry Point]
  0x000001a200470ce0: 8984 2400 | 80ff ff55 | 4881 ec80 | 0000 0090 | 4181 7f20 | 0100 0000 

  0x000001a200470cf8: ;   {runtime_call StubRoutines (final stubs)}
  0x000001a200470cf8: 7405 e8a1 | 570f 0748 | 8954 2448 | 4c89 4424 

  0x000001a200470d08: ;   {metadata(method data for {method} {0x000001a20f044978} 'invoke' '(Ljava/lang/Object;[Ljava/lang/Object;)Ljava/lang/Object;' in 'java/lang/reflect/Method')}
  0x000001a200470d08: 5048 be78 | 9f7f 78a2 | 0100 008b | becc 0000 | 0083 c702 | 89be cc00 | 0000 81e7 | fe07 0000 
  0x000001a200470d28: 85ff 0f84 | c204 0000 | 4c89 4c24 | 5848 8bf2 

  0x000001a200470d38: ;   {metadata(method data for {method} {0x000001a20f044978} 'invoke' '(Ljava/lang/Object;[Ljava/lang/Object;)Ljava/lang/Object;' in 'java/lang/reflect/Method')}
  0x000001a200470d38: 48bf 789f | 7f78 a201 | 0000 4883 | 8710 0100 | 0001 488b | f248 8bd6 | 0f1f 8000 

  0x000001a200470d54: ;   {optimized virtual_call}
  0x000001a200470d54: 0000 00e8 

  0x000001a200470d58: ; ImmutableOopMap {[72]=Oop [80]=Oop [88]=Oop }
                      ;*invokevirtual isCallerSensitive {reexecute=0 rethrow=0 return_oop=0}
                      ; - java.lang.reflect.Method::invoke@1
  0x000001a200470d58: a4ec fcff 

  0x000001a200470d5c: ;   {other}
  0x000001a200470d5c: 0f1f 8400 | cc02 0000 | 488b 5424 | 480f be72 

  0x000001a200470d6c: ;   {metadata(method data for {method} {0x000001a20f044978} 'invoke' '(Ljava/lang/Object;[Ljava/lang/Object;)Ljava/lang/Object;' in 'java/lang/reflect/Method')}
  0x000001a200470d6c: 0c85 f648 | be78 9f7f | 78a2 0100 | 0048 c7c7 | 4801 0000 | 7407 48c7 | c758 0100 | 0048 8b1c 
  0x000001a200470d8c: 3e48 8d5b | 0148 891c | 3e0f 8441 | 0000 0085 

  0x000001a200470d9c: ;   {metadata(method data for {method} {0x000001a20f044978} 'invoke' '(Ljava/lang/Object;[Ljava/lang/Object;)Ljava/lang/Object;' in 'java/lang/reflect/Method')}
  0x000001a200470d9c: c048 be78 | 9f7f 78a2 | 0100 0048 | c7c7 7801 | 0000 7507 | 48c7 c768 | 0100 0048 | 8b1c 3e48 
  0x000001a200470dbc: 8d5b 0148 | 891c 3e0f | 8513 0000 

  0x000001a200470dc8: ;   {oop(nullptr)}
  0x000001a200470dc8: 0048 bb00 | 0000 0000 | 0000 0089 | 4424 60e9 | 3000 0000 | 8944 2460 

  0x000001a200470de0: ;   {metadata(method data for {method} {0x000001a20f044978} 'invoke' '(Ljava/lang/Object;[Ljava/lang/Object;)Ljava/lang/Object;' in 'java/lang/reflect/Method')}
  0x000001a200470de0: 48be 789f | 7f78 a201 | 0000 4883 | 8688 0100 | 0001 0f1f 

  0x000001a200470df4: ;   {static_call}
  0x000001a200470df4: 4400 00e8 

  0x000001a200470df8: ; ImmutableOopMap {[72]=Oop [80]=Oop [88]=Oop }
                      ;*invokestatic getCallerClass {reexecute=0 rethrow=0 return_oop=0}
                      ; - java.lang.reflect.Method::invoke@19
  0x000001a200470df8: 84e2 1007 

  0x000001a200470dfc: ;   {other}
  0x000001a200470dfc: 0f1f 8400 | 6c03 0001 | 488b d848 | 8b54 2448 | 440f be42 | 0c45 85c0 

  0x000001a200470e14: ;   {metadata(method data for {method} {0x000001a20f044978} 'invoke' '(Ljava/lang/Object;[Ljava/lang/Object;)Ljava/lang/Object;' in 'java/lang/reflect/Method')}
  0x000001a200470e14: 49b8 789f | 7f78 a201 | 0000 49c7 | c1a8 0100 | 0074 0749 | c7c1 9801 | 0000 4b8b | 3c08 488d 
  0x000001a200470e34: 7f01 4b89 | 3c08 0f84 | 0a00 0000 | 4889 5c24 | 68e9 5701 | 0000 448b | 4a24 8b72 

  0x000001a200470e50: ;   {metadata(method data for {method} {0x000001a20f044978} 'invoke' '(Ljava/lang/Object;[Ljava/lang/Object;)Ljava/lang/Object;' in 'java/lang/reflect/Method')}
  0x000001a200470e50: 2049 b878 | 9f7f 78a2 | 0100 0049 | 8380 b801 

  0x000001a200470e60: ;   {metadata(method data for {method} {0x000001a20f3dedd0} 'isStatic' '(I)Z' in 'java/lang/reflect/Modifier')}
  0x000001a200470e60: 0000 0149 | b858 9c10 | 78a2 0100 | 0041 8bb8 | cc00 0000 | 83c7 0241 | 89b8 cc00 | 0000 81e7 
  0x000001a200470e80: feff 1f00 | 85ff 0f84 | 8703 0000 | 4c8b c641 | 83e0 0845 

  0x000001a200470e94: ;   {metadata(method data for {method} {0x000001a20f3dedd0} 'isStatic' '(I)Z' in 'java/lang/reflect/Modifier')}
  0x000001a200470e94: 85c0 49b8 | 589c 1078 | a201 0000 | 48c7 c710 | 0100 0074 | 0748 c7c7 | 2001 0000 | 498b 0438 
  0x000001a200470eb4: 488d 4001 | 4989 0438 | 0f84 1c00 

  0x000001a200470ec0: ;   {metadata(method data for {method} {0x000001a20f3dedd0} 'isStatic' '(I)Z' in 'java/lang/reflect/Modifier')}
  0x000001a200470ec0: 0000 49b8 | 589c 1078 | a201 0000 | 41ff 8030 | 0100 0041 | b801 0000 | 00e9 0600 | 0000 41b8 
  0x000001a200470ee0: 0000 0000 | 4183 e001 

  0x000001a200470ee8: ;   {metadata(method data for {method} {0x000001a20f044978} 'invoke' '(Ljava/lang/Object;[Ljava/lang/Object;)Ljava/lang/Object;' in 'java/lang/reflect/Method')}
  0x000001a200470ee8: 4585 c049 | b878 9f7f | 78a2 0100 | 0048 c7c7 | c801 0000 | 7407 48c7 | c7d8 0100 | 0049 8b04 
  0x000001a200470f08: 3848 8d40 | 0149 8904 | 380f 8420 

  0x000001a200470f14: ;   {metadata(method data for {method} {0x000001a20f044978} 'invoke' '(Ljava/lang/Object;[Ljava/lang/Object;)Ljava/lang/Object;' in 'java/lang/reflect/Method')}
  0x000001a200470f14: 0000 0049 | b878 9f7f | 78a2 0100 | 0041 ff80 | e801 0000 

  0x000001a200470f28: ;   {oop(nullptr)}
  0x000001a200470f28: 48bf 0000 | 0000 0000 | 0000 e935 | 0000 004c | 8b44 2450 

  0x000001a200470f3c: ; implicit exception: dispatches to 0x000001a200471234
  0x000001a200470f3c: 493b 0049 

  0x000001a200470f40: ;   {metadata(method data for {method} {0x000001a20f044978} 'invoke' '(Ljava/lang/Object;[Ljava/lang/Object;)Ljava/lang/Object;' in 'java/lang/reflect/Method')}
  0x000001a200470f40: 8bf8 48b8 | 789f 7f78 | a201 0000 | 4883 8000 | 0200 0001 | 418b 7808 | 49ba 0000 | 000f a201 
  0x000001a200470f60: 0000 4903 | fa48 8b7f | 7048 8b3f 

  0x000001a200470f6c: ;   {metadata(method data for {method} {0x000001a20f044978} 'invoke' '(Ljava/lang/Object;[Ljava/lang/Object;)Ljava/lang/Object;' in 'java/lang/reflect/Method')}
  0x000001a200470f6c: 488b c248 | b978 9f7f | 78a2 0100 | 0048 8381 | 3802 0000 | 014c 8bc3 | 488b ca48 | 8bd1 4889 
  0x000001a200470f8c: ;   {optimized virtual_call}
  0x000001a200470f8c: 5c24 68e8 

  0x000001a200470f90: ; ImmutableOopMap {[72]=Oop [80]=Oop [88]=Oop [104]=Oop }
                      ;*invokevirtual checkAccess {reexecute=0 rethrow=0 return_oop=0}
                      ; - java.lang.reflect.Method::invoke@60
  0x000001a200470f90: ecda 1007 

  0x000001a200470f94: ;   {other}
  0x000001a200470f94: 0f1f 8400 | 0405 0002 | 488b 5424 | 488b 724c 

  0x000001a200470fa4: ;   {metadata(method data for {method} {0x000001a20f044978} 'invoke' '(Ljava/lang/Object;[Ljava/lang/Object;)Ljava/lang/Object;' in 'java/lang/reflect/Method')}
  0x000001a200470fa4: 4885 f648 | bf78 9f7f | 78a2 0100 | 0048 c7c3 | 7002 0000 | 7507 48c7 | c380 0200 | 0048 8b04 
  0x000001a200470fc4: 1f48 8d40 | 0148 8904 | 1f0f 852c | 0000 0048 

  0x000001a200470fd4: ;   {metadata(method data for {method} {0x000001a20f044978} 'invoke' '(Ljava/lang/Object;[Ljava/lang/Object;)Ljava/lang/Object;' in 'java/lang/reflect/Method')}
  0x000001a200470fd4: 8bf2 48bf | 789f 7f78 | a201 0000 | 4883 8790 | 0200 0001 | 0f1f 8000 

  0x000001a200470fec: ;   {optimized virtual_call}
  0x000001a200470fec: 0000 00e8 

  0x000001a200470ff0: ; ImmutableOopMap {[80]=Oop [88]=Oop [104]=Oop }
                      ;*invokevirtual acquireMethodAccessor {reexecute=0 rethrow=0 return_oop=0}
                      ; - java.lang.reflect.Method::invoke@75
  0x000001a200470ff0: fd02 0000 

  0x000001a200470ff4: ;   {other}
  0x000001a200470ff4: 0f1f 8400 | 6405 0003 | 488b f08b | 4424 6085 

  0x000001a200471004: ;   {metadata(method data for {method} {0x000001a20f044978} 'invoke' '(Ljava/lang/Object;[Ljava/lang/Object;)Ljava/lang/Object;' in 'java/lang/reflect/Method')}
  0x000001a200471004: c049 b878 | 9f7f 78a2 | 0100 0049 | c7c1 c802 | 0000 7407 | 49c7 c1d8 | 0200 004b | 8b3c 0848 
  0x000001a200471024: 8d7f 014b | 893c 080f | 84ea 0000 | 0048 8b5c | 2468 483b | 064c 8bc6 

  0x000001a20047103c: ;   {metadata(method data for {method} {0x000001a20f044978} 'invoke' '(Ljava/lang/Object;[Ljava/lang/Object;)Ljava/lang/Object;' in 'java/lang/reflect/Method')}
  0x000001a20047103c: 49b9 789f | 7f78 a201 | 0000 458b | 4008 49ba | 0000 000f | a201 0000 | 4d03 c24d | 3b81 f802 
  0x000001a20047105c: 0000 750d | 4983 8100 | 0300 0001 | e960 0000 | 004d 3b81 | 0803 0000 | 750d 4983 | 8110 0300 
  0x000001a20047107c: 0001 e94a | 0000 0049 | 83b9 f802 | 0000 0075 | 174d 8981 | f802 0000 | 49c7 8100 | 0300 0001 
  0x000001a20047109c: 0000 00e9 | 2900 0000 | 4983 b908 | 0300 0000 | 7517 4d89 | 8108 0300 | 0049 c781 | 1003 0000 
  0x000001a2004710bc: 0100 0000 | e908 0000 | 0049 8381 | e802 0000 | 014c 8b44 | 2450 4c8b | 4c24 5848 | 8bfb 488b 
  0x000001a2004710dc: d648 b8ff | ffff ffff 

  0x000001a2004710e4: ;   {virtual_call}
  0x000001a2004710e4: ffff ffe8 

  0x000001a2004710e8: ; ImmutableOopMap {}
                      ;*invokeinterface invoke {reexecute=0 rethrow=0 return_oop=0}
                      ; - java.lang.reflect.Method::invoke@90
  0x000001a2004710e8: 94dc 1007 

  0x000001a2004710ec: ;   {other}
  0x000001a2004710ec: 0f1f 8400 | 5c06 0004 

  0x000001a2004710f4: ;   {metadata(method data for {method} {0x000001a20f044978} 'invoke' '(Ljava/lang/Object;[Ljava/lang/Object;)Ljava/lang/Object;' in 'java/lang/reflect/Method')}
  0x000001a2004710f4: 49b8 789f | 7f78 a201 | 0000 41ff | 8020 0300 | 0048 81c4 | 8000 0000 

  0x000001a20047110c: ;   {poll_return}
  0x000001a20047110c: 5d49 3ba7 | 5004 0000 | 0f87 2401 | 0000 c34c | 8b4c 2458 | 4c8b 4424 | 5048 3b06 

  0x000001a200471128: ;   {metadata(method data for {method} {0x000001a20f044978} 'invoke' '(Ljava/lang/Object;[Ljava/lang/Object;)Ljava/lang/Object;' in 'java/lang/reflect/Method')}
  0x000001a200471128: 488b d648 | bf78 9f7f | 78a2 0100 | 008b 5208 | 49ba 0000 | 000f a201 | 0000 4903 | d248 3b97 
  0x000001a200471148: 4803 0000 | 750d 4883 | 8750 0300 | 0001 e960 | 0000 0048 | 3b97 5803 | 0000 750d | 4883 8760 
  0x000001a200471168: 0300 0001 | e94a 0000 | 0048 83bf | 4803 0000 | 0075 1748 | 8997 4803 | 0000 48c7 | 8750 0300 
  0x000001a200471188: 0001 0000 | 00e9 2900 | 0000 4883 | bf58 0300 | 0000 7517 | 4889 9758 | 0300 0048 | c787 6003 
  0x000001a2004711a8: 0000 0100 | 0000 e908 | 0000 0048 | 8387 3803 | 0000 0148 | 8bd6 0f1f | 8000 0000 | 0048 b830 
  0x000001a2004711c8: cb19 0fa2 

  0x000001a2004711cc: ;   {virtual_call}
  0x000001a2004711cc: 0100 00e8 

  0x000001a2004711d0: ; ImmutableOopMap {}
                      ;*invokeinterface invoke {reexecute=0 rethrow=0 return_oop=0}
                      ; - java.lang.reflect.Method::invoke@102
  0x000001a2004711d0: 6c08 0000 

  0x000001a2004711d4: ;   {other}
  0x000001a2004711d4: 0f1f 8400 | 4407 0005 | 4881 c480 | 0000 005d 

  0x000001a2004711e4: ;   {poll_return}
  0x000001a2004711e4: 493b a750 | 0400 000f | 8768 0000 

  0x000001a2004711f0: ;   {metadata({method} {0x000001a20f044978} 'invoke' '(Ljava/lang/Object;[Ljava/lang/Object;)Ljava/lang/Object;' in 'java/lang/reflect/Method')}
  0x000001a2004711f0: 00c3 49ba | 7049 040f | a201 0000 | 4c89 5424 | 0848 c704 | 24ff ffff 

  0x000001a200471208: ;   {runtime_call counter_overflow Runtime1 stub}
  0x000001a200471208: ffe8 f20c 

  0x000001a20047120c: ; ImmutableOopMap {rdx=Oop r8=Oop r9=Oop [72]=Oop [80]=Oop }
                      ;*synchronization entry
                      ; - java.lang.reflect.Method::invoke@-1
  0x000001a20047120c: 1d07 e91d 

  0x000001a200471210: ;   {metadata({method} {0x000001a20f3dedd0} 'isStatic' '(I)Z' in 'java/lang/reflect/Modifier')}
  0x000001a200471210: fbff ff49 | bac8 ed3d | 0fa2 0100 | 004c 8954 | 2408 48c7 | 0424 ffff 

  0x000001a200471228: ;   {runtime_call counter_overflow Runtime1 stub}
  0x000001a200471228: ffff e8d1 

  0x000001a20047122c: ; ImmutableOopMap {rbx=Oop rdx=Oop r9=Oop [72]=Oop [80]=Oop [88]=Oop }
                      ;*synchronization entry
                      ; - java.lang.reflect.Modifier::isStatic@-1
                      ; - java.lang.reflect.Method::invoke@42
  0x000001a20047122c: 0c1d 07e9 | 58fc ffff 

  0x000001a200471234: ;   {runtime_call throw_null_pointer_exception Runtime1 stub}
  0x000001a200471234: e8c7 bb1c 

  0x000001a200471238: ; ImmutableOopMap {rbx=Oop rdx=Oop r9=Oop r8=Oop [72]=Oop [80]=Oop [88]=Oop }
                      ;*invokevirtual getClass {reexecute=0 rethrow=0 return_oop=0}
                      ; - java.lang.reflect.Method::invoke@53
                      ;   {runtime_call throw_null_pointer_exception Runtime1 stub}
  0x000001a200471238: 07e8 c2bb 

  0x000001a20047123c: ; ImmutableOopMap {rsi=Oop rbx=Oop [80]=Oop [88]=Oop }
                      ;*invokeinterface invoke {reexecute=0 rethrow=0 return_oop=0}
                      ; - java.lang.reflect.Method::invoke@90
                      ;   {internal_word}
  0x000001a20047123c: 1c07 49ba | 0d11 4700 | a201 0000 | 4d89 9768 

  0x000001a20047124c: ;   {runtime_call SafepointBlob}
  0x000001a20047124c: 0400 00e9 | 2c42 1107 

  0x000001a200471254: ;   {runtime_call throw_null_pointer_exception Runtime1 stub}
  0x000001a200471254: e8a7 bb1c 

  0x000001a200471258: ; ImmutableOopMap {r9=Oop r8=Oop rsi=Oop [80]=Oop }
                      ;*invokeinterface invoke {reexecute=0 rethrow=0 return_oop=0}
                      ; - java.lang.reflect.Method::invoke@102
                      ;   {internal_word}
  0x000001a200471258: 0749 bae4 | 1147 00a2 | 0100 004d | 8997 6804 

  0x000001a200471268: ;   {runtime_call SafepointBlob}
  0x000001a200471268: 0000 e911 | 4211 0749 | 8b87 0005 | 0000 49c7 | 8700 0500 | 0000 0000 | 0049 c787 | 0805 0000 
  0x000001a200471288: 0000 0000 | 4881 c480 | 0000 005d 

  0x000001a200471294: ;   {runtime_call unwind_exception Runtime1 stub}
  0x000001a200471294: e967 ac1c | 07f4 f4f4 | f4f4 f4f4 
[Stub Code]
  0x000001a2004712a0: ;   {no_reloc}
  0x000001a2004712a0: 0f1f 4400 

  0x000001a2004712a4: ;   {static_stub}
  0x000001a2004712a4: 0048 bb00 | 0000 0000 

  0x000001a2004712ac: ;   {runtime_call nmethod}
  0x000001a2004712ac: 0000 00e9 | fbff ffff 

  0x000001a2004712b4: ;   {static_stub}
  0x000001a2004712b4: 9048 bb00 | 0000 0000 

  0x000001a2004712bc: ;   {runtime_call nmethod}
  0x000001a2004712bc: 0000 00e9 | fbff ffff 

  0x000001a2004712c4: ;   {static_stub}
  0x000001a2004712c4: 48bb 0000 | 0000 0000 

  0x000001a2004712cc: ;   {runtime_call nmethod}
  0x000001a2004712cc: 0000 e9fb 

  0x000001a2004712d0: ;   {static_stub}
  0x000001a2004712d0: ffff ff48 | bb00 0000 | 0000 0000 

  0x000001a2004712dc: ;   {runtime_call nmethod}
  0x000001a2004712dc: 00e9 fbff 

  0x000001a2004712e0: ;   {static_stub}
  0x000001a2004712e0: ffff 48bb | 0000 0000 | 0000 0000 

  0x000001a2004712ec: ;   {runtime_call nmethod}
  0x000001a2004712ec: e9fb ffff 

  0x000001a2004712f0: ;   {static_stub}
  0x000001a2004712f0: ff48 bbe8 | 4d04 0fa2 

  0x000001a2004712f8: ;   {runtime_call I2C/C2I adapters}
  0x000001a2004712f8: 0100 00e9 | 6321 1107 
[Exception Handler]
  0x000001a200471300: ;   {runtime_call handle_exception_from_callee Runtime1 stub}
  0x000001a200471300: e8fb d81c 

  0x000001a200471304: ;   {external_word}
  0x000001a200471304: 0748 b940 | 6365 5af9 | 7f00 0048 

  0x000001a200471310: ;   {runtime_call}
  0x000001a200471310: 83e4 f048 | b8d0 c427 | 5af9 7f00 | 00ff d0f4 
[Deopt Handler Code]
  0x000001a200471320: ;   {section_word}
  0x000001a200471320: 49ba 2013 | 4700 a201 | 0000 4152 

  0x000001a20047132c: ;   {runtime_call DeoptimizationBlob}
  0x000001a20047132c: e9ef 3311 | 07f4 f4f4 | f4f4 f4f4 
[/MachCode]


---------------  P R O C E S S  ---------------

Threads class SMR info:
_java_thread_list=0x000001a27d765830, length=25, elements={
0x000001a270ebf4e0, 0x000001a277872870, 0x000001a277878010, 0x000001a277879790,
0x000001a27787a1f0, 0x000001a27787ac50, 0x000001a27787b6b0, 0x000001a277886ba0,
0x000001a27788e130, 0x000001a277afa510, 0x000001a277b302f0, 0x000001a27d02e2e0,
0x000001a27cb6d1e0, 0x000001a277940220, 0x000001a27c6c0c60, 0x000001a27c6c12d0,
0x000001a27cb2dda0, 0x000001a27d264880, 0x000001a27d265c30, 0x000001a27d2641f0,
0x000001a27d266fe0, 0x000001a27d2662c0, 0x000001a27d2655a0, 0x000001a27d264f10,
0x000001a27d263b60
}

Java Threads: ( => current thread )
  0x000001a270ebf4e0 JavaThread "main"                              [_thread_blocked, id=33504, stack(0x0000009c8f800000,0x0000009c8f900000) (1024K)]
  0x000001a277872870 JavaThread "Reference Handler"          daemon [_thread_blocked, id=24216, stack(0x0000009c90000000,0x0000009c90100000) (1024K)]
  0x000001a277878010 JavaThread "Finalizer"                  daemon [_thread_blocked, id=15832, stack(0x0000009c90100000,0x0000009c90200000) (1024K)]
  0x000001a277879790 JavaThread "Signal Dispatcher"          daemon [_thread_blocked, id=25776, stack(0x0000009c90200000,0x0000009c90300000) (1024K)]
  0x000001a27787a1f0 JavaThread "Attach Listener"            daemon [_thread_blocked, id=33980, stack(0x0000009c90300000,0x0000009c90400000) (1024K)]
  0x000001a27787ac50 JavaThread "Service Thread"             daemon [_thread_blocked, id=34544, stack(0x0000009c90400000,0x0000009c90500000) (1024K)]
  0x000001a27787b6b0 JavaThread "Monitor Deflation Thread"   daemon [_thread_blocked, id=25264, stack(0x0000009c90500000,0x0000009c90600000) (1024K)]
  0x000001a277886ba0 JavaThread "C2 CompilerThread0"         daemon [_thread_blocked, id=33192, stack(0x0000009c90600000,0x0000009c90700000) (1024K)]
  0x000001a27788e130 JavaThread "C1 CompilerThread0"         daemon [_thread_in_vm, id=33716, stack(0x0000009c90700000,0x0000009c90800000) (1024K)]
  0x000001a277afa510 JavaThread "Common-Cleaner"             daemon [_thread_blocked, id=28744, stack(0x0000009c90800000,0x0000009c90900000) (1024K)]
  0x000001a277b302f0 JavaThread "Notification Thread"        daemon [_thread_blocked, id=35748, stack(0x0000009c90900000,0x0000009c90a00000) (1024K)]
  0x000001a27d02e2e0 JavaThread "Daemon health stats"               [_thread_blocked, id=34956, stack(0x0000009c90f00000,0x0000009c91000000) (1024K)]
  0x000001a27cb6d1e0 JavaThread "Incoming local TCP Connector on port 53692"        [_thread_in_native, id=12308, stack(0x0000009c91000000,0x0000009c91100000) (1024K)]
  0x000001a277940220 JavaThread "Daemon periodic checks"            [_thread_in_native, id=31436, stack(0x0000009c91100000,0x0000009c91200000) (1024K)]
  0x000001a27c6c0c60 JavaThread "Daemon"                            [_thread_blocked, id=1968, stack(0x0000009c91200000,0x0000009c91300000) (1024K)]
  0x000001a27c6c12d0 JavaThread "Handler for socket connection from /127.0.0.1:53692 to /127.0.0.1:53699"        [_thread_in_native, id=5588, stack(0x0000009c91300000,0x0000009c91400000) (1024K)]
  0x000001a27cb2dda0 JavaThread "Cancel handler"                    [_thread_blocked, id=14036, stack(0x0000009c91400000,0x0000009c91500000) (1024K)]
=>0x000001a27d264880 JavaThread "Daemon worker"                     [_thread_in_vm, id=34524, stack(0x0000009c91500000,0x0000009c91600000) (1024K)]
  0x000001a27d265c30 JavaThread "Asynchronous log dispatcher for DefaultDaemonConnection: socket connection from /127.0.0.1:53692 to /127.0.0.1:53699"        [_thread_blocked, id=32984, stack(0x0000009c91600000,0x0000009c91700000) (1024K)]
  0x000001a27d2641f0 JavaThread "Stdin handler"                     [_thread_blocked, id=2988, stack(0x0000009c91700000,0x0000009c91800000) (1024K)]
  0x000001a27d266fe0 JavaThread "Daemon client event forwarder"        [_thread_blocked, id=28364, stack(0x0000009c91800000,0x0000009c91900000) (1024K)]
  0x000001a27d2662c0 JavaThread "Cache worker for journal cache (C:\Users\USER\.gradle\caches\journal-1)"        [_thread_blocked, id=35260, stack(0x0000009c91900000,0x0000009c91a00000) (1024K)]
  0x000001a27d2655a0 JavaThread "File lock request listener"        [_thread_in_native, id=10472, stack(0x0000009c91a00000,0x0000009c91b00000) (1024K)]
  0x000001a27d264f10 JavaThread "File lock release action executor"        [_thread_blocked, id=29052, stack(0x0000009c91b00000,0x0000009c91c00000) (1024K)]
  0x000001a27d263b60 JavaThread "Cache worker for file hash cache (C:\Users\USER\.gradle\caches\8.9\fileHashes)"        [_thread_blocked, id=20560, stack(0x0000009c91c00000,0x0000009c91d00000) (1024K)]
Total: 25

Other Threads:
  0x000001a277853e90 VMThread "VM Thread"                           [id=30608, stack(0x0000009c8ff00000,0x0000009c90000000) (1024K)]
  0x000001a277843950 WatcherThread "VM Periodic Task Thread"        [id=17728, stack(0x0000009c8fe00000,0x0000009c8ff00000) (1024K)]
  0x000001a270ee9770 WorkerThread "GC Thread#0"                     [id=16884, stack(0x0000009c8f900000,0x0000009c8fa00000) (1024K)]
  0x000001a277c7e040 WorkerThread "GC Thread#1"                     [id=23004, stack(0x0000009c90a00000,0x0000009c90b00000) (1024K)]
  0x000001a277c7e3f0 WorkerThread "GC Thread#2"                     [id=35424, stack(0x0000009c90b00000,0x0000009c90c00000) (1024K)]
  0x000001a277c7e7a0 WorkerThread "GC Thread#3"                     [id=33248, stack(0x0000009c90c00000,0x0000009c90d00000) (1024K)]
  0x000001a277c7eb50 WorkerThread "GC Thread#4"                     [id=29600, stack(0x0000009c90d00000,0x0000009c90e00000) (1024K)]
  0x000001a27c3771b0 WorkerThread "GC Thread#5"                     [id=33964, stack(0x0000009c90e00000,0x0000009c90f00000) (1024K)]
  0x000001a270eeee80 ConcurrentGCThread "G1 Main Marker"            [id=31832, stack(0x0000009c8fa00000,0x0000009c8fb00000) (1024K)]
  0x000001a270eef8a0 WorkerThread "G1 Conc#0"                       [id=34060, stack(0x0000009c8fb00000,0x0000009c8fc00000) (1024K)]
  0x000001a270f7e840 ConcurrentGCThread "G1 Refine#0"               [id=31192, stack(0x0000009c8fc00000,0x0000009c8fd00000) (1024K)]
  0x000001a2777135d0 ConcurrentGCThread "G1 Service"                [id=35188, stack(0x0000009c8fd00000,0x0000009c8fe00000) (1024K)]
Total: 12

Threads with active compile tasks:
C1 CompilerThread0  58962 2974       3       sun.management.Util::newObjectName (11 bytes)
Total: 1

VM state: not at safepoint (normal execution)

VM Mutex/Monitor currently owned by a thread:  ([mutex/lock_event])
[0x00007ff95a90d4f0] Metaspace_lock - owner thread: 0x000001a27d264880

Heap address: 0x00000000e0000000, size: 512 MB, Compressed Oops mode: 32-bit

CDS archive(s) mapped at: [0x000001a20f000000-0x000001a20fba0000-0x000001a20fba0000), size 12189696, SharedBaseAddress: 0x000001a20f000000, ArchiveRelocationMode: 1.
Compressed class space mapped at: 0x000001a210000000-0x000001a224000000, reserved size: 335544320
Narrow klass base: 0x000001a20f000000, Narrow klass shift: 0, Narrow klass range: 0x100000000

GC Precious Log:
 CardTable entry size: 512
 Card Set container configuration: InlinePtr #cards 5 size 8 Array Of Cards #cards 12 size 40 Howl #buckets 4 coarsen threshold 1843 Howl Bitmap #cards 512 size 80 coarsen threshold 460 Card regions per heap region 1 cards per card region 2048
 CPUs: 8 total, 8 available
 Memory: 7835M
 Large Page Support: Disabled
 NUMA Support: Disabled
 Compressed Oops: Enabled (32-bit)
 Heap Region Size: 1M
 Heap Min Capacity: 256M
 Heap Initial Capacity: 256M
 Heap Max Capacity: 512M
 Pre-touch: Disabled
 Parallel Workers: 8
 Concurrent Workers: 2
 Concurrent Refinement Workers: 8
 Periodic GC: Disabled

Heap:
 garbage-first heap   total 262144K, used 116860K [0x00000000e0000000, 0x0000000100000000)
  region size 1024K, 103 young (105472K), 2 survivors (2048K)
 Metaspace       used 17224K, committed 17728K, reserved 393216K
  class space    used 2445K, committed 2688K, reserved 327680K

Heap Regions: E=young(eden), S=young(survivor), O=old, HS=humongous(starts), HC=humongous(continues), CS=collection set, F=free, TAMS=top-at-mark-start, PB=parsable bottom
|   0|0x00000000e0000000, 0x00000000e0100000, 0x00000000e0100000|100%|HS|  |TAMS 0x00000000e0000000| PB 0x00000000e0000000| Complete 
|   1|0x00000000e0100000, 0x00000000e0200000, 0x00000000e0200000|100%|HC|  |TAMS 0x00000000e0100000| PB 0x00000000e0100000| Complete 
|   2|0x00000000e0200000, 0x00000000e0300000, 0x00000000e0300000|100%|HC|  |TAMS 0x00000000e0200000| PB 0x00000000e0200000| Complete 
|   3|0x00000000e0300000, 0x00000000e0400000, 0x00000000e0400000|100%|HC|  |TAMS 0x00000000e0300000| PB 0x00000000e0300000| Complete 
|   4|0x00000000e0400000, 0x00000000e0500000, 0x00000000e0500000|100%| O|  |TAMS 0x00000000e0400000| PB 0x00000000e0400000| Untracked 
|   5|0x00000000e0500000, 0x00000000e0600000, 0x00000000e0600000|100%| O|  |TAMS 0x00000000e0500000| PB 0x00000000e0500000| Untracked 
|   6|0x00000000e0600000, 0x00000000e0700000, 0x00000000e0700000|100%| O|  |TAMS 0x00000000e0600000| PB 0x00000000e0600000| Untracked 
|   7|0x00000000e0700000, 0x00000000e0800000, 0x00000000e0800000|100%| O|  |TAMS 0x00000000e0700000| PB 0x00000000e0700000| Untracked 
|   8|0x00000000e0800000, 0x00000000e0900000, 0x00000000e0900000|100%| O|  |TAMS 0x00000000e0800000| PB 0x00000000e0800000| Untracked 
|   9|0x00000000e0900000, 0x00000000e0a00000, 0x00000000e0a00000|100%| O|  |TAMS 0x00000000e0900000| PB 0x00000000e0900000| Untracked 
|  10|0x00000000e0a00000, 0x00000000e0a8c910, 0x00000000e0b00000| 54%| O|  |TAMS 0x00000000e0a00000| PB 0x00000000e0a00000| Untracked 
|  11|0x00000000e0b00000, 0x00000000e0c00000, 0x00000000e0c00000|100%|HS|  |TAMS 0x00000000e0b00000| PB 0x00000000e0b00000| Complete 
|  12|0x00000000e0c00000, 0x00000000e0d00000, 0x00000000e0d00000|100%|HS|  |TAMS 0x00000000e0c00000| PB 0x00000000e0c00000| Complete 
|  13|0x00000000e0d00000, 0x00000000e0d00000, 0x00000000e0e00000|  0%| F|  |TAMS 0x00000000e0d00000| PB 0x00000000e0d00000| Untracked 
|  14|0x00000000e0e00000, 0x00000000e0e00000, 0x00000000e0f00000|  0%| F|  |TAMS 0x00000000e0e00000| PB 0x00000000e0e00000| Untracked 
|  15|0x00000000e0f00000, 0x00000000e0f00000, 0x00000000e1000000|  0%| F|  |TAMS 0x00000000e0f00000| PB 0x00000000e0f00000| Untracked 
|  16|0x00000000e1000000, 0x00000000e1000000, 0x00000000e1100000|  0%| F|  |TAMS 0x00000000e1000000| PB 0x00000000e1000000| Untracked 
|  17|0x00000000e1100000, 0x00000000e1100000, 0x00000000e1200000|  0%| F|  |TAMS 0x00000000e1100000| PB 0x00000000e1100000| Untracked 
|  18|0x00000000e1200000, 0x00000000e1200000, 0x00000000e1300000|  0%| F|  |TAMS 0x00000000e1200000| PB 0x00000000e1200000| Untracked 
|  19|0x00000000e1300000, 0x00000000e1300000, 0x00000000e1400000|  0%| F|  |TAMS 0x00000000e1300000| PB 0x00000000e1300000| Untracked 
|  20|0x00000000e1400000, 0x00000000e1400000, 0x00000000e1500000|  0%| F|  |TAMS 0x00000000e1400000| PB 0x00000000e1400000| Untracked 
|  21|0x00000000e1500000, 0x00000000e1500000, 0x00000000e1600000|  0%| F|  |TAMS 0x00000000e1500000| PB 0x00000000e1500000| Untracked 
|  22|0x00000000e1600000, 0x00000000e1600000, 0x00000000e1700000|  0%| F|  |TAMS 0x00000000e1600000| PB 0x00000000e1600000| Untracked 
|  23|0x00000000e1700000, 0x00000000e1700000, 0x00000000e1800000|  0%| F|  |TAMS 0x00000000e1700000| PB 0x00000000e1700000| Untracked 
|  24|0x00000000e1800000, 0x00000000e1800000, 0x00000000e1900000|  0%| F|  |TAMS 0x00000000e1800000| PB 0x00000000e1800000| Untracked 
|  25|0x00000000e1900000, 0x00000000e1900000, 0x00000000e1a00000|  0%| F|  |TAMS 0x00000000e1900000| PB 0x00000000e1900000| Untracked 
|  26|0x00000000e1a00000, 0x00000000e1a00000, 0x00000000e1b00000|  0%| F|  |TAMS 0x00000000e1a00000| PB 0x00000000e1a00000| Untracked 
|  27|0x00000000e1b00000, 0x00000000e1b00000, 0x00000000e1c00000|  0%| F|  |TAMS 0x00000000e1b00000| PB 0x00000000e1b00000| Untracked 
|  28|0x00000000e1c00000, 0x00000000e1c00000, 0x00000000e1d00000|  0%| F|  |TAMS 0x00000000e1c00000| PB 0x00000000e1c00000| Untracked 
|  29|0x00000000e1d00000, 0x00000000e1d00000, 0x00000000e1e00000|  0%| F|  |TAMS 0x00000000e1d00000| PB 0x00000000e1d00000| Untracked 
|  30|0x00000000e1e00000, 0x00000000e1e00000, 0x00000000e1f00000|  0%| F|  |TAMS 0x00000000e1e00000| PB 0x00000000e1e00000| Untracked 
|  31|0x00000000e1f00000, 0x00000000e1f00000, 0x00000000e2000000|  0%| F|  |TAMS 0x00000000e1f00000| PB 0x00000000e1f00000| Untracked 
|  32|0x00000000e2000000, 0x00000000e2000000, 0x00000000e2100000|  0%| F|  |TAMS 0x00000000e2000000| PB 0x00000000e2000000| Untracked 
|  33|0x00000000e2100000, 0x00000000e2100000, 0x00000000e2200000|  0%| F|  |TAMS 0x00000000e2100000| PB 0x00000000e2100000| Untracked 
|  34|0x00000000e2200000, 0x00000000e2200000, 0x00000000e2300000|  0%| F|  |TAMS 0x00000000e2200000| PB 0x00000000e2200000| Untracked 
|  35|0x00000000e2300000, 0x00000000e2300000, 0x00000000e2400000|  0%| F|  |TAMS 0x00000000e2300000| PB 0x00000000e2300000| Untracked 
|  36|0x00000000e2400000, 0x00000000e2400000, 0x00000000e2500000|  0%| F|  |TAMS 0x00000000e2400000| PB 0x00000000e2400000| Untracked 
|  37|0x00000000e2500000, 0x00000000e2500000, 0x00000000e2600000|  0%| F|  |TAMS 0x00000000e2500000| PB 0x00000000e2500000| Untracked 
|  38|0x00000000e2600000, 0x00000000e2600000, 0x00000000e2700000|  0%| F|  |TAMS 0x00000000e2600000| PB 0x00000000e2600000| Untracked 
|  39|0x00000000e2700000, 0x00000000e2700000, 0x00000000e2800000|  0%| F|  |TAMS 0x00000000e2700000| PB 0x00000000e2700000| Untracked 
|  40|0x00000000e2800000, 0x00000000e2800000, 0x00000000e2900000|  0%| F|  |TAMS 0x00000000e2800000| PB 0x00000000e2800000| Untracked 
|  41|0x00000000e2900000, 0x00000000e2900000, 0x00000000e2a00000|  0%| F|  |TAMS 0x00000000e2900000| PB 0x00000000e2900000| Untracked 
|  42|0x00000000e2a00000, 0x00000000e2a00000, 0x00000000e2b00000|  0%| F|  |TAMS 0x00000000e2a00000| PB 0x00000000e2a00000| Untracked 
|  43|0x00000000e2b00000, 0x00000000e2b00000, 0x00000000e2c00000|  0%| F|  |TAMS 0x00000000e2b00000| PB 0x00000000e2b00000| Untracked 
|  44|0x00000000e2c00000, 0x00000000e2c00000, 0x00000000e2d00000|  0%| F|  |TAMS 0x00000000e2c00000| PB 0x00000000e2c00000| Untracked 
|  45|0x00000000e2d00000, 0x00000000e2d00000, 0x00000000e2e00000|  0%| F|  |TAMS 0x00000000e2d00000| PB 0x00000000e2d00000| Untracked 
|  46|0x00000000e2e00000, 0x00000000e2e00000, 0x00000000e2f00000|  0%| F|  |TAMS 0x00000000e2e00000| PB 0x00000000e2e00000| Untracked 
|  47|0x00000000e2f00000, 0x00000000e2f00000, 0x00000000e3000000|  0%| F|  |TAMS 0x00000000e2f00000| PB 0x00000000e2f00000| Untracked 
|  48|0x00000000e3000000, 0x00000000e3000000, 0x00000000e3100000|  0%| F|  |TAMS 0x00000000e3000000| PB 0x00000000e3000000| Untracked 
|  49|0x00000000e3100000, 0x00000000e3100000, 0x00000000e3200000|  0%| F|  |TAMS 0x00000000e3100000| PB 0x00000000e3100000| Untracked 
|  50|0x00000000e3200000, 0x00000000e3200000, 0x00000000e3300000|  0%| F|  |TAMS 0x00000000e3200000| PB 0x00000000e3200000| Untracked 
|  51|0x00000000e3300000, 0x00000000e3300000, 0x00000000e3400000|  0%| F|  |TAMS 0x00000000e3300000| PB 0x00000000e3300000| Untracked 
|  52|0x00000000e3400000, 0x00000000e3400000, 0x00000000e3500000|  0%| F|  |TAMS 0x00000000e3400000| PB 0x00000000e3400000| Untracked 
|  53|0x00000000e3500000, 0x00000000e3500000, 0x00000000e3600000|  0%| F|  |TAMS 0x00000000e3500000| PB 0x00000000e3500000| Untracked 
|  54|0x00000000e3600000, 0x00000000e3600000, 0x00000000e3700000|  0%| F|  |TAMS 0x00000000e3600000| PB 0x00000000e3600000| Untracked 
|  55|0x00000000e3700000, 0x00000000e3700000, 0x00000000e3800000|  0%| F|  |TAMS 0x00000000e3700000| PB 0x00000000e3700000| Untracked 
|  56|0x00000000e3800000, 0x00000000e3800000, 0x00000000e3900000|  0%| F|  |TAMS 0x00000000e3800000| PB 0x00000000e3800000| Untracked 
|  57|0x00000000e3900000, 0x00000000e3900000, 0x00000000e3a00000|  0%| F|  |TAMS 0x00000000e3900000| PB 0x00000000e3900000| Untracked 
|  58|0x00000000e3a00000, 0x00000000e3a00000, 0x00000000e3b00000|  0%| F|  |TAMS 0x00000000e3a00000| PB 0x00000000e3a00000| Untracked 
|  59|0x00000000e3b00000, 0x00000000e3b00000, 0x00000000e3c00000|  0%| F|  |TAMS 0x00000000e3b00000| PB 0x00000000e3b00000| Untracked 
|  60|0x00000000e3c00000, 0x00000000e3c00000, 0x00000000e3d00000|  0%| F|  |TAMS 0x00000000e3c00000| PB 0x00000000e3c00000| Untracked 
|  61|0x00000000e3d00000, 0x00000000e3d00000, 0x00000000e3e00000|  0%| F|  |TAMS 0x00000000e3d00000| PB 0x00000000e3d00000| Untracked 
|  62|0x00000000e3e00000, 0x00000000e3e00000, 0x00000000e3f00000|  0%| F|  |TAMS 0x00000000e3e00000| PB 0x00000000e3e00000| Untracked 
|  63|0x00000000e3f00000, 0x00000000e3f00000, 0x00000000e4000000|  0%| F|  |TAMS 0x00000000e3f00000| PB 0x00000000e3f00000| Untracked 
|  64|0x00000000e4000000, 0x00000000e4000000, 0x00000000e4100000|  0%| F|  |TAMS 0x00000000e4000000| PB 0x00000000e4000000| Untracked 
|  65|0x00000000e4100000, 0x00000000e4100000, 0x00000000e4200000|  0%| F|  |TAMS 0x00000000e4100000| PB 0x00000000e4100000| Untracked 
|  66|0x00000000e4200000, 0x00000000e4200000, 0x00000000e4300000|  0%| F|  |TAMS 0x00000000e4200000| PB 0x00000000e4200000| Untracked 
|  67|0x00000000e4300000, 0x00000000e4300000, 0x00000000e4400000|  0%| F|  |TAMS 0x00000000e4300000| PB 0x00000000e4300000| Untracked 
|  68|0x00000000e4400000, 0x00000000e4400000, 0x00000000e4500000|  0%| F|  |TAMS 0x00000000e4400000| PB 0x00000000e4400000| Untracked 
|  69|0x00000000e4500000, 0x00000000e4500000, 0x00000000e4600000|  0%| F|  |TAMS 0x00000000e4500000| PB 0x00000000e4500000| Untracked 
|  70|0x00000000e4600000, 0x00000000e4600000, 0x00000000e4700000|  0%| F|  |TAMS 0x00000000e4600000| PB 0x00000000e4600000| Untracked 
|  71|0x00000000e4700000, 0x00000000e4700000, 0x00000000e4800000|  0%| F|  |TAMS 0x00000000e4700000| PB 0x00000000e4700000| Untracked 
|  72|0x00000000e4800000, 0x00000000e4800000, 0x00000000e4900000|  0%| F|  |TAMS 0x00000000e4800000| PB 0x00000000e4800000| Untracked 
|  73|0x00000000e4900000, 0x00000000e4900000, 0x00000000e4a00000|  0%| F|  |TAMS 0x00000000e4900000| PB 0x00000000e4900000| Untracked 
|  74|0x00000000e4a00000, 0x00000000e4a00000, 0x00000000e4b00000|  0%| F|  |TAMS 0x00000000e4a00000| PB 0x00000000e4a00000| Untracked 
|  75|0x00000000e4b00000, 0x00000000e4b00000, 0x00000000e4c00000|  0%| F|  |TAMS 0x00000000e4b00000| PB 0x00000000e4b00000| Untracked 
|  76|0x00000000e4c00000, 0x00000000e4c00000, 0x00000000e4d00000|  0%| F|  |TAMS 0x00000000e4c00000| PB 0x00000000e4c00000| Untracked 
|  77|0x00000000e4d00000, 0x00000000e4d00000, 0x00000000e4e00000|  0%| F|  |TAMS 0x00000000e4d00000| PB 0x00000000e4d00000| Untracked 
|  78|0x00000000e4e00000, 0x00000000e4e00000, 0x00000000e4f00000|  0%| F|  |TAMS 0x00000000e4e00000| PB 0x00000000e4e00000| Untracked 
|  79|0x00000000e4f00000, 0x00000000e4f00000, 0x00000000e5000000|  0%| F|  |TAMS 0x00000000e4f00000| PB 0x00000000e4f00000| Untracked 
|  80|0x00000000e5000000, 0x00000000e5000000, 0x00000000e5100000|  0%| F|  |TAMS 0x00000000e5000000| PB 0x00000000e5000000| Untracked 
|  81|0x00000000e5100000, 0x00000000e5100000, 0x00000000e5200000|  0%| F|  |TAMS 0x00000000e5100000| PB 0x00000000e5100000| Untracked 
|  82|0x00000000e5200000, 0x00000000e5200000, 0x00000000e5300000|  0%| F|  |TAMS 0x00000000e5200000| PB 0x00000000e5200000| Untracked 
|  83|0x00000000e5300000, 0x00000000e5300000, 0x00000000e5400000|  0%| F|  |TAMS 0x00000000e5300000| PB 0x00000000e5300000| Untracked 
|  84|0x00000000e5400000, 0x00000000e5400000, 0x00000000e5500000|  0%| F|  |TAMS 0x00000000e5400000| PB 0x00000000e5400000| Untracked 
|  85|0x00000000e5500000, 0x00000000e5500000, 0x00000000e5600000|  0%| F|  |TAMS 0x00000000e5500000| PB 0x00000000e5500000| Untracked 
|  86|0x00000000e5600000, 0x00000000e5600000, 0x00000000e5700000|  0%| F|  |TAMS 0x00000000e5600000| PB 0x00000000e5600000| Untracked 
|  87|0x00000000e5700000, 0x00000000e5700000, 0x00000000e5800000|  0%| F|  |TAMS 0x00000000e5700000| PB 0x00000000e5700000| Untracked 
|  88|0x00000000e5800000, 0x00000000e5800000, 0x00000000e5900000|  0%| F|  |TAMS 0x00000000e5800000| PB 0x00000000e5800000| Untracked 
|  89|0x00000000e5900000, 0x00000000e5900000, 0x00000000e5a00000|  0%| F|  |TAMS 0x00000000e5900000| PB 0x00000000e5900000| Untracked 
|  90|0x00000000e5a00000, 0x00000000e5a00000, 0x00000000e5b00000|  0%| F|  |TAMS 0x00000000e5a00000| PB 0x00000000e5a00000| Untracked 
|  91|0x00000000e5b00000, 0x00000000e5b00000, 0x00000000e5c00000|  0%| F|  |TAMS 0x00000000e5b00000| PB 0x00000000e5b00000| Untracked 
|  92|0x00000000e5c00000, 0x00000000e5c00000, 0x00000000e5d00000|  0%| F|  |TAMS 0x00000000e5c00000| PB 0x00000000e5c00000| Untracked 
|  93|0x00000000e5d00000, 0x00000000e5d00000, 0x00000000e5e00000|  0%| F|  |TAMS 0x00000000e5d00000| PB 0x00000000e5d00000| Untracked 
|  94|0x00000000e5e00000, 0x00000000e5e00000, 0x00000000e5f00000|  0%| F|  |TAMS 0x00000000e5e00000| PB 0x00000000e5e00000| Untracked 
|  95|0x00000000e5f00000, 0x00000000e5f00000, 0x00000000e6000000|  0%| F|  |TAMS 0x00000000e5f00000| PB 0x00000000e5f00000| Untracked 
|  96|0x00000000e6000000, 0x00000000e6000000, 0x00000000e6100000|  0%| F|  |TAMS 0x00000000e6000000| PB 0x00000000e6000000| Untracked 
|  97|0x00000000e6100000, 0x00000000e6100000, 0x00000000e6200000|  0%| F|  |TAMS 0x00000000e6100000| PB 0x00000000e6100000| Untracked 
|  98|0x00000000e6200000, 0x00000000e6200000, 0x00000000e6300000|  0%| F|  |TAMS 0x00000000e6200000| PB 0x00000000e6200000| Untracked 
|  99|0x00000000e6300000, 0x00000000e6300000, 0x00000000e6400000|  0%| F|  |TAMS 0x00000000e6300000| PB 0x00000000e6300000| Untracked 
| 100|0x00000000e6400000, 0x00000000e6400000, 0x00000000e6500000|  0%| F|  |TAMS 0x00000000e6400000| PB 0x00000000e6400000| Untracked 
| 101|0x00000000e6500000, 0x00000000e6500000, 0x00000000e6600000|  0%| F|  |TAMS 0x00000000e6500000| PB 0x00000000e6500000| Untracked 
| 102|0x00000000e6600000, 0x00000000e6600000, 0x00000000e6700000|  0%| F|  |TAMS 0x00000000e6600000| PB 0x00000000e6600000| Untracked 
| 103|0x00000000e6700000, 0x00000000e6700000, 0x00000000e6800000|  0%| F|  |TAMS 0x00000000e6700000| PB 0x00000000e6700000| Untracked 
| 104|0x00000000e6800000, 0x00000000e6800000, 0x00000000e6900000|  0%| F|  |TAMS 0x00000000e6800000| PB 0x00000000e6800000| Untracked 
| 105|0x00000000e6900000, 0x00000000e6900000, 0x00000000e6a00000|  0%| F|  |TAMS 0x00000000e6900000| PB 0x00000000e6900000| Untracked 
| 106|0x00000000e6a00000, 0x00000000e6a00000, 0x00000000e6b00000|  0%| F|  |TAMS 0x00000000e6a00000| PB 0x00000000e6a00000| Untracked 
| 107|0x00000000e6b00000, 0x00000000e6b00000, 0x00000000e6c00000|  0%| F|  |TAMS 0x00000000e6b00000| PB 0x00000000e6b00000| Untracked 
| 108|0x00000000e6c00000, 0x00000000e6c00000, 0x00000000e6d00000|  0%| F|  |TAMS 0x00000000e6c00000| PB 0x00000000e6c00000| Untracked 
| 109|0x00000000e6d00000, 0x00000000e6d00000, 0x00000000e6e00000|  0%| F|  |TAMS 0x00000000e6d00000| PB 0x00000000e6d00000| Untracked 
| 110|0x00000000e6e00000, 0x00000000e6e00000, 0x00000000e6f00000|  0%| F|  |TAMS 0x00000000e6e00000| PB 0x00000000e6e00000| Untracked 
| 111|0x00000000e6f00000, 0x00000000e6f00000, 0x00000000e7000000|  0%| F|  |TAMS 0x00000000e6f00000| PB 0x00000000e6f00000| Untracked 
| 112|0x00000000e7000000, 0x00000000e7000000, 0x00000000e7100000|  0%| F|  |TAMS 0x00000000e7000000| PB 0x00000000e7000000| Untracked 
| 113|0x00000000e7100000, 0x00000000e7100000, 0x00000000e7200000|  0%| F|  |TAMS 0x00000000e7100000| PB 0x00000000e7100000| Untracked 
| 114|0x00000000e7200000, 0x00000000e7200000, 0x00000000e7300000|  0%| F|  |TAMS 0x00000000e7200000| PB 0x00000000e7200000| Untracked 
| 115|0x00000000e7300000, 0x00000000e7300000, 0x00000000e7400000|  0%| F|  |TAMS 0x00000000e7300000| PB 0x00000000e7300000| Untracked 
| 116|0x00000000e7400000, 0x00000000e7400000, 0x00000000e7500000|  0%| F|  |TAMS 0x00000000e7400000| PB 0x00000000e7400000| Untracked 
| 117|0x00000000e7500000, 0x00000000e7500000, 0x00000000e7600000|  0%| F|  |TAMS 0x00000000e7500000| PB 0x00000000e7500000| Untracked 
| 118|0x00000000e7600000, 0x00000000e7600000, 0x00000000e7700000|  0%| F|  |TAMS 0x00000000e7600000| PB 0x00000000e7600000| Untracked 
| 119|0x00000000e7700000, 0x00000000e7700000, 0x00000000e7800000|  0%| F|  |TAMS 0x00000000e7700000| PB 0x00000000e7700000| Untracked 
| 120|0x00000000e7800000, 0x00000000e7800000, 0x00000000e7900000|  0%| F|  |TAMS 0x00000000e7800000| PB 0x00000000e7800000| Untracked 
| 121|0x00000000e7900000, 0x00000000e7900000, 0x00000000e7a00000|  0%| F|  |TAMS 0x00000000e7900000| PB 0x00000000e7900000| Untracked 
| 122|0x00000000e7a00000, 0x00000000e7a00000, 0x00000000e7b00000|  0%| F|  |TAMS 0x00000000e7a00000| PB 0x00000000e7a00000| Untracked 
| 123|0x00000000e7b00000, 0x00000000e7b00000, 0x00000000e7c00000|  0%| F|  |TAMS 0x00000000e7b00000| PB 0x00000000e7b00000| Untracked 
| 124|0x00000000e7c00000, 0x00000000e7c00000, 0x00000000e7d00000|  0%| F|  |TAMS 0x00000000e7c00000| PB 0x00000000e7c00000| Untracked 
| 125|0x00000000e7d00000, 0x00000000e7d00000, 0x00000000e7e00000|  0%| F|  |TAMS 0x00000000e7d00000| PB 0x00000000e7d00000| Untracked 
| 126|0x00000000e7e00000, 0x00000000e7e00000, 0x00000000e7f00000|  0%| F|  |TAMS 0x00000000e7e00000| PB 0x00000000e7e00000| Untracked 
| 127|0x00000000e7f00000, 0x00000000e7f00000, 0x00000000e8000000|  0%| F|  |TAMS 0x00000000e7f00000| PB 0x00000000e7f00000| Untracked 
| 128|0x00000000e8000000, 0x00000000e8000000, 0x00000000e8100000|  0%| F|  |TAMS 0x00000000e8000000| PB 0x00000000e8000000| Untracked 
| 129|0x00000000e8100000, 0x00000000e8100000, 0x00000000e8200000|  0%| F|  |TAMS 0x00000000e8100000| PB 0x00000000e8100000| Untracked 
| 130|0x00000000e8200000, 0x00000000e8200000, 0x00000000e8300000|  0%| F|  |TAMS 0x00000000e8200000| PB 0x00000000e8200000| Untracked 
| 131|0x00000000e8300000, 0x00000000e8300000, 0x00000000e8400000|  0%| F|  |TAMS 0x00000000e8300000| PB 0x00000000e8300000| Untracked 
| 132|0x00000000e8400000, 0x00000000e8400000, 0x00000000e8500000|  0%| F|  |TAMS 0x00000000e8400000| PB 0x00000000e8400000| Untracked 
| 133|0x00000000e8500000, 0x00000000e8500000, 0x00000000e8600000|  0%| F|  |TAMS 0x00000000e8500000| PB 0x00000000e8500000| Untracked 
| 134|0x00000000e8600000, 0x00000000e8600000, 0x00000000e8700000|  0%| F|  |TAMS 0x00000000e8600000| PB 0x00000000e8600000| Untracked 
| 135|0x00000000e8700000, 0x00000000e8700000, 0x00000000e8800000|  0%| F|  |TAMS 0x00000000e8700000| PB 0x00000000e8700000| Untracked 
| 136|0x00000000e8800000, 0x00000000e8800000, 0x00000000e8900000|  0%| F|  |TAMS 0x00000000e8800000| PB 0x00000000e8800000| Untracked 
| 137|0x00000000e8900000, 0x00000000e8900000, 0x00000000e8a00000|  0%| F|  |TAMS 0x00000000e8900000| PB 0x00000000e8900000| Untracked 
| 138|0x00000000e8a00000, 0x00000000e8a00000, 0x00000000e8b00000|  0%| F|  |TAMS 0x00000000e8a00000| PB 0x00000000e8a00000| Untracked 
| 139|0x00000000e8b00000, 0x00000000e8b00000, 0x00000000e8c00000|  0%| F|  |TAMS 0x00000000e8b00000| PB 0x00000000e8b00000| Untracked 
| 140|0x00000000e8c00000, 0x00000000e8c00000, 0x00000000e8d00000|  0%| F|  |TAMS 0x00000000e8c00000| PB 0x00000000e8c00000| Untracked 
| 141|0x00000000e8d00000, 0x00000000e8d00000, 0x00000000e8e00000|  0%| F|  |TAMS 0x00000000e8d00000| PB 0x00000000e8d00000| Untracked 
| 142|0x00000000e8e00000, 0x00000000e8e00000, 0x00000000e8f00000|  0%| F|  |TAMS 0x00000000e8e00000| PB 0x00000000e8e00000| Untracked 
| 143|0x00000000e8f00000, 0x00000000e8f00000, 0x00000000e9000000|  0%| F|  |TAMS 0x00000000e8f00000| PB 0x00000000e8f00000| Untracked 
| 144|0x00000000e9000000, 0x00000000e9000000, 0x00000000e9100000|  0%| F|  |TAMS 0x00000000e9000000| PB 0x00000000e9000000| Untracked 
| 145|0x00000000e9100000, 0x00000000e9100000, 0x00000000e9200000|  0%| F|  |TAMS 0x00000000e9100000| PB 0x00000000e9100000| Untracked 
| 146|0x00000000e9200000, 0x00000000e9200000, 0x00000000e9300000|  0%| F|  |TAMS 0x00000000e9200000| PB 0x00000000e9200000| Untracked 
| 147|0x00000000e9300000, 0x00000000e9300000, 0x00000000e9400000|  0%| F|  |TAMS 0x00000000e9300000| PB 0x00000000e9300000| Untracked 
| 148|0x00000000e9400000, 0x00000000e9400000, 0x00000000e9500000|  0%| F|  |TAMS 0x00000000e9400000| PB 0x00000000e9400000| Untracked 
| 149|0x00000000e9500000, 0x00000000e9500000, 0x00000000e9600000|  0%| F|  |TAMS 0x00000000e9500000| PB 0x00000000e9500000| Untracked 
| 150|0x00000000e9600000, 0x00000000e9600000, 0x00000000e9700000|  0%| F|  |TAMS 0x00000000e9600000| PB 0x00000000e9600000| Untracked 
| 151|0x00000000e9700000, 0x00000000e9700000, 0x00000000e9800000|  0%| F|  |TAMS 0x00000000e9700000| PB 0x00000000e9700000| Untracked 
| 152|0x00000000e9800000, 0x00000000e9800000, 0x00000000e9900000|  0%| F|  |TAMS 0x00000000e9800000| PB 0x00000000e9800000| Untracked 
| 153|0x00000000e9900000, 0x00000000e9980000, 0x00000000e9a00000| 50%| E|  |TAMS 0x00000000e9900000| PB 0x00000000e9900000| Complete 
| 154|0x00000000e9a00000, 0x00000000e9b00000, 0x00000000e9b00000|100%| E|CS|TAMS 0x00000000e9a00000| PB 0x00000000e9a00000| Complete 
| 155|0x00000000e9b00000, 0x00000000e9c00000, 0x00000000e9c00000|100%| E|CS|TAMS 0x00000000e9b00000| PB 0x00000000e9b00000| Complete 
| 156|0x00000000e9c00000, 0x00000000e9d00000, 0x00000000e9d00000|100%| E|CS|TAMS 0x00000000e9c00000| PB 0x00000000e9c00000| Complete 
| 157|0x00000000e9d00000, 0x00000000e9e00000, 0x00000000e9e00000|100%| E|CS|TAMS 0x00000000e9d00000| PB 0x00000000e9d00000| Complete 
| 158|0x00000000e9e00000, 0x00000000e9f00000, 0x00000000e9f00000|100%| E|CS|TAMS 0x00000000e9e00000| PB 0x00000000e9e00000| Complete 
| 159|0x00000000e9f00000, 0x00000000ea000000, 0x00000000ea000000|100%| E|CS|TAMS 0x00000000e9f00000| PB 0x00000000e9f00000| Complete 
| 160|0x00000000ea000000, 0x00000000ea100000, 0x00000000ea100000|100%| E|CS|TAMS 0x00000000ea000000| PB 0x00000000ea000000| Complete 
| 161|0x00000000ea100000, 0x00000000ea200000, 0x00000000ea200000|100%| E|CS|TAMS 0x00000000ea100000| PB 0x00000000ea100000| Complete 
| 162|0x00000000ea200000, 0x00000000ea300000, 0x00000000ea300000|100%| E|CS|TAMS 0x00000000ea200000| PB 0x00000000ea200000| Complete 
| 163|0x00000000ea300000, 0x00000000ea400000, 0x00000000ea400000|100%| E|CS|TAMS 0x00000000ea300000| PB 0x00000000ea300000| Complete 
| 164|0x00000000ea400000, 0x00000000ea500000, 0x00000000ea500000|100%| E|CS|TAMS 0x00000000ea400000| PB 0x00000000ea400000| Complete 
| 165|0x00000000ea500000, 0x00000000ea600000, 0x00000000ea600000|100%| E|CS|TAMS 0x00000000ea500000| PB 0x00000000ea500000| Complete 
| 166|0x00000000ea600000, 0x00000000ea700000, 0x00000000ea700000|100%| E|CS|TAMS 0x00000000ea600000| PB 0x00000000ea600000| Complete 
| 167|0x00000000ea700000, 0x00000000ea800000, 0x00000000ea800000|100%| E|CS|TAMS 0x00000000ea700000| PB 0x00000000ea700000| Complete 
| 168|0x00000000ea800000, 0x00000000ea900000, 0x00000000ea900000|100%| E|CS|TAMS 0x00000000ea800000| PB 0x00000000ea800000| Complete 
| 169|0x00000000ea900000, 0x00000000eaa00000, 0x00000000eaa00000|100%| E|CS|TAMS 0x00000000ea900000| PB 0x00000000ea900000| Complete 
| 170|0x00000000eaa00000, 0x00000000eab00000, 0x00000000eab00000|100%| E|CS|TAMS 0x00000000eaa00000| PB 0x00000000eaa00000| Complete 
| 171|0x00000000eab00000, 0x00000000eac00000, 0x00000000eac00000|100%| E|CS|TAMS 0x00000000eab00000| PB 0x00000000eab00000| Complete 
| 172|0x00000000eac00000, 0x00000000ead00000, 0x00000000ead00000|100%| E|CS|TAMS 0x00000000eac00000| PB 0x00000000eac00000| Complete 
| 173|0x00000000ead00000, 0x00000000eae00000, 0x00000000eae00000|100%| E|CS|TAMS 0x00000000ead00000| PB 0x00000000ead00000| Complete 
| 174|0x00000000eae00000, 0x00000000eaf00000, 0x00000000eaf00000|100%| E|CS|TAMS 0x00000000eae00000| PB 0x00000000eae00000| Complete 
| 175|0x00000000eaf00000, 0x00000000eb000000, 0x00000000eb000000|100%| E|CS|TAMS 0x00000000eaf00000| PB 0x00000000eaf00000| Complete 
| 176|0x00000000eb000000, 0x00000000eb100000, 0x00000000eb100000|100%| E|CS|TAMS 0x00000000eb000000| PB 0x00000000eb000000| Complete 
| 177|0x00000000eb100000, 0x00000000eb200000, 0x00000000eb200000|100%| E|CS|TAMS 0x00000000eb100000| PB 0x00000000eb100000| Complete 
| 178|0x00000000eb200000, 0x00000000eb300000, 0x00000000eb300000|100%| E|CS|TAMS 0x00000000eb200000| PB 0x00000000eb200000| Complete 
| 179|0x00000000eb300000, 0x00000000eb400000, 0x00000000eb400000|100%| E|CS|TAMS 0x00000000eb300000| PB 0x00000000eb300000| Complete 
| 180|0x00000000eb400000, 0x00000000eb500000, 0x00000000eb500000|100%| E|CS|TAMS 0x00000000eb400000| PB 0x00000000eb400000| Complete 
| 181|0x00000000eb500000, 0x00000000eb600000, 0x00000000eb600000|100%| E|CS|TAMS 0x00000000eb500000| PB 0x00000000eb500000| Complete 
| 182|0x00000000eb600000, 0x00000000eb700000, 0x00000000eb700000|100%| E|CS|TAMS 0x00000000eb600000| PB 0x00000000eb600000| Complete 
| 183|0x00000000eb700000, 0x00000000eb800000, 0x00000000eb800000|100%| E|CS|TAMS 0x00000000eb700000| PB 0x00000000eb700000| Complete 
| 184|0x00000000eb800000, 0x00000000eb900000, 0x00000000eb900000|100%| E|CS|TAMS 0x00000000eb800000| PB 0x00000000eb800000| Complete 
| 185|0x00000000eb900000, 0x00000000eba00000, 0x00000000eba00000|100%| E|CS|TAMS 0x00000000eb900000| PB 0x00000000eb900000| Complete 
| 186|0x00000000eba00000, 0x00000000ebb00000, 0x00000000ebb00000|100%| E|CS|TAMS 0x00000000eba00000| PB 0x00000000eba00000| Complete 
| 187|0x00000000ebb00000, 0x00000000ebc00000, 0x00000000ebc00000|100%| E|CS|TAMS 0x00000000ebb00000| PB 0x00000000ebb00000| Complete 
| 188|0x00000000ebc00000, 0x00000000ebd00000, 0x00000000ebd00000|100%| E|CS|TAMS 0x00000000ebc00000| PB 0x00000000ebc00000| Complete 
| 189|0x00000000ebd00000, 0x00000000ebe00000, 0x00000000ebe00000|100%| E|CS|TAMS 0x00000000ebd00000| PB 0x00000000ebd00000| Complete 
| 190|0x00000000ebe00000, 0x00000000ebf00000, 0x00000000ebf00000|100%| E|CS|TAMS 0x00000000ebe00000| PB 0x00000000ebe00000| Complete 
| 191|0x00000000ebf00000, 0x00000000ec000000, 0x00000000ec000000|100%| E|CS|TAMS 0x00000000ebf00000| PB 0x00000000ebf00000| Complete 
| 192|0x00000000ec000000, 0x00000000ec100000, 0x00000000ec100000|100%| E|CS|TAMS 0x00000000ec000000| PB 0x00000000ec000000| Complete 
| 193|0x00000000ec100000, 0x00000000ec200000, 0x00000000ec200000|100%| E|CS|TAMS 0x00000000ec100000| PB 0x00000000ec100000| Complete 
| 194|0x00000000ec200000, 0x00000000ec300000, 0x00000000ec300000|100%| E|CS|TAMS 0x00000000ec200000| PB 0x00000000ec200000| Complete 
| 195|0x00000000ec300000, 0x00000000ec400000, 0x00000000ec400000|100%| E|CS|TAMS 0x00000000ec300000| PB 0x00000000ec300000| Complete 
| 196|0x00000000ec400000, 0x00000000ec500000, 0x00000000ec500000|100%| E|CS|TAMS 0x00000000ec400000| PB 0x00000000ec400000| Complete 
| 197|0x00000000ec500000, 0x00000000ec600000, 0x00000000ec600000|100%| E|CS|TAMS 0x00000000ec500000| PB 0x00000000ec500000| Complete 
| 198|0x00000000ec600000, 0x00000000ec700000, 0x00000000ec700000|100%| E|CS|TAMS 0x00000000ec600000| PB 0x00000000ec600000| Complete 
| 199|0x00000000ec700000, 0x00000000ec800000, 0x00000000ec800000|100%| E|CS|TAMS 0x00000000ec700000| PB 0x00000000ec700000| Complete 
| 200|0x00000000ec800000, 0x00000000ec900000, 0x00000000ec900000|100%| E|CS|TAMS 0x00000000ec800000| PB 0x00000000ec800000| Complete 
| 201|0x00000000ec900000, 0x00000000eca00000, 0x00000000eca00000|100%| E|CS|TAMS 0x00000000ec900000| PB 0x00000000ec900000| Complete 
| 202|0x00000000eca00000, 0x00000000ecb00000, 0x00000000ecb00000|100%| E|CS|TAMS 0x00000000eca00000| PB 0x00000000eca00000| Complete 
| 203|0x00000000ecb00000, 0x00000000ecc00000, 0x00000000ecc00000|100%| E|CS|TAMS 0x00000000ecb00000| PB 0x00000000ecb00000| Complete 
| 204|0x00000000ecc00000, 0x00000000ecd00000, 0x00000000ecd00000|100%| E|CS|TAMS 0x00000000ecc00000| PB 0x00000000ecc00000| Complete 
| 205|0x00000000ecd00000, 0x00000000ece00000, 0x00000000ece00000|100%| E|CS|TAMS 0x00000000ecd00000| PB 0x00000000ecd00000| Complete 
| 206|0x00000000ece00000, 0x00000000ecf00000, 0x00000000ecf00000|100%| E|CS|TAMS 0x00000000ece00000| PB 0x00000000ece00000| Complete 
| 207|0x00000000ecf00000, 0x00000000ed000000, 0x00000000ed000000|100%| E|CS|TAMS 0x00000000ecf00000| PB 0x00000000ecf00000| Complete 
| 208|0x00000000ed000000, 0x00000000ed100000, 0x00000000ed100000|100%| E|CS|TAMS 0x00000000ed000000| PB 0x00000000ed000000| Complete 
| 209|0x00000000ed100000, 0x00000000ed200000, 0x00000000ed200000|100%| E|CS|TAMS 0x00000000ed100000| PB 0x00000000ed100000| Complete 
| 210|0x00000000ed200000, 0x00000000ed300000, 0x00000000ed300000|100%| E|CS|TAMS 0x00000000ed200000| PB 0x00000000ed200000| Complete 
| 211|0x00000000ed300000, 0x00000000ed400000, 0x00000000ed400000|100%| E|CS|TAMS 0x00000000ed300000| PB 0x00000000ed300000| Complete 
| 212|0x00000000ed400000, 0x00000000ed500000, 0x00000000ed500000|100%| E|CS|TAMS 0x00000000ed400000| PB 0x00000000ed400000| Complete 
| 213|0x00000000ed500000, 0x00000000ed600000, 0x00000000ed600000|100%| E|CS|TAMS 0x00000000ed500000| PB 0x00000000ed500000| Complete 
| 214|0x00000000ed600000, 0x00000000ed700000, 0x00000000ed700000|100%| E|CS|TAMS 0x00000000ed600000| PB 0x00000000ed600000| Complete 
| 215|0x00000000ed700000, 0x00000000ed800000, 0x00000000ed800000|100%| E|CS|TAMS 0x00000000ed700000| PB 0x00000000ed700000| Complete 
| 216|0x00000000ed800000, 0x00000000ed900000, 0x00000000ed900000|100%| E|CS|TAMS 0x00000000ed800000| PB 0x00000000ed800000| Complete 
| 217|0x00000000ed900000, 0x00000000eda00000, 0x00000000eda00000|100%| E|CS|TAMS 0x00000000ed900000| PB 0x00000000ed900000| Complete 
| 218|0x00000000eda00000, 0x00000000edb00000, 0x00000000edb00000|100%| E|CS|TAMS 0x00000000eda00000| PB 0x00000000eda00000| Complete 
| 219|0x00000000edb00000, 0x00000000edc00000, 0x00000000edc00000|100%| E|CS|TAMS 0x00000000edb00000| PB 0x00000000edb00000| Complete 
| 220|0x00000000edc00000, 0x00000000edd00000, 0x00000000edd00000|100%| E|CS|TAMS 0x00000000edc00000| PB 0x00000000edc00000| Complete 
| 221|0x00000000edd00000, 0x00000000edd92770, 0x00000000ede00000| 57%| S|CS|TAMS 0x00000000edd00000| PB 0x00000000edd00000| Complete 
| 222|0x00000000ede00000, 0x00000000edf00000, 0x00000000edf00000|100%| S|CS|TAMS 0x00000000ede00000| PB 0x00000000ede00000| Complete 
| 223|0x00000000edf00000, 0x00000000ee000000, 0x00000000ee000000|100%| E|CS|TAMS 0x00000000edf00000| PB 0x00000000edf00000| Complete 
| 224|0x00000000ee000000, 0x00000000ee100000, 0x00000000ee100000|100%| E|CS|TAMS 0x00000000ee000000| PB 0x00000000ee000000| Complete 
| 225|0x00000000ee100000, 0x00000000ee200000, 0x00000000ee200000|100%| E|CS|TAMS 0x00000000ee100000| PB 0x00000000ee100000| Complete 
| 226|0x00000000ee200000, 0x00000000ee300000, 0x00000000ee300000|100%| E|CS|TAMS 0x00000000ee200000| PB 0x00000000ee200000| Complete 
| 227|0x00000000ee300000, 0x00000000ee400000, 0x00000000ee400000|100%| E|CS|TAMS 0x00000000ee300000| PB 0x00000000ee300000| Complete 
| 228|0x00000000ee400000, 0x00000000ee500000, 0x00000000ee500000|100%| E|CS|TAMS 0x00000000ee400000| PB 0x00000000ee400000| Complete 
| 229|0x00000000ee500000, 0x00000000ee600000, 0x00000000ee600000|100%| E|CS|TAMS 0x00000000ee500000| PB 0x00000000ee500000| Complete 
| 230|0x00000000ee600000, 0x00000000ee700000, 0x00000000ee700000|100%| E|CS|TAMS 0x00000000ee600000| PB 0x00000000ee600000| Complete 
| 231|0x00000000ee700000, 0x00000000ee800000, 0x00000000ee800000|100%| E|CS|TAMS 0x00000000ee700000| PB 0x00000000ee700000| Complete 
| 232|0x00000000ee800000, 0x00000000ee900000, 0x00000000ee900000|100%| E|CS|TAMS 0x00000000ee800000| PB 0x00000000ee800000| Complete 
| 233|0x00000000ee900000, 0x00000000eea00000, 0x00000000eea00000|100%| E|CS|TAMS 0x00000000ee900000| PB 0x00000000ee900000| Complete 
| 234|0x00000000eea00000, 0x00000000eeb00000, 0x00000000eeb00000|100%| E|CS|TAMS 0x00000000eea00000| PB 0x00000000eea00000| Complete 
| 235|0x00000000eeb00000, 0x00000000eec00000, 0x00000000eec00000|100%| E|CS|TAMS 0x00000000eeb00000| PB 0x00000000eeb00000| Complete 
| 236|0x00000000eec00000, 0x00000000eed00000, 0x00000000eed00000|100%| E|CS|TAMS 0x00000000eec00000| PB 0x00000000eec00000| Complete 
| 237|0x00000000eed00000, 0x00000000eee00000, 0x00000000eee00000|100%| E|CS|TAMS 0x00000000eed00000| PB 0x00000000eed00000| Complete 
| 238|0x00000000eee00000, 0x00000000eef00000, 0x00000000eef00000|100%| E|CS|TAMS 0x00000000eee00000| PB 0x00000000eee00000| Complete 
| 239|0x00000000eef00000, 0x00000000ef000000, 0x00000000ef000000|100%| E|CS|TAMS 0x00000000eef00000| PB 0x00000000eef00000| Complete 
| 240|0x00000000ef000000, 0x00000000ef100000, 0x00000000ef100000|100%| E|CS|TAMS 0x00000000ef000000| PB 0x00000000ef000000| Complete 
| 241|0x00000000ef100000, 0x00000000ef200000, 0x00000000ef200000|100%| E|CS|TAMS 0x00000000ef100000| PB 0x00000000ef100000| Complete 
| 242|0x00000000ef200000, 0x00000000ef300000, 0x00000000ef300000|100%| E|CS|TAMS 0x00000000ef200000| PB 0x00000000ef200000| Complete 
| 243|0x00000000ef300000, 0x00000000ef400000, 0x00000000ef400000|100%| E|CS|TAMS 0x00000000ef300000| PB 0x00000000ef300000| Complete 
| 244|0x00000000ef400000, 0x00000000ef500000, 0x00000000ef500000|100%| E|CS|TAMS 0x00000000ef400000| PB 0x00000000ef400000| Complete 
| 245|0x00000000ef500000, 0x00000000ef600000, 0x00000000ef600000|100%| E|CS|TAMS 0x00000000ef500000| PB 0x00000000ef500000| Complete 
| 246|0x00000000ef600000, 0x00000000ef700000, 0x00000000ef700000|100%| E|CS|TAMS 0x00000000ef600000| PB 0x00000000ef600000| Complete 
| 247|0x00000000ef700000, 0x00000000ef800000, 0x00000000ef800000|100%| E|CS|TAMS 0x00000000ef700000| PB 0x00000000ef700000| Complete 
| 248|0x00000000ef800000, 0x00000000ef900000, 0x00000000ef900000|100%| E|CS|TAMS 0x00000000ef800000| PB 0x00000000ef800000| Complete 
| 249|0x00000000ef900000, 0x00000000efa00000, 0x00000000efa00000|100%| E|CS|TAMS 0x00000000ef900000| PB 0x00000000ef900000| Complete 
| 250|0x00000000efa00000, 0x00000000efb00000, 0x00000000efb00000|100%| E|CS|TAMS 0x00000000efa00000| PB 0x00000000efa00000| Complete 
| 251|0x00000000efb00000, 0x00000000efc00000, 0x00000000efc00000|100%| E|CS|TAMS 0x00000000efb00000| PB 0x00000000efb00000| Complete 
| 252|0x00000000efc00000, 0x00000000efd00000, 0x00000000efd00000|100%| E|CS|TAMS 0x00000000efc00000| PB 0x00000000efc00000| Complete 
| 253|0x00000000efd00000, 0x00000000efe00000, 0x00000000efe00000|100%| E|CS|TAMS 0x00000000efd00000| PB 0x00000000efd00000| Complete 
| 254|0x00000000efe00000, 0x00000000eff00000, 0x00000000eff00000|100%| E|CS|TAMS 0x00000000efe00000| PB 0x00000000efe00000| Complete 
| 255|0x00000000eff00000, 0x00000000f0000000, 0x00000000f0000000|100%| E|CS|TAMS 0x00000000eff00000| PB 0x00000000eff00000| Complete 

Card table byte_map: [0x000001a274500000,0x000001a274600000] _byte_map_base: 0x000001a273e00000

Marking Bits: (CMBitMap*) 0x000001a270ee9d90
 Bits: [0x000001a274600000, 0x000001a274e00000)

Polling page: 0x000001a26ed70000

Metaspace:

Usage:
  Non-class:     14.43 MB used.
      Class:      2.39 MB used.
       Both:     16.82 MB used.

Virtual space:
  Non-class space:       64.00 MB reserved,      14.69 MB ( 23%) committed,  1 nodes.
      Class space:      320.00 MB reserved,       2.62 MB ( <1%) committed,  1 nodes.
             Both:      384.00 MB reserved,      17.31 MB (  5%) committed. 

Chunk freelists:
   Non-Class:  1008.00 KB
       Class:  13.41 MB
        Both:  14.39 MB

MaxMetaspaceSize: 384.00 MB
CompressedClassSpaceSize: 320.00 MB
Initial GC threshold: 21.00 MB
Current GC threshold: 21.00 MB
CDS: on
 - commit_granule_bytes: 65536.
 - commit_granule_words: 8192.
 - virtual_space_node_default_size: 8388608.
 - enlarge_chunks_in_place: 1.
 - use_allocation_guard: 0.


Internal statistics:

num_allocs_failed_limit: 0.
num_arena_births: 674.
num_arena_deaths: 0.
num_vsnodes_births: 2.
num_vsnodes_deaths: 0.
num_space_committed: 277.
num_space_uncommitted: 0.
num_chunks_returned_to_freelist: 0.
num_chunks_taken_from_freelist: 1297.
num_chunk_merges: 0.
num_chunk_splits: 846.
num_chunks_enlarged: 582.
num_inconsistent_stats: 0.

CodeHeap 'non-profiled nmethods': size=120000Kb used=1526Kb max_used=1526Kb free=118473Kb
 bounds [0x000001a207ad0000, 0x000001a207d40000, 0x000001a20f000000]
CodeHeap 'profiled nmethods': size=120000Kb used=5976Kb max_used=5976Kb free=114023Kb
 bounds [0x000001a200000000, 0x000001a2005e0000, 0x000001a207530000]
CodeHeap 'non-nmethods': size=5760Kb used=1416Kb max_used=1446Kb free=4343Kb
 bounds [0x000001a207530000, 0x000001a2077a0000, 0x000001a207ad0000]
CodeCache: size=245760Kb, used=8918Kb, max_used=8948Kb, free=236839Kb
 total_blobs=3547, nmethods=2975, adapters=476, full_count=0
Compilation: enabled, stopped_count=0, restarted_count=0

Compilation events (20 events):
Event: 54.832 Thread 0x000001a27788e130 nmethod 2962 0x000001a2005c8f90 code [0x000001a2005c9540, 0x000001a2005cc070]
Event: 54.905 Thread 0x000001a27788e130 2963       3       java.lang.Package$VersionInfo::<init> (44 bytes)
Event: 54.905 Thread 0x000001a27788e130 nmethod 2963 0x000001a2005cd290 code [0x000001a2005cd460, 0x000001a2005cd858]
Event: 54.906 Thread 0x000001a27788e130 2964       3       org.gradle.internal.service.ServiceScopeValidator::validateScope (95 bytes)
Event: 54.907 Thread 0x000001a27788e130 nmethod 2964 0x000001a2005cd910 code [0x000001a2005cdce0, 0x000001a2005cf4a8]
Event: 54.922 Thread 0x000001a277886ba0 2965       4       java.lang.ClassNotFoundException::<init> (7 bytes)
Event: 54.926 Thread 0x000001a277886ba0 nmethod 2965 0x000001a207c4a510 code [0x000001a207c4a6e0, 0x000001a207c4ae40]
Event: 55.069 Thread 0x000001a27788e130 2966   !   3       org.gradle.internal.classloader.TransformingClassLoader::findClass (203 bytes)
Event: 55.071 Thread 0x000001a27788e130 nmethod 2966 0x000001a2005cfc90 code [0x000001a2005d01a0, 0x000001a2005d2520]
Event: 55.148 Thread 0x000001a277886ba0 2967       4       java.lang.Class::cast (27 bytes)
Event: 55.149 Thread 0x000001a277886ba0 nmethod 2967 0x000001a207c4af90 code [0x000001a207c4b120, 0x000001a207c4b238]
Event: 55.243 Thread 0x000001a277886ba0 2968       4       java.security.CodeSource::getCertificates (95 bytes)
Event: 55.243 Thread 0x000001a277886ba0 nmethod 2968 0x000001a207c4b310 code [0x000001a207c4b4a0, 0x000001a207c4b570]
Event: 56.295 Thread 0x000001a27788e130 2969       3       java.util.ComparableTimSort::reverseRange (32 bytes)
Event: 56.296 Thread 0x000001a27788e130 nmethod 2969 0x000001a2005d3490 code [0x000001a2005d3660, 0x000001a2005d3b50]
Event: 56.296 Thread 0x000001a27788e130 2971       3       java.util.ComparableTimSort::binarySort (223 bytes)
Event: 56.297 Thread 0x000001a27788e130 nmethod 2971 0x000001a2005d3d10 code [0x000001a2005d3f40, 0x000001a2005d4b00]
Event: 56.297 Thread 0x000001a27788e130 2970       3       java.util.ComparableTimSort::countRunAndMakeAscending (123 bytes)
Event: 56.298 Thread 0x000001a27788e130 nmethod 2970 0x000001a2005d4e10 code [0x000001a2005d5060, 0x000001a2005d5a88]
Event: 57.706 Thread 0x000001a27788e130 2973       3       javax.management.ObjectName::<init> (15 bytes)

GC Heap History (4 events):
Event: 2.525 GC heap before
{Heap before GC invocations=0 (full 0):
 garbage-first heap   total 262144K, used 26624K [0x00000000e0000000, 0x0000000100000000)
  region size 1024K, 23 young (23552K), 0 survivors (0K)
 Metaspace       used 1133K, committed 1280K, reserved 393216K
  class space    used 83K, committed 128K, reserved 327680K
}
Event: 2.548 GC heap after
{Heap after GC invocations=1 (full 0):
 garbage-first heap   total 262144K, used 10330K [0x00000000e0000000, 0x0000000100000000)
  region size 1024K, 3 young (3072K), 3 survivors (3072K)
 Metaspace       used 1133K, committed 1280K, reserved 393216K
  class space    used 83K, committed 128K, reserved 327680K
}
Event: 10.064 GC heap before
{Heap before GC invocations=1 (full 0):
 garbage-first heap   total 262144K, used 41050K [0x00000000e0000000, 0x0000000100000000)
  region size 1024K, 33 young (33792K), 3 survivors (3072K)
 Metaspace       used 4339K, committed 4544K, reserved 393216K
  class space    used 546K, committed 640K, reserved 327680K
}
Event: 10.069 GC heap after
{Heap after GC invocations=2 (full 0):
 garbage-first heap   total 262144K, used 12412K [0x00000000e0000000, 0x0000000100000000)
  region size 1024K, 2 young (2048K), 2 survivors (2048K)
 Metaspace       used 4339K, committed 4544K, reserved 393216K
  class space    used 546K, committed 640K, reserved 327680K
}

Dll operation events (14 events):
Event: 0.053 Loaded shared library C:\Users\USER\.vscode\extensions\redhat.java-1.55.0-win32-x64\jre\21.0.11-win32-x86_64\bin\java.dll
Event: 0.298 Loaded shared library C:\Users\USER\.vscode\extensions\redhat.java-1.55.0-win32-x64\jre\21.0.11-win32-x86_64\bin\zip.dll
Event: 0.372 Loaded shared library C:\Users\USER\.vscode\extensions\redhat.java-1.55.0-win32-x64\jre\21.0.11-win32-x86_64\bin\instrument.dll
Event: 0.387 Loaded shared library C:\Users\USER\.vscode\extensions\redhat.java-1.55.0-win32-x64\jre\21.0.11-win32-x86_64\bin\net.dll
Event: 0.394 Loaded shared library C:\Users\USER\.vscode\extensions\redhat.java-1.55.0-win32-x64\jre\21.0.11-win32-x86_64\bin\nio.dll
Event: 0.401 Loaded shared library C:\Users\USER\.vscode\extensions\redhat.java-1.55.0-win32-x64\jre\21.0.11-win32-x86_64\bin\zip.dll
Event: 1.514 Loaded shared library C:\Users\USER\.vscode\extensions\redhat.java-1.55.0-win32-x64\jre\21.0.11-win32-x86_64\bin\jimage.dll
Event: 2.559 Loaded shared library C:\Users\USER\.vscode\extensions\redhat.java-1.55.0-win32-x64\jre\21.0.11-win32-x86_64\bin\verify.dll
Event: 3.602 Loaded shared library C:\Users\USER\.gradle\native\c067742578af261105cb4f569cf0c3c89f3d7b1fecec35dd04571415982c5e48\windows-amd64\native-platform.dll
Event: 3.757 Loaded shared library C:\Users\USER\.gradle\native\100fb08df4bc3b14c8652ba06237920a3bd2aa13389f12d3474272988ae205f9\windows-amd64\native-platform-file-events.dll
Event: 26.174 Loaded shared library C:\Users\USER\.vscode\extensions\redhat.java-1.55.0-win32-x64\jre\21.0.11-win32-x86_64\bin\management.dll
Event: 26.215 Loaded shared library C:\Users\USER\.vscode\extensions\redhat.java-1.55.0-win32-x64\jre\21.0.11-win32-x86_64\bin\management_ext.dll
Event: 28.696 Loaded shared library C:\Users\USER\.vscode\extensions\redhat.java-1.55.0-win32-x64\jre\21.0.11-win32-x86_64\bin\extnet.dll
Event: 37.410 Loaded shared library C:\Users\USER\.vscode\extensions\redhat.java-1.55.0-win32-x64\jre\21.0.11-win32-x86_64\bin\sunmscapi.dll

Deoptimization events (20 events):
Event: 51.397 Thread 0x000001a27d264880 Uncommon trap: trap_request=0xffffff45 fr.pc=0x000001a207af8174 relative=0x0000000000000cf4
Event: 51.397 Thread 0x000001a27d264880 Uncommon trap: reason=unstable_if action=reinterpret pc=0x000001a207af8174 method=java.io.WinNTFileSystem.resolve(Ljava/lang/String;Ljava/lang/String;)Ljava/lang/String; @ 19 c2
Event: 51.397 Thread 0x000001a27d264880 DEOPT PACKING pc=0x000001a207af8174 sp=0x0000009c915fbc40
Event: 51.397 Thread 0x000001a27d264880 DEOPT UNPACKING pc=0x000001a207584422 sp=0x0000009c915fbbd8 mode 2
Event: 51.452 Thread 0x000001a27d264880 Uncommon trap: trap_request=0xffffff45 fr.pc=0x000001a207b60794 relative=0x0000000000000634
Event: 51.452 Thread 0x000001a27d264880 Uncommon trap: reason=unstable_if action=reinterpret pc=0x000001a207b60794 method=java.io.File.getName()Ljava/lang/String; @ 16 c2
Event: 51.452 Thread 0x000001a27d264880 DEOPT PACKING pc=0x000001a207b60794 sp=0x0000009c915fbc00
Event: 51.452 Thread 0x000001a27d264880 DEOPT UNPACKING pc=0x000001a207584422 sp=0x0000009c915fbbd0 mode 2
Event: 52.636 Thread 0x000001a27d264880 Uncommon trap: trap_request=0xffffff45 fr.pc=0x000001a207afa894 relative=0x00000000000000f4
Event: 52.636 Thread 0x000001a27d264880 Uncommon trap: reason=unstable_if action=reinterpret pc=0x000001a207afa894 method=java.util.HashMap.hash(Ljava/lang/Object;)I @ 1 c2
Event: 52.636 Thread 0x000001a27d264880 DEOPT PACKING pc=0x000001a207afa894 sp=0x0000009c915fc9c0
Event: 52.636 Thread 0x000001a27d264880 DEOPT UNPACKING pc=0x000001a207584422 sp=0x0000009c915fc900 mode 2
Event: 54.003 Thread 0x000001a27d264880 Uncommon trap: trap_request=0xffffffcc fr.pc=0x000001a207c37c7c relative=0x000000000000033c
Event: 54.003 Thread 0x000001a27d264880 Uncommon trap: reason=intrinsic_or_type_checked_inlining action=make_not_entrant pc=0x000001a207c37c7c method=java.util.Arrays.copyOf([Ljava/lang/Object;ILjava/lang/Class;)[Ljava/lang/Object; @ 35 c2
Event: 54.003 Thread 0x000001a27d264880 DEOPT PACKING pc=0x000001a207c37c7c sp=0x0000009c915fcec0
Event: 54.003 Thread 0x000001a27d264880 DEOPT UNPACKING pc=0x000001a207584422 sp=0x0000009c915fce68 mode 2
Event: 54.465 Thread 0x000001a27d264880 Uncommon trap: trap_request=0xfffffff4 fr.pc=0x000001a207b54bcc relative=0x00000000000004cc
Event: 54.465 Thread 0x000001a27d264880 Uncommon trap: reason=null_check action=make_not_entrant pc=0x000001a207b54bcc method=java.io.File.equals(Ljava/lang/Object;)Z @ 1 c2
Event: 54.465 Thread 0x000001a27d264880 DEOPT PACKING pc=0x000001a207b54bcc sp=0x0000009c915fd700
Event: 54.465 Thread 0x000001a27d264880 DEOPT UNPACKING pc=0x000001a207584422 sp=0x0000009c915fd6b8 mode 2

Classes loaded (20 events):
Event: 54.075 Loading class java/lang/invoke/BoundMethodHandle$Species_LLLLLLLLLLLLLLL
Event: 54.075 Loading class java/lang/invoke/BoundMethodHandle$Species_LLLLLLLLLLLLLLL done
Event: 54.117 Loading class java/lang/invoke/BoundMethodHandle$Species_LLLLLLLLLLLLLLLL
Event: 54.117 Loading class java/lang/invoke/BoundMethodHandle$Species_LLLLLLLLLLLLLLLL done
Event: 54.120 Loading class java/lang/invoke/BoundMethodHandle$Species_LLLLLLLLLLLLLLLLL
Event: 54.120 Loading class java/lang/invoke/BoundMethodHandle$Species_LLLLLLLLLLLLLLLLL done
Event: 54.122 Loading class java/lang/invoke/BoundMethodHandle$Species_LLLLLLLLLLLLLLLLLL
Event: 54.122 Loading class java/lang/invoke/BoundMethodHandle$Species_LLLLLLLLLLLLLLLLLL done
Event: 54.152 Loading class java/lang/invoke/BoundMethodHandle$Species_LLLLLLLLLLLLLLLLLLL
Event: 54.152 Loading class java/lang/invoke/BoundMethodHandle$Species_LLLLLLLLLLLLLLLLLLL done
Event: 54.198 Loading class java/lang/invoke/BoundMethodHandle$Species_LLLLLLLLLLLLLLLLLLLL
Event: 54.198 Loading class java/lang/invoke/BoundMethodHandle$Species_LLLLLLLLLLLLLLLLLLLL done
Event: 54.227 Loading class java/lang/invoke/BoundMethodHandle$Species_LLLLLLLLLLLLLLLLLLLLL
Event: 54.227 Loading class java/lang/invoke/BoundMethodHandle$Species_LLLLLLLLLLLLLLLLLLLLL done
Event: 54.236 Loading class java/lang/invoke/BoundMethodHandle$Species_LLLLLLLLLLLLLLLLLLLLLL
Event: 54.236 Loading class java/lang/invoke/BoundMethodHandle$Species_LLLLLLLLLLLLLLLLLLLLLL done
Event: 54.274 Loading class java/lang/invoke/BoundMethodHandle$Species_LLLLLLLLLLLLLLLLLLLLLLL
Event: 54.274 Loading class java/lang/invoke/BoundMethodHandle$Species_LLLLLLLLLLLLLLLLLLLLLLL done
Event: 55.222 Loading class java/util/function/LongFunction
Event: 55.222 Loading class java/util/function/LongFunction done

Classes unloaded (0 events):
No events

Classes redefined (0 events):
No events

Internal exceptions (20 events):
Event: 44.652 Thread 0x000001a27d264880 Exception <a 'java/lang/IncompatibleClassChangeError'{0x00000000eadc0e10}: Found class java.lang.Object, but interface was expected> (0x00000000eadc0e10) 
thrown [s\src\hotspot\share\interpreter\linkResolver.cpp, line 840]
Event: 44.885 Thread 0x000001a27d264880 Exception <a 'java/lang/NoSuchMethodError'{0x00000000eace05c8}: 'java.lang.Object java.lang.invoke.DirectMethodHandle$Holder.newInvokeSpecial(java.lang.Object, java.lang.Object, int)'> (0x00000000eace05c8) 
thrown [s\src\hotspot\share\interpreter\linkResolver.cpp, line 773]
Event: 45.461 Thread 0x000001a27d264880 Exception <a 'java/lang/NoSuchMethodError'{0x00000000eabf0880}: 'java.lang.Object java.lang.invoke.DirectMethodHandle$Holder.invokeVirtual(java.lang.Object, java.lang.Object, java.lang.Object, java.lang.Object, java.lang.Object, java.lang.Object, java.lang.Object, java.lang.Object)'> (0x00000000eabf0880) 
thrown [s\src\hotspot\share\interpreter\linkResolver.cpp, line 773]
Event: 52.335 Thread 0x000001a27d264880 Exception <a 'java/lang/NoSuchMethodError'{0x00000000ea457688}: 'int java.lang.invoke.DirectMethodHandle$Holder.invokeSpecialIFC(java.lang.Object, java.lang.Object, java.lang.Object, java.lang.Object)'> (0x00000000ea457688) 
thrown [s\src\hotspot\share\interpreter\linkResolver.cpp, line 773]
Event: 52.372 Thread 0x000001a27d264880 Exception <a 'java/lang/NoSuchMethodError'{0x00000000ea46a720}: 'java.lang.Object java.lang.invoke.DirectMethodHandle$Holder.invokeInterface(java.lang.Object, java.lang.Object, java.lang.Object)'> (0x00000000ea46a720) 
thrown [s\src\hotspot\share\interpreter\linkResolver.cpp, line 773]
Event: 52.372 Thread 0x000001a27d264880 Exception <a 'java/lang/IncompatibleClassChangeError'{0x00000000ea46e078}: Found class java.lang.Object, but interface was expected> (0x00000000ea46e078) 
thrown [s\src\hotspot\share\interpreter\linkResolver.cpp, line 840]
Event: 52.636 Thread 0x000001a27d264880 Implicit null exception at 0x000001a207afa7e6 to 0x000001a207afa88a
Event: 52.901 Thread 0x000001a27d264880 Exception <a 'java/lang/NoSuchMethodError'{0x00000000ea24df90}: 'int java.lang.invoke.DirectMethodHandle$Holder.invokeStatic(java.lang.Object, java.lang.Object, java.lang.Object, java.lang.Object)'> (0x00000000ea24df90) 
thrown [s\src\hotspot\share\interpreter\linkResolver.cpp, line 773]
Event: 53.726 Thread 0x000001a27d264880 Exception <a 'java/lang/NoSuchMethodError'{0x00000000ea024d78}: 'java.lang.Object java.lang.invoke.DelegatingMethodHandle$Holder.reinvoke_L(java.lang.Object, java.lang.Object, java.lang.Object, java.lang.Object, java.lang.Object, java.lang.Object, java.lang.Object, java.lang.Object, java.lang.Object, java.lang.Object, java.lang.Object, java.lang.Object, java.lang.Object, java.lang.Object, java.lang.Object, java.lang.Object, java.lang.Object, java.lang.Object, java.lang.Object, java.lang.Object, java.lang.O
Event: 54.029 Thread 0x000001a27d264880 Exception <a 'java/lang/NoSuchMethodError'{0x00000000ea091c08}: 'java.lang.Object java.lang.invoke.DirectMethodHandle$Holder.invokeStatic(java.lang.Object, java.lang.Object, java.lang.Object, java.lang.Object, java.lang.Object, java.lang.Object, java.lang.Object, java.lang.Object, java.lang.Object, java.lang.Object, java.lang.Object, java.lang.Object, java.lang.Object, java.lang.Object, java.lang.Object, java.lang.Object, java.lang.Object)'> (0x00000000ea091c08) 
thrown [s\src\hotspot\share\interpreter\lin
Event: 54.099 Thread 0x000001a27d264880 Exception <a 'java/lang/NoSuchMethodError'{0x00000000ea0ba568}: 'java.lang.Object java.lang.invoke.DirectMethodHandle$Holder.invokeStatic(java.lang.Object, java.lang.Object, java.lang.Object, java.lang.Object, java.lang.Object, java.lang.Object, java.lang.Object, java.lang.Object, java.lang.Object, java.lang.Object, java.lang.Object, java.lang.Object, java.lang.Object, java.lang.Object, java.lang.Object, java.lang.Object, java.lang.Object, java.lang.Object)'> (0x00000000ea0ba568) 
thrown [s\src\hotspot\sha
Event: 54.119 Thread 0x000001a27d264880 Exception <a 'java/lang/NoSuchMethodError'{0x00000000ea0e41d0}: 'java.lang.Object java.lang.invoke.DirectMethodHandle$Holder.invokeStatic(java.lang.Object, java.lang.Object, java.lang.Object, java.lang.Object, java.lang.Object, java.lang.Object, java.lang.Object, java.lang.Object, java.lang.Object, java.lang.Object, java.lang.Object, java.lang.Object, java.lang.Object, java.lang.Object, java.lang.Object, java.lang.Object, java.lang.Object, java.lang.Object, java.lang.Object)'> (0x00000000ea0e41d0) 
thrown 
Event: 54.121 Thread 0x000001a27d264880 Exception <a 'java/lang/NoSuchMethodError'{0x00000000e9f0f4c0}: 'java.lang.Object java.lang.invoke.DirectMethodHandle$Holder.invokeStatic(java.lang.Object, java.lang.Object, java.lang.Object, java.lang.Object, java.lang.Object, java.lang.Object, java.lang.Object, java.lang.Object, java.lang.Object, java.lang.Object, java.lang.Object, java.lang.Object, java.lang.Object, java.lang.Object, java.lang.Object, java.lang.Object, java.lang.Object, java.lang.Object, java.lang.Object, java.lang.Object)'> (0x00000000
Event: 54.124 Thread 0x000001a27d264880 Exception <a 'java/lang/NoSuchMethodError'{0x00000000e9f3b700}: 'java.lang.Object java.lang.invoke.DirectMethodHandle$Holder.invokeStatic(java.lang.Object, java.lang.Object, java.lang.Object, java.lang.Object, java.lang.Object, java.lang.Object, java.lang.Object, java.lang.Object, java.lang.Object, java.lang.Object, java.lang.Object, java.lang.Object, java.lang.Object, java.lang.Object, java.lang.Object, java.lang.Object, java.lang.Object, java.lang.Object, java.lang.Object, java.lang.Object, java.lang.Obj
Event: 54.196 Thread 0x000001a27d264880 Exception <a 'java/lang/NoSuchMethodError'{0x00000000e9f689f0}: 'java.lang.Object java.lang.invoke.DirectMethodHandle$Holder.invokeStatic(java.lang.Object, java.lang.Object, java.lang.Object, java.lang.Object, java.lang.Object, java.lang.Object, java.lang.Object, java.lang.Object, java.lang.Object, java.lang.Object, java.lang.Object, java.lang.Object, java.lang.Object, java.lang.Object, java.lang.Object, java.lang.Object, java.lang.Object, java.lang.Object, java.lang.Object, java.lang.Object, java.lang.Obj
Event: 54.214 Thread 0x000001a27d264880 Exception <a 'java/lang/NoSuchMethodError'{0x00000000e9f96a30}: 'java.lang.Object java.lang.invoke.DirectMethodHandle$Holder.invokeStatic(java.lang.Object, java.lang.Object, java.lang.Object, java.lang.Object, java.lang.Object, java.lang.Object, java.lang.Object, java.lang.Object, java.lang.Object, java.lang.Object, java.lang.Object, java.lang.Object, java.lang.Object, java.lang.Object, java.lang.Object, java.lang.Object, java.lang.Object, java.lang.Object, java.lang.Object, java.lang.Object, java.lang.Obj
Event: 54.228 Thread 0x000001a27d264880 Exception <a 'java/lang/NoSuchMethodError'{0x00000000e9fc5730}: 'java.lang.Object java.lang.invoke.DirectMethodHandle$Holder.invokeStatic(java.lang.Object, java.lang.Object, java.lang.Object, java.lang.Object, java.lang.Object, java.lang.Object, java.lang.Object, java.lang.Object, java.lang.Object, java.lang.Object, java.lang.Object, java.lang.Object, java.lang.Object, java.lang.Object, java.lang.Object, java.lang.Object, java.lang.Object, java.lang.Object, java.lang.Object, java.lang.Object, java.lang.Obj
Event: 54.237 Thread 0x000001a27d264880 Exception <a 'java/lang/NoSuchMethodError'{0x00000000e9ff4fb0}: 'java.lang.Object java.lang.invoke.DirectMethodHandle$Holder.invokeStatic(java.lang.Object, java.lang.Object, java.lang.Object, java.lang.Object, java.lang.Object, java.lang.Object, java.lang.Object, java.lang.Object, java.lang.Object, java.lang.Object, java.lang.Object, java.lang.Object, java.lang.Object, java.lang.Object, java.lang.Object, java.lang.Object, java.lang.Object, java.lang.Object, java.lang.Object, java.lang.Object, java.lang.Obj
Event: 54.276 Thread 0x000001a27d264880 Exception <a 'java/lang/NoSuchMethodError'{0x00000000e9e263e8}: 'java.lang.Object java.lang.invoke.DirectMethodHandle$Holder.invokeStatic(java.lang.Object, java.lang.Object, java.lang.Object, java.lang.Object, java.lang.Object, java.lang.Object, java.lang.Object, java.lang.Object, java.lang.Object, java.lang.Object, java.lang.Object, java.lang.Object, java.lang.Object, java.lang.Object, java.lang.Object, java.lang.Object, java.lang.Object, java.lang.Object, java.lang.Object, java.lang.Object, java.lang.Obj
Event: 54.465 Thread 0x000001a27d264880 Implicit null exception at 0x000001a207b5473d to 0x000001a207b54bbc

ZGC Phase Switch (0 events):
No events

VM Operations (20 events):
Event: 45.831 Executing safepoint VM operation: Cleanup
Event: 45.831 Executing safepoint VM operation: Cleanup done
Event: 46.835 Executing safepoint VM operation: Cleanup
Event: 47.535 Executing safepoint VM operation: Cleanup done
Event: 48.536 Executing safepoint VM operation: Cleanup
Event: 48.552 Executing safepoint VM operation: Cleanup done
Event: 50.555 Executing safepoint VM operation: Cleanup
Event: 50.570 Executing safepoint VM operation: Cleanup done
Event: 51.584 Executing safepoint VM operation: Cleanup
Event: 51.615 Executing safepoint VM operation: Cleanup done
Event: 52.619 Executing safepoint VM operation: Cleanup
Event: 52.634 Executing safepoint VM operation: Cleanup done
Event: 53.636 Executing safepoint VM operation: Cleanup
Event: 53.651 Executing safepoint VM operation: Cleanup done
Event: 54.355 Executing non-safepoint VM operation: HandshakeAllThreads (Deoptimize)
Event: 54.355 Executing non-safepoint VM operation: HandshakeAllThreads (Deoptimize) done
Event: 54.356 Executing non-safepoint VM operation: HandshakeAllThreads (Deoptimize)
Event: 54.356 Executing non-safepoint VM operation: HandshakeAllThreads (Deoptimize) done
Event: 55.353 Executing safepoint VM operation: Cleanup
Event: 56.294 Executing safepoint VM operation: Cleanup done

Memory protections (0 events):
No events

Nmethod flushes (0 events):
No events

Events (20 events):
Event: 0.181 Thread 0x000001a270ebf4e0 Thread added: 0x000001a27787ac50
Event: 0.181 Thread 0x000001a270ebf4e0 Thread added: 0x000001a27787b6b0
Event: 0.183 Thread 0x000001a270ebf4e0 Thread added: 0x000001a277886ba0
Event: 0.184 Thread 0x000001a270ebf4e0 Thread added: 0x000001a27788e130
Event: 0.378 Thread 0x000001a270ebf4e0 Thread added: 0x000001a277afa510
Event: 0.469 Thread 0x000001a270ebf4e0 Thread added: 0x000001a277b302f0
Event: 26.734 Thread 0x000001a270ebf4e0 Thread added: 0x000001a27d02e2e0
Event: 30.006 Thread 0x000001a270ebf4e0 Thread added: 0x000001a27cb6d1e0
Event: 36.671 Thread 0x000001a270ebf4e0 Thread added: 0x000001a277940220
Event: 37.781 Thread 0x000001a27cb6d1e0 Thread added: 0x000001a27c6c0c60
Event: 37.884 Thread 0x000001a27c6c0c60 Thread added: 0x000001a27c6c12d0
Event: 38.367 Thread 0x000001a27c6c0c60 Thread added: 0x000001a27cb2dda0
Event: 38.521 Thread 0x000001a27c6c0c60 Thread added: 0x000001a27d264880
Event: 38.664 Thread 0x000001a27d264880 Thread added: 0x000001a27d265c30
Event: 38.708 Thread 0x000001a27d264880 Thread added: 0x000001a27d2641f0
Event: 38.737 Thread 0x000001a27d264880 Thread added: 0x000001a27d266fe0
Event: 44.842 Thread 0x000001a27d264880 Thread added: 0x000001a27d2662c0
Event: 45.009 Thread 0x000001a27d264880 Thread added: 0x000001a27d2655a0
Event: 45.446 Thread 0x000001a27d2655a0 Thread added: 0x000001a27d264f10
Event: 45.667 Thread 0x000001a27d264880 Thread added: 0x000001a27d263b60


Dynamic libraries:
0x00007ff6ef0b0000 - 0x00007ff6ef0be000 	C:\Users\USER\.vscode\extensions\redhat.java-1.55.0-win32-x64\jre\21.0.11-win32-x86_64\bin\java.exe
0x00007ffa60140000 - 0x00007ffa603a6000 	C:\WINDOWS\SYSTEM32\ntdll.dll
0x00007ffa5f100000 - 0x00007ffa5f1c9000 	C:\WINDOWS\System32\KERNEL32.DLL
0x00007ffa5d5b0000 - 0x00007ffa5d9aa000 	C:\WINDOWS\System32\KERNELBASE.dll
0x00007ffa5d460000 - 0x00007ffa5d5ac000 	C:\WINDOWS\System32\ucrtbase.dll
0x00007ffa495b0000 - 0x00007ffa495c8000 	C:\Users\USER\.vscode\extensions\redhat.java-1.55.0-win32-x64\jre\21.0.11-win32-x86_64\bin\jli.dll
0x00007ffa5fea0000 - 0x00007ffa60067000 	C:\WINDOWS\System32\USER32.dll
0x00007ffa5de80000 - 0x00007ffa5dea7000 	C:\WINDOWS\System32\win32u.dll
0x00007ffa5f280000 - 0x00007ffa5f2ab000 	C:\WINDOWS\System32\GDI32.dll
0x00007ffa5dc90000 - 0x00007ffa5ddbb000 	C:\WINDOWS\System32\gdi32full.dll
0x00007ffa5dbe0000 - 0x00007ffa5dc83000 	C:\WINDOWS\System32\msvcp_win.dll
0x00007ffa495d0000 - 0x00007ffa495ee000 	C:\Users\USER\.vscode\extensions\redhat.java-1.55.0-win32-x64\jre\21.0.11-win32-x86_64\bin\VCRUNTIME140.dll
0x00007ffa3f680000 - 0x00007ffa3f912000 	C:\WINDOWS\WinSxS\amd64_microsoft.windows.common-controls_6595b64144ccf1df_6.0.26100.8521_none_3e08b75ce33403b3\COMCTL32.dll
0x00007ffa5deb0000 - 0x00007ffa5df59000 	C:\WINDOWS\System32\msvcrt.dll
0x00007ffa5fc60000 - 0x00007ffa5fc92000 	C:\WINDOWS\System32\IMM32.DLL
0x00007ffa495a0000 - 0x00007ffa495ac000 	C:\Users\USER\.vscode\extensions\redhat.java-1.55.0-win32-x64\jre\21.0.11-win32-x86_64\bin\vcruntime140_1.dll
0x00007ff9c4810000 - 0x00007ff9c489d000 	C:\Users\USER\.vscode\extensions\redhat.java-1.55.0-win32-x64\jre\21.0.11-win32-x86_64\bin\msvcp140.dll
0x00007ff959c50000 - 0x00007ff95a9f2000 	C:\Users\USER\.vscode\extensions\redhat.java-1.55.0-win32-x64\jre\21.0.11-win32-x86_64\bin\server\jvm.dll
0x00007ffa5fba0000 - 0x00007ffa5fc56000 	C:\WINDOWS\System32\ADVAPI32.dll
0x00007ffa5f1d0000 - 0x00007ffa5f27a000 	C:\WINDOWS\System32\sechost.dll
0x00007ffa5ed80000 - 0x00007ffa5ee98000 	C:\WINDOWS\System32\RPCRT4.dll
0x00007ffa60070000 - 0x00007ffa600f0000 	C:\WINDOWS\System32\WS2_32.dll
0x00007ffa5d230000 - 0x00007ffa5d28e000 	C:\WINDOWS\SYSTEM32\POWRPROF.dll
0x00007ffa54dd0000 - 0x00007ffa54e06000 	C:\WINDOWS\SYSTEM32\WINMM.dll
0x00007ffa4bf90000 - 0x00007ffa4bf9b000 	C:\WINDOWS\SYSTEM32\VERSION.dll
0x00007ffa5d210000 - 0x00007ffa5d224000 	C:\WINDOWS\SYSTEM32\UMPDC.dll
0x00007ffa5c160000 - 0x00007ffa5c17b000 	C:\WINDOWS\SYSTEM32\kernel.appcore.dll
0x00007ffa49570000 - 0x00007ffa4957a000 	C:\Users\USER\.vscode\extensions\redhat.java-1.55.0-win32-x64\jre\21.0.11-win32-x86_64\bin\jimage.dll
0x00007ffa40390000 - 0x00007ffa405d2000 	C:\WINDOWS\SYSTEM32\DBGHELP.DLL
0x00007ffa5e1e0000 - 0x00007ffa5e563000 	C:\WINDOWS\System32\combase.dll
0x00007ffa5e040000 - 0x00007ffa5e119000 	C:\WINDOWS\System32\OLEAUT32.dll
0x00007ffa36930000 - 0x00007ffa3696b000 	C:\WINDOWS\SYSTEM32\dbgcore.DLL
0x00007ffa5d9b0000 - 0x00007ffa5da58000 	C:\WINDOWS\System32\bcryptPrimitives.dll
0x00007ffa49560000 - 0x00007ffa4956f000 	C:\Users\USER\.vscode\extensions\redhat.java-1.55.0-win32-x64\jre\21.0.11-win32-x86_64\bin\instrument.dll
0x00007ffa49540000 - 0x00007ffa49560000 	C:\Users\USER\.vscode\extensions\redhat.java-1.55.0-win32-x64\jre\21.0.11-win32-x86_64\bin\java.dll
0x00007ffa5f390000 - 0x00007ffa5fb14000 	C:\WINDOWS\System32\SHELL32.dll
0x00007ffa5afb0000 - 0x00007ffa5b830000 	C:\WINDOWS\SYSTEM32\windows.storage.dll
0x00007ffa5e7f0000 - 0x00007ffa5e8e6000 	C:\WINDOWS\System32\SHCORE.dll
0x00007ffa5fb20000 - 0x00007ffa5fb87000 	C:\WINDOWS\System32\shlwapi.dll
0x00007ffa5d2f0000 - 0x00007ffa5d319000 	C:\WINDOWS\SYSTEM32\profapi.dll
0x00007ffa494f0000 - 0x00007ffa49508000 	C:\Users\USER\.vscode\extensions\redhat.java-1.55.0-win32-x64\jre\21.0.11-win32-x86_64\bin\zip.dll
0x00007ffa494e0000 - 0x00007ffa494f0000 	C:\Users\USER\.vscode\extensions\redhat.java-1.55.0-win32-x64\jre\21.0.11-win32-x86_64\bin\net.dll
0x00007ffa4f1b0000 - 0x00007ffa4f2d9000 	C:\WINDOWS\SYSTEM32\WINHTTP.dll
0x00007ffa5c6d0000 - 0x00007ffa5c73c000 	C:\WINDOWS\system32\mswsock.dll
0x00007ffa28e00000 - 0x00007ffa28e16000 	C:\Users\USER\.vscode\extensions\redhat.java-1.55.0-win32-x64\jre\21.0.11-win32-x86_64\bin\nio.dll
0x00007ffa3e450000 - 0x00007ffa3e460000 	C:\Users\USER\.vscode\extensions\redhat.java-1.55.0-win32-x64\jre\21.0.11-win32-x86_64\bin\verify.dll
0x00007ffa29300000 - 0x00007ffa29327000 	C:\Users\USER\.gradle\native\c067742578af261105cb4f569cf0c3c89f3d7b1fecec35dd04571415982c5e48\windows-amd64\native-platform.dll
0x00007ffa1ee80000 - 0x00007ffa1efc4000 	C:\Users\USER\.gradle\native\100fb08df4bc3b14c8652ba06237920a3bd2aa13389f12d3474272988ae205f9\windows-amd64\native-platform-file-events.dll
0x00007ffa1c2a0000 - 0x00007ffa1c2aa000 	C:\Users\USER\.vscode\extensions\redhat.java-1.55.0-win32-x64\jre\21.0.11-win32-x86_64\bin\management.dll
0x00007ff9e2e10000 - 0x00007ff9e2e1c000 	C:\Users\USER\.vscode\extensions\redhat.java-1.55.0-win32-x64\jre\21.0.11-win32-x86_64\bin\management_ext.dll
0x00007ffa5e030000 - 0x00007ffa5e038000 	C:\WINDOWS\System32\PSAPI.DLL
0x00007ffa5c9b0000 - 0x00007ffa5c9cb000 	C:\WINDOWS\SYSTEM32\CRYPTSP.dll
0x00007ffa5c0c0000 - 0x00007ffa5c0f9000 	C:\WINDOWS\system32\rsaenh.dll
0x00007ffa5c780000 - 0x00007ffa5c7b3000 	C:\WINDOWS\SYSTEM32\USERENV.dll
0x00007ffa5d2c0000 - 0x00007ffa5d2ea000 	C:\WINDOWS\SYSTEM32\bcrypt.dll
0x00007ffa5c9d0000 - 0x00007ffa5c9dc000 	C:\WINDOWS\SYSTEM32\CRYPTBASE.dll
0x00007ffa5bb00000 - 0x00007ffa5bb33000 	C:\WINDOWS\SYSTEM32\IPHLPAPI.DLL
0x00007ffa5e570000 - 0x00007ffa5e57a000 	C:\WINDOWS\System32\NSI.dll
0x00007ff9e2490000 - 0x00007ff9e2499000 	C:\Users\USER\.vscode\extensions\redhat.java-1.55.0-win32-x64\jre\21.0.11-win32-x86_64\bin\extnet.dll
0x00007ff9e3140000 - 0x00007ff9e314e000 	C:\Users\USER\.vscode\extensions\redhat.java-1.55.0-win32-x64\jre\21.0.11-win32-x86_64\bin\sunmscapi.dll
0x00007ffa5da60000 - 0x00007ffa5dbd8000 	C:\WINDOWS\System32\CRYPT32.dll
0x00007ffa5cbd0000 - 0x00007ffa5cc00000 	C:\WINDOWS\SYSTEM32\ncrypt.dll
0x00007ffa5cb80000 - 0x00007ffa5cbbf000 	C:\WINDOWS\SYSTEM32\NTASN1.dll
0x00007ffa31770000 - 0x00007ffa31778000 	C:\WINDOWS\system32\wshunix.dll

JVMTI agents:
C:\Users\USER\.gradle\wrapper\dists\gradle-8.9-bin\90cnw93cvbtalezasaz0blq0a\gradle-8.9\lib\agents\gradle-instrumentation-agent-8.9.jar path:C:\Users\USER\.vscode\extensions\redhat.java-1.55.0-win32-x64\jre\21.0.11-win32-x86_64\bin\instrument.dll, loaded, initialized, instrumentlib options:none

dbghelp: loaded successfully - version: 4.0.5 - missing functions: none
symbol engine: initialized successfully - sym options: 0x614 - pdb path: .;C:\Users\USER\.vscode\extensions\redhat.java-1.55.0-win32-x64\jre\21.0.11-win32-x86_64\bin;C:\WINDOWS\SYSTEM32;C:\WINDOWS\WinSxS\amd64_microsoft.windows.common-controls_6595b64144ccf1df_6.0.26100.8521_none_3e08b75ce33403b3;C:\Users\USER\.vscode\extensions\redhat.java-1.55.0-win32-x64\jre\21.0.11-win32-x86_64\bin\server;C:\Users\USER\.gradle\native\c067742578af261105cb4f569cf0c3c89f3d7b1fecec35dd04571415982c5e48\windows-amd64;C:\Users\USER\.gradle\native\100fb08df4bc3b14c8652ba06237920a3bd2aa13389f12d3474272988ae205f9\windows-amd64

VM Arguments:
jvm_args: --add-opens=java.base/java.util=ALL-UNNAMED --add-opens=java.base/java.lang=ALL-UNNAMED --add-opens=java.base/java.lang.invoke=ALL-UNNAMED --add-opens=java.prefs/java.util.prefs=ALL-UNNAMED --add-exports=jdk.compiler/com.sun.tools.javac.api=ALL-UNNAMED --add-exports=jdk.compiler/com.sun.tools.javac.util=ALL-UNNAMED --add-opens=java.base/java.nio.charset=ALL-UNNAMED --add-opens=java.base/java.net=ALL-UNNAMED --add-opens=java.base/java.util.concurrent.atomic=ALL-UNNAMED -XX:MaxMetaspaceSize=384m -XX:+HeapDumpOnOutOfMemoryError -Xms256m -Xmx512m -Dfile.encoding=utf8 -Duser.country=ZW -Duser.language=en -Duser.variant -javaagent:C:\Users\USER\.gradle\wrapper\dists\gradle-8.9-bin\90cnw93cvbtalezasaz0blq0a\gradle-8.9\lib\agents\gradle-instrumentation-agent-8.9.jar 
java_command: org.gradle.launcher.daemon.bootstrap.GradleDaemon 8.9
java_class_path (initial): C:\Users\USER\.gradle\wrapper\dists\gradle-8.9-bin\90cnw93cvbtalezasaz0blq0a\gradle-8.9\lib\gradle-daemon-main-8.9.jar
Launcher Type: SUN_STANDARD

[Global flags]
     intx CICompilerCount                          = 4                                         {product} {ergonomic}
   size_t CompressedClassSpaceSize                 = 335544320                                 {product} {ergonomic}
     uint ConcGCThreads                            = 2                                         {product} {ergonomic}
     uint G1ConcRefinementThreads                  = 8                                         {product} {ergonomic}
   size_t G1HeapRegionSize                         = 1048576                                   {product} {ergonomic}
    uintx GCDrainStackTargetSize                   = 64                                        {product} {ergonomic}
     bool HeapDumpOnOutOfMemoryError               = true                                   {manageable} {command line}
   size_t InitialHeapSize                          = 268435456                                 {product} {command line}
   size_t MarkStackSize                            = 4194304                                   {product} {ergonomic}
   size_t MaxHeapSize                              = 536870912                                 {product} {command line}
   size_t MaxMetaspaceSize                         = 402653184                                 {product} {command line}
   size_t MaxNewSize                               = 321912832                                 {product} {ergonomic}
   size_t MinHeapDeltaBytes                        = 1048576                                   {product} {ergonomic}
   size_t MinHeapSize                              = 268435456                                 {product} {command line}
    uintx NonNMethodCodeHeapSize                   = 5839372                                {pd product} {ergonomic}
    uintx NonProfiledCodeHeapSize                  = 122909434                              {pd product} {ergonomic}
    uintx ProfiledCodeHeapSize                     = 122909434                              {pd product} {ergonomic}
    uintx ReservedCodeCacheSize                    = 251658240                              {pd product} {ergonomic}
     bool SegmentedCodeCache                       = true                                      {product} {ergonomic}
   size_t SoftMaxHeapSize                          = 536870912                              {manageable} {ergonomic}
     bool UseCompressedOops                        = true                           {product lp64_product} {ergonomic}
     bool UseG1GC                                  = true                                      {product} {ergonomic}
     bool UseLargePagesIndividualAllocation        = false                                  {pd product} {ergonomic}

Logging:
Log output configuration:
 #0: stdout all=warning uptime,level,tags foldmultilines=false
 #1: stderr all=off uptime,level,tags foldmultilines=false

Release file:
JAVA_VERSION="21.0.11" 
MODULES="java.base java.compiler java.datatransfer java.xml java.prefs java.desktop java.instrument java.logging java.management java.security.sasl java.naming java.rmi java.management.rmi java.net.http java.scripting java.security.jgss java.transaction.xa java.sql java.sql.rowset java.xml.crypto java.se java.smartcardio jdk.accessibility jdk.internal.jvmstat jdk.attach jdk.charsets jdk.internal.opt jdk.zipfs jdk.compiler jdk.crypto.ec jdk.crypto.cryptoki jdk.crypto.mscapi jdk.dynalink jdk.internal.ed jdk.editpad jdk.hotspot.agent jdk.httpserver jdk.internal.le jdk.internal.vm.ci jdk.internal.vm.compiler jdk.internal.vm.compiler.management jdk.jartool jdk.javadoc jdk.jcmd jdk.management jdk.management.agent jdk.jconsole jdk.jdeps jdk.jdwp.agent jdk.jdi jdk.jfr jdk.jshell jdk.jsobject jdk.jstatd jdk.localedata jdk.management.jfr jdk.naming.dns jdk.naming.rmi jdk.net jdk.nio.mapmode jdk.random jdk.sctp jdk.security.auth jdk.security.jgss jdk.unsupported jdk.unsupported.desktop jdk.xml.dom" 

Environment Variables:
JAVA_HOME=C:\Program Files\Android\Android Studio\jbr
PATH=C:\Program Files\Eclipse Adoptium\jdk-17.0.19.10-hotspot\bin;C:\Program Files (x86)\Common Files\Intel\Shared Libraries\redist\intel64\compiler;C:\Program Files\Eclipse Adoptium\jdk-25.0.0.36-hotspot\bin;C:\Program Files (x86)\Common Files\Intel\Shared Files\cpp\bin\Intel64;C:\WINDOWS\system32;C:\WINDOWS;C:\WINDOWS\System32\Wbem;C:\WINDOWS\System32\WindowsPowerShell\v1.0\;C:\WINDOWS\System32\OpenSSH\;C:\ProgramData\chocolatey\bin;C:\Program Files\nodejs\;C:\Program Files\Git\cmd;C:\Users\USER\AppData\Local\Programs\Python\Python313\Scripts\;C:\Users\USER\AppData\Local\Programs\Python\Python313\;C:\Users\USER\AppData\Local\Microsoft\WindowsApps;C:\Users\USER\AppData\Local\Programs\Microsoft VS Code\bin;C:\Users\USER\AppData\Local\GitHubDesktop\bin;C:\Users\USER\AppData\Roaming\npm;C:\Users\USER\AppData\Local\Programs\mongosh\;
USERNAME=USER
OS=Windows_NT
PROCESSOR_IDENTIFIER=Intel64 Family 6 Model 186 Stepping 3, GenuineIntel
TMP=C:\Users\USER\AppData\Local\Temp
TEMP=C:\Users\USER\AppData\Local\Temp




Periodic native trim disabled

---------------  S Y S T E M  ---------------

OS:
 Windows 11 , 64 bit Build 26100 (10.0.26100.8521)
OS uptime: 0 days 1:05 hours

CPU: total 8 (initial active 8) (8 cores per cpu, 1 threads per core) family 6 model 186 stepping 3 microcode 0x6134, cx8, cmov, fxsr, mmx, 3dnowpref, sse, sse2, sse3, ssse3, sse4.1, sse4.2, popcnt, lzcnt, tsc, tscinvbit, avx, avx2, aes, erms, clmul, bmi1, bmi2, adx, sha, fma, vzeroupper, clflush, clflushopt, clwb, serialize, rdtscp, rdpid, fsrm, f16c, pku, cet_ibt, cet_ss
Processor Information for the first 8 processors :
  Max Mhz: 1200, Current Mhz: 1200, Mhz Limit: 1200

Memory: 4k page, system-wide physical 7835M (581M free)
TotalPageFile size 31387M (AvailPageFile size 1142M)
current process WorkingSet (physical memory assigned to process): 93M, peak: 122M
current process commit charge ("private bytes"): 392M, peak: 412M

vm_info: OpenJDK 64-Bit Server VM (21.0.11+10-LTS) for windows-amd64 JRE (21.0.11+10-LTS), built on 2026-04-21T00:00:00Z by "admin" with MS VC++ 17.12 (VS2022)

END.
